LL 384 480
224 191 179 173 165 155 157 156 160 164 153 146 144 141 138 135 132 132 126 128 128 127 127 128 125 124 120 122 128 124 131 126 125 124 127 124 125 121 120 122 122 120 118 119 119 117 120 117 117 117 121 121 118 116 116 113 114 118 116 118 118 121 117 118 120 116 119 120 109 117 117 115 117 123 120 112 112 113 109 109 113 116 119 117 116 107 115 109 112 112 112 110 105 99 102 104 99 96 93 96 94 96 91 92 87 83 77 77 69 63 63 60 60 53 51 49 45 49 62 58 61 64 62 73 81 80 88 92 99 101 97 96 93 95 99 101 107 110 106 103 102 102 106 110 111 113 107 110 112 115 114 113 114 117 115 114 112 111 110 108 109 108 109 106 109 108 104 102 100 100 101 102 95 93 94 97 103 85 82 74 76 73 77 74 75 80 79 75 69 70 72 70 70 75 80 73 79 75 76 73 69 76 71 75 71 67 70 71 71 74 62 64 66 70 69 70 72 71 59 54 47 54 49 51 52 52 51 51 44 47 46 49 45 47 41 48 50 42 49 45 41 43 42 39 48 45 47 54 43 43 40 42 34 38 40 45 41 42 38 39 39 32 37 37 41 38 45 37 39 37 39 40 42 37 40 36 37 34 41 42 43 46 42 45 37 43 42 36 42 32 41 33 45 38 40 42 33 39 30 42 39 38 42 35 30 30 34 37 42 45 46 44 40 40 41 45 44 42 36 41 43 41 47 38 39 41 40 38 41 38 34 37 31 32 29 32 33 34 35 39 37 35 38 44 36 42 41 44 37 41 51 43 48 49 45 46 42 47 46 41 41 41 35 37 38 39 38 33 37 30 36 33 25 30 31 29 31 34 32 32 32 30 33 27 29 32 39 32 30 33 28 35 33 39 39 44 36 26 28 20 27 28 27 40 36 37 26 30 34 31 27 23 23 26 24 25 26 29 33 38 43 42 44 34 28 28 29 31 27 26 26 27 27 28 24 28 30 28 26 27 30 25 23 20 24 26 24 27 21 17 27 22 16 23 26 26 28 22 23 22 23 24 20 24 31 31 29 30 27 24 22 26 24 20 16 30 24 34 39 46
227 211 181 176 154 140 152 155 169 159 149 144 137 139 139 134 130 128 125 131 129 127 130 127 129 128 127 124 131 126 125 126 125 122 123 122 122 120 119 120 120 119 121 116 118 117 121 117 118 114 115 118 116 112 117 116 115 116 115 116 119 120 119 123 122 123 122 121 113 116 119 119 122 123 123 115 113 116 114 113 114 120 122 120 118 113 110 113 114 112 114 109 101 97 99 107 101 91 97 101 99 98 92 86 85 91 91 85 73 63 58 58 55 52 47 53 58 54 43 41 45 53 44 56 60 52 53 69 80 84 89 81 80 81 82 87 99 107 104 101 100 99 102 106 110 109 109 109 109 109 111 111 112 109 112 115 109 110 110 104 111 112 109 108 107 107 105 102 101 99 99 98 97 93 91 92 90 80 80 72 74 79 79 73 78 74 81 74 71 70 65 64 62 60 61 64 62 72 69 67 65 71 67 68 66 65 60 68 59 65 56 49 57 52 50 54 58 57 54 49 45 47 43 47 46 43 36 38 35 37 36 34 30 33 35 42 44 39 35 33 32 35 35 33 35 36 30 31 32 34 30 31 27 33 40 33 33 41 36 35 34 31 29 37 34 34 34 32 37 40 39 37 37 32 32 28 30 29 32 37 37 35 39 35 35 33 31 30 31 27 29 32 28 34 28 33 33 32 30 29 32 32 29 22 27 25 31 32 29 27 31 33 35 28 30 36 39 39 38 41 36 33 36 36 34 32 33 32 34 27 30 30 28 24 25 24 27 30 32 29 27 32 34 35 31 39 38 35 34 36 45 46 45 47 44 46 40 47 45 42 41 42 43 41 42 42 38 36 36 33 34 29 23 24 25 26 31 25 29 28 26 25 25 26 31 27 31 25 21 24 28 25 25 32 32 25 24 22 24 16 24 24 20 25 34 39 28 20 23 24 16 22 21 22 23 20 25 23 26 35 39 36 33 28 25 25 28 23 23 22 20 23 22 23 24 24 23 20 22 21 21 21 22 20 20 19 17 12 14 13 14 15 16 16 19 20 18 20 18 21 20 18 22 20 22 21 21 24 25 27 27 21 23 23 24 23 22 23 28 22
223 219 205 180 155 144 150 154 163 160 148 142 140 147 145 141 139 136 130 128 133 133 130 128 131 129 125 128 135 135 133 131 128 125 124 124 125 125 125 125 122 119 122 122 120 121 123 121 120 111 117 116 117 119 119 118 117 117 117 119 118 121 122 122 123 126 126 124 118 121 124 124 130 129 132 124 116 119 115 114 117 122 121 120 115 114 113 113 114 112 113 107 107 105 104 105 102 92 99 103 105 105 95 95 96 95 97 97 86 64 63 67 59 56 56 52 42 39 39 40 40 42 43 47 46 51 47 51 49 56 67 61 61 63 63 68 91 94 93 89 93 99 95 102 107 105 106 105 105 106 108 109 109 110 114 113 110 108 110 108 107 113 108 106 108 107 107 102 103 104 109 102 101 98 94 91 89 86 76 73 76 84 82 78 81 78 77 75 75 69 64 68 68 64 65 59 60 63 61 60 56 54 55 63 57 59 60 59 59 55 55 53 50 43 44 51 48 52 53 53 46 47 43 44 47 43 44 40 28 32 37 32 35 31 31 37 40 35 40 39 30 35 36 36 37 38 30 33 27 30 37 34 32 35 34 33 35 38 34 34 34 28 30 35 31 31 36 35 32 34 34 35 34 33 36 29 31 30 31 31 32 29 37 33 27 29 32 34 29 26 28 28 29 30 31 34 32 31 28 31 33 35 31 24 31 26 33 38 26 28 30 30 32 35 31 36 39 35 34 40 33 37 34 46 41 34 35 37 36 36 34 31 28 30 28 33 30 28 30 25 26 31 32 38 35 36 34 30 30 36 39 40 39 41 46 46 45 49 50 45 42 45 42 43 45 44 38 35 38 36 32 32 26 23 26 27 26 26 25 24 24 22 24 21 24 29 28 27 27 25 24 24 27 31 26 24 22 20 23 19 20 20 20 21 27 30 33 33 26 27 22 22 18 19 24 23 24 32 31 30 37 28 34 34 29 24 26 25 24 18 21 15 19 20 24 21 18 22 19 17 20 21 23 22 17 21 17 15 15 16 17 13 11 13 17 15 21 23 20 21 19 18 21 26 26 24 25 27 26 25 21 25 26 26 29 30 25 30 26 19
224 219 213 192 170 148 153 152 161 154 152 150 148 156 146 143 141 139 136 135 132 132 133 129 131 126 129 130 131 130 132 128 127 125 123 125 125 128 128 127 121 121 122 126 128 124 121 118 122 119 123 121 121 120 126 126 124 121 121 123 122 122 123 124 122 124 129 127 126 126 126 132 135 136 135 126 117 119 117 118 117 120 118 121 118 116 111 115 114 114 113 110 108 105 106 104 104 101 100 103 104 107 106 106 104 101 104 104 98 83 74 66 60 59 62 58 41 39 43 39 44 39 45 43 36 38 35 41 35 37 41 41 42 42 44 44 66 79 74 76 78 86 93 97 98 98 99 102 100 104 105 106 105 110 110 108 110 108 111 106 108 109 108 109 108 108 110 105 103 105 104 104 103 105 101 93 90 93 84 81 81 82 80 82 80 77 73 77 76 69 65 62 67 63 63 64 61 61 58 61 60 53 54 60 58 59 58 55 56 49 54 50 55 48 48 49 45 47 56 55 47 47 44 45 38 42 41 35 31 27 32 30 30 32 31 36 36 30 35 33 31 35 34 32 30 27 38 33 30 26 31 37 33 32 32 35 36 37 39 36 35 32 31 36 36 35 35 29 33 34 35 33 36 30 38 32 32 33 37 32 33 29 31 31 31 29 28 31 28 26 25 32 28 27 33 30 29 28 31 29 27 31 32 24 24 23 25 28 25 29 27 30 30 36 36 39 42 41 35 39 38 36 36 42 45 44 43 42 42 41 40 39 35 35 29 31 31 31 31 27 25 28 28 33 33 32 33 31 35 41 36 35 40 45 40 41 48 49 55 45 45 43 45 45 39 40 38 33 33 37 32 32 26 23 26 25 25 25 25 24 22 23 23 27 21 25 26 26 23 18 21 22 26 24 27 28 22 21 30 24 23 20 20 18 25 19 23 26 23 26 22 26 25 26 27 25 27 34 30 31 34 30 33 32 26 24 22 24 24 16 21 22 18 19 21 21 18 17 19 19 17 17 21 23 21 22 21 19 16 16 15 16 12 14 14 16 17 15 18 15 16 16 20 22 22 21 24 24 20 23 24 23 25 31 25 26 21 22 16 22
223 221 221 210 189 161 155 160 160 162 155 144 146 152 147 141 140 137 135 136 132 135 129 127 131 129 129 131 131 136 130 128 129 126 127 128 126 123 128 125 122 124 122 132 135 135 130 121 124 124 123 120 119 124 128 126 124 124 125 122 122 121 120 122 121 123 122 128 136 139 134 136 132 136 136 129 123 120 121 121 122 119 121 121 119 113 114 112 117 117 115 112 112 114 112 109 107 104 104 104 111 111 112 109 108 109 112 111 105 99 89 75 65 68 63 63 51 38 49 43 46 45 47 47 42 43 42 37 34 31 30 34 38 39 41 36 38 49 59 55 60 64 71 71 76 81 84 95 91 94 92 94 94 96 102 105 107 109 109 110 108 107 109 109 110 106 111 104 104 106 105 104 105 105 101 95 97 91 92 84 86 90 83 80 87 82 81 78 74 70 67 67 62 66 68 67 57 63 70 66 61 58 54 56 59 61 56 54 56 53 52 54 46 51 51 45 39 45 47 50 49 46 45 44 42 41 40 34 34 31 35 36 33 31 31 36 31 30 33 35 36 38 41 32 30 29 39 35 33 31 33 38 33 37 34 30 33 38 38 43 36 30 30 34 33 40 35 33 33 36 36 33 35 35 38 38 36 35 37 34 33 33 36 35 32 33 33 30 28 27 27 30 32 32 30 30 32 28 26 30 29 28 31 28 26 26 27 29 32 27 27 33 32 36 37 42 37 42 40 38 40 40 39 40 43 42 45 47 46 39 38 41 36 38 34 33 30 27 34 26 31 28 32 34 33 35 34 31 36 35 38 34 40 42 41 46 44 43 51 43 44 47 45 43 45 39 36 33 31 34 30 27 32 25 23 24 25 25 24 25 26 26 25 31 26 27 29 25 20 19 24 23 30 27 26 21 20 22 20 27 35 26 22 18 21 21 19 24 22 25 29 29 30 28 24 25 29 28 28 29 27 30 31 27 25 25 20 20 25 20 24 27 19 19 19 23 23 18 22 21 18 19 19 22 26 20 23 23 16 21 20 16 17 15 15 16 13 12 16 20 17 13 17 26 27 26 27 19 28 26 24 20 20 18 18 24 31 26 26 22
222 222 222 222 218 208 186 172 167 165 165 146 141 147 143 144 137 137 135 139 136 136 135 130 131 134 131 134 135 136 136 132 131 131 130 125 125 123 127 125 125 124 127 132 128 127 125 122 121 120 120 118 119 126 129 125 125 125 125 123 121 124 122 120 121 123 125 127 133 140 141 139 133 135 139 127 124 125 125 125 124 121 119 117 118 116 115 115 116 117 116 115 119 120 116 113 112 110 107 110 116 115 114 110 109 111 111 106 106 103 97 88 80 76 72 72 72 62 60 59 62 61 56 55 43 44 42 40 39 37 33 31 31 33 32 29 31 39 41 40 45 43 42 43 53 63 65 73 73 79 68 70 79 82 93 97 100 102 103 107 104 103 104 105 107 106 107 104 102 103 104 104 106 104 101 98 96 94 93 93 87 88 86 85 88 85 85 80 79 77 70 69 69 71 70 69 68 69 70 63 64 58 55 58 57 58 56 56 61 57 52 49 45 50 45 42 42 40 42 43 47 48 46 50 45 41 37 33 38 35 34 36 31 31 36 37 37 38 37 29 35 39 39 34 31 31 32 34 33 36 37 36 33 33 35 33 35 37 40 35 39 32 29 31 38 36 35 32 39 35 36 34 36 40 40 38 36 32 35 38 32 31 35 35 32 30 33 29 28 30 32 30 33 35 36 32 32 29 31 29 29 30 29 31 27 31 28 31 29 28 29 35 33 38 37 41 41 42 38 39 37 37 41 44 49 45 44 48 49 49 46 43 39 33 33 33 36 33 36 33 35 28 34 33 33 33 33 30 40 38 41 40 45 47 44 49 45 45 47 45 44 45 43 43 36 36 35 31 32 32 29 26 28 27 27 24 23 23 22 24 24 24 28 28 22 26 27 25 23 25 22 21 25 28 33 23 24 21 24 23 19 19 24 28 21 21 23 22 22 20 24 22 24 23 20 25 29 24 28 27 26 28 29 25 25 24 27 19 21 24 23 21 21 16 19 21 25 20 23 18 16 21 23 24 27 24 21 16 18 20 19 19 15 13 18 17 18 18 20 19 12 16 21 25 23 22 25 23 22 21 24 18 21 17 19 19 27 24 27 27
218 215 220 219 221 216 211 205 186 173 165 159 152 144 142 142 140 143 138 137 133 132 133 130 133 131 133 134 134 130 134 136 132 130 130 129 129 126 128 126 130 127 128 126 121 125 126 121 123 122 124 125 123 125 128 126 127 127 127 125 124 122 122 122 122 125 126 127 130 138 140 139 137 139 134 128 126 124 127 130 128 128 123 120 121 120 118 117 120 122 122 121 120 121 116 115 116 111 113 114 116 116 117 114 112 109 110 110 108 109 99 96 95 78 80 84 83 72 68 63 69 65 67 62 55 54 42 51 47 41 40 38 30 35 33 28 25 31 36 33 41 36 29 33 41 45 43 57 62 62 46 46 56 67 74 86 94 97 102 99 101 97 104 102 103 105 104 105 104 102 104 103 105 101 98 100 99 95 98 96 90 94 95 88 89 92 88 85 86 84 74 70 66 67 66 68 70 72 70 70 69 62 60 62 60 63 57 55 57 56 55 55 47 47 45 39 42 40 42 42 44 44 50 52 47 46 42 38 41 36 39 35 36 37 33 34 40 35 38 35 41 42 38 34 38 38 34 32 31 33 37 42 37 35 36 36 38 42 41 41 39 34 36 41 37 38 43 38 40 35 37 37 30 40 39 42 38 36 34 32 34 34 37 35 29 32 30 32 28 27 31 31 33 38 41 41 36 37 32 29 32 33 31 33 33 35 30 30 32 33 29 34 38 40 46 41 40 43 41 42 44 43 45 41 45 39 50 51 53 55 46 41 36 34 36 36 36 33 37 34 31 31 32 33 40 34 33 36 36 35 36 43 45 48 42 45 45 45 45 44 43 42 43 42 41 39 36 35 35 31 28 25 28 29 28 27 25 26 25 26 27 21 27 26 24 19 25 23 23 24 26 24 26 31 34 24 24 18 25 23 24 24 24 27 23 23 24 21 17 21 24 28 26 24 24 26 27 28 26 32 29 29 30 29 27 29 25 22 17 23 23 19 21 20 21 18 24 28 24 23 15 20 23 20 22 22 22 20 20 22 17 15 17 16 22 20 21 22 22 18 20 18 22 27 27 26 28 24 25 21 23 20 16 18 17 20 25 27 26 19
216 219 219 218 218 218 217 215 203 191 187 186 177 157 143 144 140 139 139 140 134 132 133 136 137 139 137 137 130 133 137 140 139 135 132 128 126 125 127 128 133 130 129 124 120 124 127 124 124 120 121 124 123 127 130 125 127 127 127 123 124 122 124 123 123 127 125 128 130 137 135 138 141 136 129 127 131 127 132 129 130 133 128 124 122 120 122 119 121 122 123 122 123 123 116 116 119 120 120 122 122 123 123 121 116 112 112 113 112 110 109 107 103 100 97 101 96 91 83 79 76 81 78 68 64 62 56 59 55 52 50 42 47 42 38 30 30 32 30 34 36 36 32 41 38 44 36 44 55 55 44 35 45 56 65 78 88 93 90 91 92 93 95 99 101 102 103 105 104 100 102 101 102 99 101 106 100 100 98 96 94 90 93 89 93 91 94 88 85 84 80 75 69 71 69 72 73 74 61 66 67 63 65 66 67 58 60 55 55 55 56 60 52 52 46 44 48 44 42 48 43 44 45 48 48 48 42 39 37 37 36 31 34 31 31 31 37 37 44 41 43 42 41 37 40 35 39 38 36 35 37 41 39 40 38 40 41 41 40 42 39 34 36 41 44 39 41 40 37 39 39 39 37 35 40 39 40 38 35 34 35 36 38 34 36 36 34 35 30 30 36 36 37 41 38 42 32 34 35 32 32 34 36 37 35 34 33 33 36 36 30 36 37 40 44 38 38 41 39 41 40 38 44 45 44 43 52 49 52 51 40 40 38 35 32 35 34 30 38 33 32 32 36 31 38 37 31 35 30 31 40 41 38 47 42 44 48 46 49 45 43 45 48 45 39 42 40 38 37 32 31 30 26 29 26 24 20 23 22 21 25 20 26 26 26 22 25 24 21 23 21 24 28 30 26 22 30 22 23 25 22 24 22 28 22 23 24 24 21 23 26 24 26 23 29 25 24 29 28 34 30 30 32 33 28 29 23 28 23 21 24 22 24 25 25 27 25 29 26 21 18 20 21 16 22 20 21 26 28 26 19 20 21 22 24 23 22 25 28 27 27 26 25 25 25 20 22 22 23 25 26 24 19 20 21 21 29 29 27 26
215 217 216 217 218 219 220 218 216 204 199 195 185 171 161 144 139 140 141 137 136 135 130 135 136 140 135 133 132 137 141 139 141 138 135 133 130 134 137 138 134 130 130 125 122 124 125 128 125 124 125 123 125 127 132 126 128 125 124 126 124 123 122 123 123 124 125 128 133 131 134 137 141 136 128 128 131 128 127 127 127 130 128 125 126 126 124 123 124 127 123 126 125 124 119 119 124 122 121 121 124 125 126 127 121 118 130 133 135 126 121 116 115 113 104 104 103 108 106 102 105 120 126 109 98 89 83 72 67 65 54 51 51 48 48 47 40 34 33 36 39 37 38 41 43 45 37 37 48 46 35 30 35 46 54 66 69 75 71 76 76 81 90 94 92 97 98 102 101 101 105 101 104 100 101 101 105 105 100 96 94 95 94 98 98 99 92 94 86 87 84 79 76 71 72 73 61 63 69 72 71 69 67 64 59 53 49 48 49 54 52 51 55 52 47 49 42 45 49 43 43 46 50 45 46 44 43 39 41 40 42 38 38 34 31 33 42 41 43 41 38 45 39 38 41 38 37 37 38 36 40 45 44 43 41 42 43 41 39 44 43 41 42 40 38 47 47 47 40 39 40 36 37 33 38 44 43 37 39 39 40 41 38 38 41 41 38 38 37 33 36 37 37 38 32 38 35 33 36 36 33 37 37 40 42 33 35 32 39 37 41 35 41 39 45 42 42 46 42 45 43 40 45 45 45 49 55 54 55 53 40 40 40 35 38 31 32 34 44 37 34 34 29 31 35 30 33 28 29 33 43 38 38 43 42 42 45 47 50 46 43 42 45 40 41 39 42 41 39 32 35 30 26 30 29 26 25 25 24 25 24 22 26 24 27 26 27 22 22 23 21 26 29 25 21 26 23 21 20 22 25 22 26 22 25 22 24 22 22 20 24 27 30 29 31 30 31 26 30 31 29 31 34 34 26 28 27 27 26 22 26 26 24 30 27 31 24 27 26 23 24 24 26 23 21 25 27 27 31 30 23 22 20 29 30 26 28 25 32 30 29 22 19 24 24 27 28 23 23 22 26 19 21 20 21 20 25 31 20 25
212 215 214 213 217 218 218 218 216 213 209 203 190 177 173 151 140 139 141 140 138 136 135 136 134 138 138 135 133 140 144 141 145 140 137 137 138 136 138 137 135 134 134 133 132 127 128 128 126 127 129 132 129 128 133 127 125 126 127 129 127 122 125 125 125 127 130 130 136 132 133 136 139 135 128 129 130 132 133 130 129 129 131 128 130 128 126 122 126 126 122 123 124 121 116 119 128 127 124 126 126 133 139 146 158 162 173 183 182 178 174 156 147 153 129 124 140 171 172 148 140 136 148 146 144 132 109 92 90 75 77 76 68 75 66 82 63 45 45 38 34 40 36 36 35 29 34 29 36 37 38 31 28 32 42 52 46 54 52 52 55 61 72 77 85 89 95 98 100 103 102 102 100 106 107 108 106 107 103 97 100 97 98 103 106 100 98 88 89 91 86 86 80 72 76 68 63 63 66 68 74 66 60 59 60 55 52 48 53 51 51 51 54 52 51 49 45 45 43 43 45 47 49 44 46 44 43 41 42 43 51 44 42 37 37 40 40 37 39 50 45 44 46 38 33 37 42 39 40 40 45 49 41 40 39 36 38 39 41 41 39 35 39 40 39 44 42 42 42 44 43 41 36 40 40 39 43 40 46 44 43 42 41 40 43 37 46 35 39 38 40 40 36 34 36 43 38 34 39 37 34 35 39 43 40 35 37 35 39 39 41 46 49 46 44 48 44 44 47 48 45 45 48 47 44 48 53 60 53 51 46 43 34 35 33 32 35 36 43 39 32 33 30 32 36 36 35 31 33 32 35 39 37 40 43 45 48 43 41 42 40 38 44 40 43 44 39 35 36 34 29 36 30 32 30 28 24 25 24 25 28 23 24 22 28 27 21 20 21 21 23 27 32 30 24 31 27 27 22 21 25 24 26 28 28 24 22 24 22 21 25 29 31 26 28 30 31 25 28 30 30 30 30 28 31 30 30 30 27 27 26 26 25 30 30 31 25 25 20 26 23 27 25 30 29 25 26 30 25 27 25 23 23 24 24 26 25 26 31 32 32 27 23 21 21 23 24 23 30 28 29 22 21 23 22 19 27 33 16 24
215 211 211 211 216 218 216 216 214 211 211 206 202 194 183 162 147 141 141 144 140 135 135 140 138 145 141 143 144 147 149 147 147 146 142 139 141 143 140 145 140 135 138 135 135 133 136 130 125 128 129 132 133 134 128 128 128 128 128 122 125 119 123 127 126 124 127 130 133 135 138 137 136 136 130 128 136 136 139 141 137 130 128 129 129 129 130 127 125 124 121 123 127 129 128 130 134 143 137 134 144 152 160 163 172 178 182 182 173 170 171 160 157 166 159 147 163 177 171 147 132 120 118 125 141 164 153 120 116 118 117 106 99 106 92 90 81 65 63 57 51 51 42 44 37 36 34 30 33 33 33 33 24 28 37 43 42 43 44 46 47 50 56 69 77 85 89 91 94 101 100 98 98 104 107 110 110 107 104 102 101 101 102 104 105 99 103 98 94 95 89 88 82 73 73 75 72 71 68 67 66 65 63 66 61 55 53 47 49 51 51 52 52 57 52 55 48 48 46 41 46 46 50 49 55 52 48 42 45 48 48 46 43 38 41 43 41 49 47 45 43 44 42 38 37 38 41 43 46 47 48 53 45 44 40 37 40 45 39 42 41 37 40 43 43 43 47 42 41 44 43 40 41 44 43 44 47 45 48 44 46 40 45 44 44 36 43 36 38 36 39 40 40 44 41 47 38 41 39 44 46 44 46 38 42 40 39 38 39 40 40 48 46 50 53 49 47 48 49 51 46 51 51 50 50 48 53 52 55 55 52 46 40 40 32 33 36 35 40 36 36 32 31 36 30 36 33 32 33 35 37 41 41 44 43 44 41 45 44 42 37 38 39 41 44 40 42 38 36 32 28 30 27 32 31 28 31 27 23 25 24 24 28 25 29 25 25 25 29 33 26 25 34 31 25 31 27 24 22 24 28 25 21 24 29 25 25 29 27 29 29 28 30 26 28 30 29 30 32 31 34 31 31 31 37 31 30 30 30 26 27 25 28 27 30 34 30 31 33 28 28 32 28 28 28 28 31 28 31 29 26 24 22 28 30 23 24 30 33 33 30 27 25 24 26 23 26 28 29 30 30 27 24 24 24 29 35 32 18 21
215 212 213 212 216 219 214 213 213 208 214 206 206 201 191 173 161 149 143 144 141 140 136 143 145 145 143 143 145 150 152 149 148 146 145 146 147 148 145 145 141 138 139 140 141 140 141 137 134 139 137 137 138 136 132 133 137 129 133 127 125 126 125 125 127 126 129 128 132 133 137 137 141 138 132 133 132 132 134 134 132 130 130 134 128 129 134 131 126 125 125 129 124 128 131 138 152 158 150 152 158 155 161 160 171 175 179 177 166 161 160 156 163 168 163 162 155 163 146 133 134 120 117 130 142 152 165 161 145 140 124 101 97 99 95 89 86 86 81 84 71 73 65 58 54 61 49 44 39 33 36 30 30 28 30 36 32 33 39 42 44 42 55 55 66 82 84 86 87 89 92 93 92 99 106 106 106 104 105 101 102 107 105 103 101 102 99 97 93 94 92 87 89 77 77 78 72 74 69 66 67 63 62 70 64 57 58 55 55 57 49 51 49 55 58 64 56 54 48 49 45 44 48 49 49 52 53 49 50 46 48 49 48 42 41 37 41 41 41 44 40 44 41 42 39 47 44 43 47 47 45 48 43 45 38 42 42 44 41 46 38 39 40 45 38 47 50 50 47 41 43 43 40 41 43 42 43 44 44 45 44 47 46 40 41 37 46 40 38 38 42 40 41 46 47 43 42 43 41 44 47 54 50 50 49 47 42 42 44 47 48 52 51 51 50 50 52 49 53 48 49 55 51 49 50 56 56 51 55 53 51 53 45 42 33 37 32 33 36 31 36 33 32 33 34 40 33 35 36 34 39 40 42 45 43 42 42 40 36 39 38 36 39 41 38 40 37 32 31 31 29 26 31 30 28 30 25 28 29 31 30 26 28 25 27 27 24 29 27 27 25 26 29 26 24 30 30 28 33 32 30 28 28 29 27 23 27 28 29 29 28 32 30 30 33 32 29 32 34 32 35 35 34 29 35 29 33 36 32 36 33 29 30 29 35 36 32 29 33 29 29 28 30 28 27 30 33 26 26 31 33 30 28 35 37 30 29 29 34 34 33 30 29 32 33 31 36 30 30 33 30 27 20 21 22 31 36 24 23 21
214 215 212 215 215 215 212 211 209 206 205 204 204 206 202 193 176 156 159 154 149 147 144 140 148 149 148 146 147 154 158 156 152 149 152 150 152 150 148 144 143 142 140 138 142 148 146 140 137 140 144 142 140 141 137 134 133 128 129 130 127 125 125 128 126 128 129 132 131 132 134 137 143 135 136 134 138 143 142 137 137 137 136 137 134 140 139 140 131 126 128 125 130 135 158 171 179 169 148 152 163 154 150 159 167 176 180 178 170 167 168 166 173 186 181 165 141 134 132 129 122 123 126 133 135 139 154 138 136 123 121 114 102 102 95 89 97 94 99 99 87 87 82 82 81 72 69 68 53 44 43 36 36 36 27 34 33 31 39 46 46 48 47 51 57 70 75 80 76 82 85 86 86 90 100 99 102 103 103 103 101 107 109 103 103 104 104 99 98 96 98 93 82 79 78 82 76 78 72 73 64 66 61 60 63 59 62 58 57 56 59 54 55 55 57 56 59 55 54 51 43 47 49 49 51 52 53 52 56 49 50 49 50 47 41 45 50 42 48 39 45 45 47 46 45 44 46 50 54 51 50 49 43 45 45 47 45 49 53 44 44 44 48 49 50 48 52 49 45 45 46 45 44 41 43 43 44 45 45 47 41 46 48 43 43 41 47 42 39 39 39 46 49 45 51 45 47 49 51 45 54 50 54 53 51 51 49 46 41 49 50 50 50 54 52 48 51 47 55 51 46 52 48 51 50 52 52 55 56 53 49 48 46 45 42 35 37 37 39 39 45 34 32 36 33 36 33 36 32 38 40 42 39 39 40 40 47 45 45 40 41 42 43 41 40 37 39 38 36 32 31 29 31 30 30 29 27 30 25 22 25 24 24 27 28 27 27 29 30 31 27 29 28 28 30 33 28 32 34 31 28 30 28 33 30 30 26 28 31 31 29 34 30 34 38 39 34 37 30 31 30 32 31 34 33 32 32 31 29 30 31 30 29 32 34 33 34 30 34 33 28 27 29 29 27 34 31 27 27 35 32 31 33 30 34 28 28 34 33 30 32 29 24 32 37 32 36 32 29 33 26 31 25 24 25 29 32 29 21 27
214 217 215 215 216 215 213 213 210 206 200 202 206 208 204 204 193 171 174 172 166 152 143 144 150 149 149 148 151 154 158 157 156 151 155 151 157 157 156 153 147 147 145 141 140 153 150 145 140 144 149 147 146 142 137 137 136 132 133 132 128 129 126 131 132 129 128 133 134 134 135 136 136 137 142 142 149 153 146 137 138 139 138 136 145 154 143 145 143 136 129 124 129 138 163 166 166 162 152 146 154 150 150 145 156 172 178 175 176 173 171 174 174 172 189 177 164 153 143 133 127 128 132 136 131 130 135 131 129 125 121 115 108 103 99 102 104 103 106 109 98 102 100 86 85 82 92 92 76 59 57 55 46 51 44 37 36 34 39 44 51 51 47 49 51 55 76 77 71 73 78 74 77 81 90 95 95 102 105 106 110 114 113 108 108 105 108 104 100 96 96 90 84 82 79 85 79 75 73 67 72 73 70 73 72 62 63 66 63 61 64 64 59 57 56 58 59 57 55 50 47 45 51 51 54 55 58 55 58 58 56 54 48 47 43 43 45 43 43 44 46 46 55 46 46 47 50 51 55 55 55 52 52 52 47 46 46 49 50 44 46 46 45 51 54 50 55 51 48 52 51 47 48 48 47 43 47 46 45 45 44 46 43 45 49 52 45 45 46 42 43 46 49 56 59 58 56 55 56 53 55 53 59 56 52 50 53 48 47 47 50 54 51 58 54 55 54 51 55 51 49 57 52 54 56 60 56 56 57 57 57 50 50 46 46 41 40 39 42 45 39 34 30 37 36 39 34 41 39 42 41 39 41 40 39 38 40 43 41 40 39 41 44 43 39 36 40 36 34 32 31 31 32 28 29 31 24 26 28 29 26 25 22 29 29 30 30 30 29 27 25 29 31 28 29 27 27 32 35 30 29 29 26 28 30 32 31 33 32 35 33 28 36 35 39 36 35 36 33 29 35 36 31 36 27 30 28 29 30 33 38 33 36 36 39 34 37 33 35 32 30 27 29 33 30 34 28 31 31 37 26 27 29 34 35 40 31 33 36 34 31 30 26 31 36 35 33 32 33 31 27 27 22 24 22 32 31 21 21 24
213 214 215 216 212 211 209 210 211 202 201 200 207 203 207 209 204 199 196 197 189 171 147 146 155 153 161 176 183 162 157 160 158 155 160 159 160 159 159 156 152 149 146 143 149 151 156 146 145 142 143 142 147 148 144 142 135 132 134 134 134 130 131 132 134 131 129 133 131 133 136 138 143 146 146 142 140 143 151 141 139 144 144 143 142 146 143 148 148 153 136 132 134 140 159 165 160 151 149 143 150 146 148 144 150 164 171 168 174 173 163 169 171 174 186 189 182 176 170 148 138 129 127 130 128 124 122 127 130 132 139 134 143 149 138 134 138 143 151 150 130 165 185 164 154 143 156 160 148 125 104 87 79 76 59 50 43 46 47 49 45 47 44 43 53 53 61 60 59 65 69 68 70 74 77 85 92 97 107 104 112 116 114 113 113 112 110 108 101 92 94 95 89 84 84 85 83 73 84 75 75 72 67 66 69 71 72 70 67 61 63 68 68 59 60 57 63 63 58 54 57 55 58 53 56 58 58 55 61 51 52 54 51 46 43 43 45 48 45 45 50 50 54 51 46 52 50 51 59 55 53 52 52 54 47 52 45 45 53 46 45 48 49 44 55 51 53 50 50 53 57 54 51 52 49 50 50 49 48 43 48 49 53 51 47 49 48 48 48 50 48 54 57 56 58 52 52 56 58 56 59 55 57 58 53 54 53 51 54 54 55 56 55 58 54 59 56 55 59 56 55 56 58 56 62 62 58 55 55 53 55 53 48 50 52 47 47 47 50 51 44 37 35 36 37 37 32 37 33 37 39 39 37 34 39 36 38 45 39 44 42 45 40 39 40 33 35 37 33 31 32 30 33 31 32 28 32 35 34 29 28 29 25 30 31 30 30 31 30 28 27 29 29 26 29 31 28 29 31 30 31 28 31 28 30 32 35 38 31 33 38 36 36 39 37 38 41 35 35 32 31 35 32 38 31 34 31 31 35 34 36 34 37 37 36 38 31 34 33 35 34 29 28 31 28 27 30 32 33 35 28 30 38 38 35 27 38 34 37 35 36 33 29 30 32 32 34 32 24 20 21 24 21 21 27 33 31 23 20 25
215 216 215 211 212 211 209 211 207 203 199 201 202 202 203 206 210 210 204 201 198 194 178 161 164 185 196 201 205 196 185 166 162 161 159 159 163 163 162 160 159 152 149 152 151 145 153 149 146 146 147 144 147 150 147 142 137 134 138 141 136 137 136 141 136 138 138 137 135 138 141 142 144 148 148 145 142 145 153 146 142 146 146 146 141 140 138 150 151 146 136 143 139 140 149 156 155 146 149 147 156 152 149 156 154 156 162 160 158 156 159 163 163 178 173 183 180 172 158 144 141 132 130 128 131 145 155 161 160 176 189 190 193 198 193 182 175 182 187 202 203 199 205 204 205 205 195 192 196 195 191 189 157 106 123 144 106 64 58 62 46 52 47 41 49 53 58 58 48 47 60 66 63 68 66 76 86 96 102 107 114 116 111 111 114 113 113 104 99 92 94 95 91 86 82 84 87 78 81 80 79 76 72 67 71 71 72 74 70 65 69 67 68 66 61 62 59 60 57 58 59 58 63 64 63 67 60 58 62 58 51 64 58 54 50 47 48 52 47 52 58 55 54 47 50 55 61 57 57 58 60 59 57 56 58 50 46 48 54 46 47 50 47 51 55 48 48 57 51 60 54 51 52 63 56 47 53 46 49 51 53 51 50 54 55 56 57 55 58 55 54 54 58 56 62 63 58 57 54 53 56 59 58 62 57 57 60 57 57 56 54 60 62 65 63 61 59 55 60 52 58 54 55 58 60 58 58 56 59 56 53 54 54 55 50 47 48 49 50 47 47 46 41 45 40 40 39 37 36 39 40 43 44 43 39 38 41 40 43 44 44 42 43 38 36 33 31 35 32 30 37 33 31 29 32 27 26 29 27 27 28 32 31 29 25 29 29 24 28 29 31 28 25 28 29 28 29 30 30 27 35 36 32 31 30 32 36 39 35 33 38 33 37 37 39 36 41 39 41 39 37 39 36 35 31 35 36 34 30 35 37 42 36 38 40 36 37 36 38 35 36 33 31 35 31 33 33 33 36 32 34 34 35 37 37 34 39 36 37 39 38 35 34 37 32 36 33 34 30 25 25 29 23 22 23 38 31 24 23 26
214 215 214 212 209 211 211 208 204 203 198 202 200 207 201 210 215 212 213 211 203 201 197 184 190 204 210 204 205 201 200 189 173 170 161 177 183 184 178 173 161 160 167 173 174 165 156 152 152 146 152 150 151 153 154 148 140 136 137 138 141 137 140 139 140 138 141 146 144 145 149 151 153 155 156 152 146 144 149 145 145 144 152 154 153 155 162 174 181 180 165 151 157 170 182 184 185 165 153 165 170 158 156 153 157 163 163 157 157 155 157 159 159 161 168 169 172 162 153 148 155 156 162 170 170 177 181 192 194 200 199 198 196 196 198 201 208 209 206 205 208 204 200 206 206 209 212 207 205 207 202 203 204 185 187 193 184 126 105 115 110 60 58 54 62 81 91 65 50 48 56 60 57 55 59 71 83 90 101 104 109 114 110 111 111 113 105 103 105 96 99 96 95 88 90 89 79 82 86 85 81 75 78 74 72 75 70 68 69 69 66 75 69 67 65 67 70 70 66 59 65 65 65 63 69 68 63 57 57 58 60 60 64 57 56 54 53 49 57 53 56 59 57 53 55 56 58 59 58 63 67 61 62 56 56 57 51 47 52 53 57 55 54 48 55 53 54 55 58 57 52 58 61 56 58 53 52 51 53 49 49 52 57 55 56 57 54 56 57 57 56 59 57 57 61 62 61 53 61 55 59 59 63 64 58 62 59 60 60 57 55 59 60 63 64 59 58 55 61 62 61 59 59 61 58 61 63 58 59 58 58 60 55 58 55 56 53 49 53 50 50 43 42 45 42 43 39 37 37 38 40 39 40 38 40 39 42 44 43 46 40 41 37 33 33 30 31 35 34 35 36 36 30 28 29 29 29 30 26 27 25 27 26 31 27 27 32 28 31 34 30 28 26 26 28 33 30 29 37 29 30 36 30 35 31 34 39 33 34 38 36 38 36 38 40 40 41 37 38 34 33 35 37 38 35 35 38 36 34 34 39 37 35 38 41 39 37 38 36 40 41 38 35 30 31 31 34 37 34 38 36 35 37 34 41 35 40 38 36 36 33 41 35 29 31 36 33 32 31 23 25 32 29 27 24 28 26 22 20 27
215 212 215 212 212 211 206 206 204 203 202 206 203 202 203 204 209 214 214 214 214 207 200 204 210 211 210 203 206 206 205 202 193 191 185 196 197 198 199 195 187 186 184 185 186 183 171 167 172 163 160 161 157 157 156 155 148 144 141 140 148 146 147 145 149 145 148 152 152 155 154 158 158 159 156 159 161 155 150 151 152 160 168 170 179 179 174 183 192 196 200 190 188 195 195 195 190 187 176 167 165 161 158 155 157 157 155 148 152 153 157 154 158 163 167 164 166 169 164 163 171 175 177 181 187 185 190 196 195 193 191 191 196 196 200 204 205 201 206 200 204 203 198 200 202 201 203 198 201 199 201 209 208 212 207 208 207 200 188 186 196 171 136 144 111 128 142 134 113 77 73 75 71 67 65 72 79 89 93 96 101 110 112 112 109 111 107 108 109 103 102 96 97 94 88 91 87 86 83 82 87 78 79 78 75 74 77 77 74 77 72 78 71 68 71 69 72 66 68 64 71 69 73 71 66 69 68 65 64 62 57 62 65 62 60 59 58 53 58 56 61 56 58 55 51 58 60 60 59 61 62 65 64 61 60 56 53 54 57 52 46 61 59 54 54 61 59 56 59 56 58 61 60 54 53 55 58 53 55 52 54 54 60 65 62 64 59 57 59 61 59 60 60 61 65 61 58 55 59 57 60 59 59 68 63 62 58 59 62 59 63 63 67 66 66 62 60 58 64 65 64 57 65 65 63 61 63 58 62 60 60 59 59 57 53 54 53 47 53 49 45 43 40 45 38 42 39 42 39 35 37 37 44 38 40 40 46 43 43 41 42 41 39 40 35 31 35 34 34 34 33 34 34 29 30 29 28 29 28 29 27 28 29 33 31 34 34 29 33 33 31 29 31 36 30 33 31 32 35 31 34 33 35 38 31 31 35 32 33 32 36 37 37 41 37 37 39 40 42 38 41 43 39 38 35 40 33 38 39 36 37 39 42 38 41 44 42 38 38 40 36 40 38 36 33 33 38 39 38 34 38 41 39 38 40 37 44 41 39 42 41 43 34 35 33 36 35 30 33 28 24 29 33 32 32 35 28 29 24 19
215 215 211 211 210 205 207 208 202 198 199 201 201 196 203 205 209 212 212 213 216 215 209 211 206 205 206 202 200 202 207 201 197 201 197 199 199 194 196 196 196 198 196 194 190 187 186 186 182 178 183 181 179 174 165 159 157 155 152 152 151 155 153 157 160 156 159 161 164 162 159 164 163 160 164 166 164 157 158 160 157 163 161 169 170 177 177 181 185 194 195 197 196 195 190 190 184 182 182 166 164 165 165 158 155 151 151 145 150 157 160 158 155 159 166 162 162 169 173 171 176 178 176 178 181 192 194 195 186 183 183 184 192 187 187 190 191 190 191 187 192 194 191 190 194 196 195 193 195 194 198 200 204 207 207 208 205 207 207 210 203 199 202 189 184 179 170 167 154 136 131 111 100 99 91 91 97 96 94 92 98 105 109 111 109 113 111 109 112 106 102 100 97 91 98 93 89 88 89 90 89 82 85 79 82 77 78 76 75 77 75 76 75 73 73 73 73 72 67 63 73 71 76 73 72 70 75 67 69 64 64 65 71 69 64 60 59 63 59 63 66 62 60 60 62 63 64 63 67 65 65 70 66 63 61 55 57 49 59 59 63 69 58 59 58 60 62 62 62 56 59 57 68 62 57 59 63 56 56 56 57 58 58 62 62 65 63 64 66 63 67 62 61 65 65 70 64 57 57 61 61 66 67 62 65 63 60 60 63 64 59 60 63 59 69 64 61 63 66 64 60 57 60 62 67 64 65 61 60 60 64 61 58 58 56 55 53 49 54 51 49 44 43 42 40 42 45 41 38 35 38 38 38 40 46 39 43 39 42 41 42 36 39 34 31 31 30 31 35 34 34 35 35 29 29 31 30 30 29 30 27 28 30 34 32 32 31 33 33 32 33 34 34 33 33 33 34 35 32 34 35 35 37 33 39 33 33 34 37 40 37 35 39 41 40 46 41 45 44 37 40 43 40 38 38 36 43 42 43 40 39 41 48 43 45 43 42 43 37 40 37 38 39 33 37 38 37 44 39 33 41 45 42 41 42 41 42 33 35 41 37 34 35 34 31 39 36 37 34 30 26 29 32 38 41 34 34 29 28 27
212 211 212 207 209 207 204 206 204 199 203 203 205 203 205 202 214 210 213 216 215 211 214 214 213 212 214 207 213 212 209 209 206 208 206 206 200 200 203 203 202 202 201 194 199 200 195 193 195 192 190 188 190 189 186 177 175 170 165 167 168 165 167 167 165 163 168 168 172 171 168 165 165 167 168 169 173 166 165 161 158 161 164 161 161 167 172 166 170 175 178 188 191 190 186 181 176 174 174 169 162 173 169 164 158 152 154 150 152 161 155 152 153 160 162 168 166 172 169 171 179 178 175 182 176 181 188 188 183 182 184 181 183 182 183 183 178 178 184 182 177 184 188 191 183 184 193 187 191 189 193 192 194 199 203 200 198 202 205 201 198 199 203 202 199 197 201 194 189 185 188 179 166 155 149 129 128 118 104 105 101 101 103 109 112 111 111 113 111 111 107 104 104 98 95 97 89 84 85 80 88 89 85 86 88 85 85 82 81 79 81 78 78 77 80 72 74 71 73 70 73 75 75 70 72 75 76 72 67 70 69 71 70 72 69 66 62 71 67 72 66 64 70 67 65 64 71 69 70 66 68 68 67 63 62 60 58 58 59 56 56 67 64 60 66 65 60 65 64 61 64 63 63 62 62 62 63 55 57 60 57 61 63 75 72 67 59 60 62 60 65 65 63 63 64 67 64 57 58 60 59 63 59 60 63 63 63 61 65 65 64 60 63 62 66 66 62 63 65 67 63 61 63 62 67 69 67 66 60 60 64 58 60 57 57 58 57 57 55 51 52 49 45 45 42 42 44 48 38 41 39 41 42 40 46 40 41 38 40 42 43 43 40 35 38 34 33 31 36 31 37 36 31 34 32 31 29 29 32 32 34 31 31 31 29 33 31 34 34 34 31 35 36 37 37 34 32 36 31 41 37 36 35 35 34 36 39 39 38 40 40 42 39 39 41 42 47 45 44 46 38 41 47 43 42 42 37 40 40 42 40 39 44 41 46 44 44 44 42 41 44 43 38 35 37 39 38 41 36 36 44 43 38 36 39 38 44 44 37 42 40 39 37 32 29 34 34 32 30 31 32 28 34 37 44 38 33 31 33 27
209 213 211 208 204 207 207 204 203 206 207 205 202 205 204 209 205 207 212 218 218 219 220 218 215 215 219 215 212 215 214 211 211 213 206 206 203 207 203 204 205 199 201 200 202 199 197 196 197 194 198 195 194 193 192 189 192 190 185 184 181 174 174 169 174 177 186 183 179 188 181 172 168 171 173 172 172 171 167 165 166 163 165 165 166 159 167 163 163 167 169 172 179 182 179 179 171 171 168 167 168 165 170 174 174 170 161 149 153 164 163 157 157 159 156 158 153 163 162 166 166 171 175 173 167 178 180 180 179 173 175 175 179 177 181 186 177 173 179 178 180 181 182 186 180 181 187 179 185 187 186 183 184 186 187 193 190 193 191 186 187 200 200 203 203 201 203 199 194 195 195 189 174 174 168 156 152 143 124 116 103 100 100 105 108 111 112 110 112 106 104 103 102 96 96 93 90 91 88 84 87 89 93 88 91 88 91 89 89 85 86 84 79 81 79 75 76 74 77 80 75 72 77 77 76 79 77 71 73 70 74 75 73 73 77 72 72 70 72 75 68 69 71 68 66 66 71 70 71 72 70 71 66 72 63 60 61 57 60 60 59 66 59 64 71 68 66 68 62 70 66 68 67 67 66 62 59 56 64 59 64 64 67 70 64 62 64 61 61 62 65 68 66 67 60 64 60 64 59 61 60 60 62 62 62 64 64 69 62 64 63 66 64 60 65 67 70 62 66 65 66 70 65 71 71 71 65 63 60 62 62 58 63 57 56 57 58 55 53 56 56 52 50 48 43 46 42 44 40 38 35 44 39 41 48 45 40 42 43 43 40 41 36 32 34 30 33 33 34 30 35 34 30 31 32 33 30 31 31 34 32 29 31 35 32 32 33 35 35 37 35 35 38 37 36 35 35 34 35 36 36 37 35 36 34 34 40 40 41 42 39 43 45 41 46 47 44 45 49 48 46 39 44 43 42 46 40 43 39 40 42 43 44 41 47 44 44 41 43 43 39 40 42 40 35 41 39 38 39 42 44 43 34 38 46 45 42 38 42 42 41 42 40 38 31 36 34 30 36 33 37 37 40 42 44 36 37 36 35 28
213 214 211 207 205 207 208 203 201 204 212 208 209 205 209 207 209 213 218 220 220 217 216 214 214 215 217 214 210 214 215 214 213 213 208 207 206 208 205 205 202 200 200 201 203 201 196 198 198 197 196 196 199 196 197 198 192 191 193 193 190 182 183 178 180 180 183 182 183 187 185 180 181 181 181 181 177 181 178 170 170 171 168 165 169 166 173 169 162 161 166 168 170 170 176 174 176 176 169 173 175 174 181 186 183 184 177 160 166 167 169 159 156 157 158 151 152 149 158 160 166 169 167 168 168 174 174 169 170 164 171 167 172 174 169 179 177 175 180 177 177 176 179 175 182 179 181 179 184 185 188 182 184 185 183 184 182 184 181 184 188 192 203 200 201 198 201 200 202 199 190 180 177 174 163 152 153 149 135 131 117 109 108 108 111 114 111 110 106 103 97 96 95 95 94 90 86 89 90 90 82 79 86 89 88 85 87 86 87 88 87 89 89 91 85 83 82 81 79 81 81 81 80 80 80 78 79 77 76 74 77 78 78 81 76 76 69 75 77 78 74 70 74 72 72 72 78 75 71 73 77 73 72 74 67 66 67 65 66 62 62 65 63 69 69 68 61 65 66 73 72 73 73 73 71 68 62 60 65 66 64 64 67 70 69 66 69 70 65 68 70 69 65 65 65 66 63 65 67 68 66 61 64 65 62 66 64 67 66 66 65 67 59 63 63 59 70 65 66 66 70 71 67 69 71 72 64 60 64 60 62 60 57 55 61 57 59 54 59 53 51 51 47 47 46 41 49 45 41 40 37 41 39 41 42 45 40 42 40 41 40 44 41 36 32 33 35 33 32 34 32 33 32 32 30 35 33 31 34 32 32 28 34 33 35 33 34 35 38 38 38 35 36 36 36 36 34 37 34 35 34 36 39 35 38 36 41 39 44 44 40 40 45 41 46 43 47 48 50 44 45 45 47 45 41 44 41 44 41 43 41 45 47 49 47 47 48 44 43 42 43 41 44 43 41 43 41 39 42 43 43 41 42 45 47 41 44 41 45 43 46 45 45 39 40 40 38 33 32 36 39 37 41 42 42 38 38 39 34 28
209 212 212 212 206 204 206 202 202 204 209 205 202 204 210 207 212 216 219 216 220 218 218 217 213 215 218 215 212 211 211 212 211 209 206 202 203 207 206 201 198 200 198 194 196 199 196 195 194 191 194 194 193 190 196 192 193 191 191 191 191 189 189 184 183 183 191 183 183 185 187 188 191 189 188 189 194 191 187 179 179 177 174 175 173 172 171 170 170 171 171 169 173 171 171 173 176 172 176 171 174 182 183 184 183 186 181 173 170 173 174 171 159 156 157 152 152 146 156 155 162 158 153 160 156 160 162 161 159 156 167 171 167 167 166 173 169 169 170 165 169 164 160 167 169 172 177 172 176 178 184 182 182 177 179 175 173 172 174 174 181 186 191 190 192 190 191 191 191 192 189 181 175 168 160 156 147 144 141 130 122 116 115 114 116 118 113 105 103 101 101 96 96 96 95 93 89 92 91 87 88 85 90 92 88 88 91 92 91 90 90 91 93 90 90 88 85 85 85 86 84 85 82 83 83 83 83 78 80 77 78 83 82 79 76 77 78 77 78 78 78 74 75 75 79 76 79 77 76 72 79 76 74 71 75 74 76 72 75 74 69 71 73 73 71 70 70 71 68 73 75 74 77 76 72 71 67 68 69 67 64 65 72 70 68 67 69 71 72 72 72 73 70 64 66 69 63 61 65 64 63 64 60 62 67 67 70 66 64 61 66 67 68 70 68 68 70 70 70 71 70 69 70 71 69 66 60 61 59 64 61 61 60 58 59 62 60 59 58 55 54 53 47 44 44 34 46 40 45 41 38 38 37 38 42 39 40 43 42 46 38 42 41 37 36 37 37 33 30 33 32 33 35 30 28 36 34 32 37 34 32 29 32 37 38 35 38 38 41 37 37 37 39 37 35 33 38 37 35 39 38 35 40 40 37 38 39 40 47 42 42 45 42 45 44 47 43 45 52 46 46 43 44 45 46 46 45 47 48 43 44 47 48 46 44 52 47 44 43 45 41 44 46 41 43 40 44 40 43 43 45 45 42 42 43 43 47 42 48 44 41 42 43 48 39 36 38 39 40 44 43 38 47 46 40 36 34 36 35 34
212 212 209 207 208 203 205 203 206 205 206 206 203 210 211 217 221 220 221 215 216 217 217 215 209 208 214 210 201 203 204 202 209 210 210 204 200 201 201 200 198 197 198 195 195 194 194 192 192 191 188 191 190 191 191 191 189 190 191 194 187 189 188 194 191 191 194 192 191 193 189 192 192 189 190 194 199 196 196 191 191 187 187 184 183 184 183 187 183 183 180 181 181 176 175 180 180 181 177 182 175 177 181 177 180 186 178 178 172 175 173 169 166 164 161 156 154 155 157 154 159 152 162 159 159 166 163 158 157 159 158 158 156 161 154 153 150 153 155 151 154 153 149 153 164 165 172 162 169 170 171 172 177 172 168 167 162 166 165 165 166 171 179 173 177 179 182 183 189 182 187 185 177 162 158 156 152 146 139 131 125 121 116 115 121 116 113 105 97 101 101 100 97 101 98 93 94 93 93 94 89 86 93 95 96 94 93 93 96 100 96 101 99 97 91 92 91 84 88 87 88 84 80 79 87 87 88 85 82 83 83 85 83 84 82 81 80 80 86 83 80 80 77 79 80 83 83 83 82 78 82 79 79 79 80 81 78 78 80 76 80 76 79 79 72 78 77 78 76 79 82 79 79 78 72 73 69 66 69 67 69 72 77 70 68 71 73 76 72 74 73 71 71 65 64 64 66 64 67 68 63 61 61 67 66 65 67 64 66 67 64 70 68 69 70 69 72 75 73 74 73 70 76 74 74 73 68 67 62 64 63 62 62 57 62 62 62 60 55 59 58 55 51 46 50 42 48 45 42 43 41 39 43 43 41 44 41 44 41 47 41 42 40 41 35 36 34 34 34 32 37 36 34 32 32 33 33 33 36 34 33 32 41 39 39 34 37 35 35 39 38 38 36 36 36 36 36 37 38 39 38 36 39 40 40 44 37 41 40 36 40 41 43 45 45 48 44 42 49 44 46 43 49 50 47 44 45 46 43 47 45 46 44 47 50 47 48 48 49 56 51 53 48 45 49 47 44 44 45 45 46 47 47 49 47 46 49 41 48 45 46 45 47 49 40 39 41 38 39 43 43 41 44 46 38 35 36 33 35 35
212 213 213 208 210 209 206 209 209 211 210 210 206 211 212 217 220 221 218 216 212 214 212 210 207 202 208 203 197 196 199 198 197 200 203 201 201 198 197 196 198 195 199 191 192 193 192 192 190 188 189 192 191 192 189 191 187 187 187 184 189 186 189 187 188 188 194 191 192 195 194 189 192 192 197 198 197 201 200 198 196 197 193 195 191 193 190 192 191 191 196 193 194 189 184 186 184 183 182 185 181 186 180 177 172 178 179 178 174 170 171 169 167 166 165 162 158 156 160 159 158 160 165 166 168 157 160 159 157 151 150 145 146 147 145 145 146 142 146 147 149 150 148 148 153 155 160 158 155 159 162 158 162 163 158 154 149 151 154 148 150 160 164 163 165 169 166 167 175 168 174 178 171 164 154 148 142 140 139 123 123 125 123 119 118 115 112 104 105 105 102 101 101 102 102 96 93 93 92 93 92 91 94 91 95 96 98 99 103 104 99 101 101 99 99 99 97 92 96 89 82 87 88 85 89 88 87 83 81 80 84 86 83 82 86 82 83 85 87 83 86 83 83 80 80 81 80 88 81 84 89 87 85 88 81 83 83 83 83 85 80 83 84 82 81 78 78 80 81 82 84 81 81 83 79 75 76 76 70 73 71 77 76 73 72 71 74 79 75 79 79 70 72 65 63 63 71 71 68 67 60 70 63 68 67 70 67 68 65 68 70 66 73 73 73 75 76 75 69 76 74 76 76 75 73 75 69 65 60 67 61 59 60 56 62 62 62 61 59 59 60 51 48 48 48 44 46 45 47 46 45 41 40 43 45 44 44 43 45 43 40 42 37 36 34 33 34 33 35 34 38 37 30 35 36 31 34 37 38 35 33 36 37 38 36 37 37 37 37 38 40 40 37 37 40 40 38 40 39 37 37 37 38 39 40 42 41 40 36 40 43 44 43 42 48 47 47 48 49 49 49 47 52 52 47 46 45 48 49 50 51 49 45 51 54 50 49 53 51 52 50 55 52 45 47 44 44 44 45 43 48 50 50 47 51 47 52 44 57 46 48 47 46 40 39 40 45 37 37 39 43 47 45 41 37 41 36 35 38 36
212 213 212 208 208 211 211 210 208 212 208 207 205 207 210 218 219 214 206 208 202 203 210 205 197 199 198 195 190 194 191 193 195 196 201 198 196 197 195 197 196 197 193 193 193 190 194 191 186 188 187 189 192 189 190 191 185 187 187 189 189 188 188 186 188 184 190 192 194 193 197 188 189 190 194 195 195 201 198 199 194 201 195 195 193 188 186 193 193 194 193 195 194 194 192 192 192 191 188 185 182 186 186 184 180 181 180 178 174 169 168 162 163 163 155 158 153 154 163 159 159 160 160 160 160 159 158 157 150 143 145 140 141 144 144 145 143 141 144 141 145 144 141 143 145 147 156 153 152 155 156 158 160 157 151 145 142 140 140 142 140 142 155 156 160 161 156 153 160 161 158 161 156 163 150 141 142 135 127 121 121 119 123 124 119 118 112 109 107 111 109 105 102 101 102 100 97 99 98 100 99 99 97 98 98 100 100 99 103 105 104 102 107 106 106 102 98 96 95 92 86 90 86 85 88 87 89 88 81 79 83 84 88 84 87 86 89 91 92 88 86 86 85 84 84 91 88 86 88 93 92 91 90 91 93 93 92 92 88 89 87 86 90 85 84 84 85 87 87 86 89 84 85 85 81 76 76 81 71 74 75 78 77 78 76 75 78 83 80 83 76 72 69 68 69 66 69 72 70 66 64 67 68 68 70 67 68 67 65 67 71 74 71 75 73 76 78 83 79 77 76 76 74 75 77 75 75 64 64 67 63 65 60 57 59 59 62 59 58 58 57 56 52 50 52 51 50 52 48 46 47 44 44 44 47 43 44 52 51 47 43 41 39 39 35 32 36 36 33 35 38 34 34 33 41 33 34 35 35 35 35 40 38 40 37 39 39 39 36 37 42 38 42 36 37 41 40 38 42 37 44 37 40 41 39 44 41 42 42 42 44 43 43 47 49 51 50 48 47 48 51 51 51 53 54 54 50 47 47 52 53 52 50 46 49 51 48 49 53 51 52 53 50 47 54 51 54 47 50 47 49 50 53 50 52 50 58 48 52 49 49 50 51 45 44 42 51 46 41 45 47 50 45 47 40 40 41 35 37 36
215 215 215 210 206 210 208 205 208 211 208 205 204 204 206 210 214 208 198 195 196 195 196 197 190 188 188 183 186 186 186 185 189 191 196 196 193 192 196 196 194 195 193 197 193 192 188 189 192 188 190 185 187 190 187 186 186 185 185 185 185 187 187 189 186 188 186 188 193 196 196 195 194 193 196 202 200 198 196 200 195 197 196 197 192 192 191 193 194 192 194 193 195 195 193 193 192 192 186 188 186 188 181 187 186 182 180 181 178 175 172 164 170 161 160 159 155 158 158 159 160 157 160 154 154 151 152 150 143 135 139 141 144 145 141 138 135 135 140 137 138 142 141 139 143 144 147 150 151 153 150 154 154 151 151 145 141 136 137 136 136 137 141 145 150 151 149 143 149 143 152 151 148 150 145 136 139 132 127 127 125 127 127 124 124 121 113 112 113 111 107 106 105 102 102 100 102 100 98 98 100 105 104 103 105 103 103 105 105 104 106 107 108 108 110 105 103 102 97 97 92 90 85 90 89 85 91 88 88 86 90 91 93 89 90 89 92 95 94 93 93 91 89 94 93 93 91 91 92 91 94 95 99 97 99 97 97 96 92 92 92 88 91 85 86 86 88 91 89 86 89 90 86 85 86 82 81 79 77 83 82 82 84 85 80 79 83 87 84 83 79 72 70 73 73 77 75 75 73 73 67 65 71 68 72 71 69 69 71 71 70 72 72 74 75 72 74 80 78 78 74 80 80 77 79 75 76 73 64 65 64 64 63 62 65 60 61 62 62 59 55 58 51 53 52 53 52 54 53 51 49 51 47 48 51 45 45 45 47 46 45 48 41 40 36 32 33 33 35 34 34 35 38 37 37 32 33 38 37 34 38 37 40 37 37 40 38 40 37 35 40 39 36 39 41 38 39 39 37 38 42 42 42 49 41 42 41 44 41 41 46 49 50 53 47 47 49 47 48 52 50 52 51 53 50 54 52 49 51 52 51 54 51 50 52 52 54 53 52 49 44 51 52 48 47 49 52 55 48 49 49 47 51 46 53 50 49 44 50 48 51 51 52 41 38 36 47 45 43 51 50 47 49 47 47 42 43 41 45 38
212 213 213 208 209 209 208 208 207 205 207 203 201 204 208 207 205 197 193 191 188 189 191 190 186 182 182 183 181 180 183 186 186 190 190 193 196 195 193 193 197 192 195 198 195 195 192 194 188 187 190 189 189 188 192 190 183 183 190 186 188 187 183 187 189 186 190 191 194 194 193 195 191 195 196 198 196 195 198 197 197 194 197 193 188 190 185 186 189 193 190 191 192 191 193 198 198 195 196 190 187 188 183 183 184 184 185 181 181 179 179 170 169 164 158 160 159 154 155 156 158 155 156 152 146 150 144 141 142 140 141 142 137 140 137 135 133 132 137 135 132 135 135 136 137 138 144 139 143 151 148 152 152 148 152 147 138 134 132 138 135 138 141 143 149 150 149 143 145 144 143 145 143 141 140 137 141 137 135 131 129 130 124 123 119 116 114 117 115 112 108 107 103 103 104 102 101 99 103 102 105 108 108 107 108 107 108 110 109 110 110 110 114 112 114 109 106 103 99 99 100 95 92 91 94 92 89 90 89 87 90 91 89 92 95 96 93 98 98 97 92 95 90 94 96 99 99 94 95 99 99 102 104 102 103 101 100 96 97 94 95 94 98 97 92 90 92 96 92 92 89 92 91 89 93 89 82 90 84 85 88 86 86 85 85 83 83 86 83 79 72 76 76 74 78 75 76 75 72 72 68 64 70 67 72 70 72 68 66 71 73 75 73 74 70 69 72 81 76 76 78 78 77 78 77 78 77 80 76 69 68 67 66 61 69 65 62 63 65 66 60 54 57 54 55 55 54 53 49 56 48 49 48 50 49 43 45 50 47 46 45 45 42 42 36 37 33 33 34 33 32 33 39 38 40 36 36 40 38 38 36 38 40 39 34 38 36 39 35 38 39 38 42 38 40 43 42 36 38 40 40 42 43 46 41 43 46 41 46 43 48 50 53 56 51 49 51 47 47 51 55 55 53 51 50 55 55 55 49 52 51 54 49 54 52 54 52 58 53 57 50 53 53 54 50 48 51 50 49 51 52 50 54 52 51 53 55 55 53 58 52 54 57 45 43 44 49 45 45 52 50 52 55 48 45 46 43 41 45 35
217 214 211 209 210 210 209 206 205 211 208 202 199 203 207 205 198 192 191 191 189 185 185 188 184 182 180 178 179 181 183 182 184 188 185 191 191 194 192 189 197 193 196 197 197 193 193 195 188 188 191 189 192 191 189 189 188 185 188 186 189 187 190 185 186 182 189 192 193 191 194 196 194 192 196 195 194 191 195 190 192 189 192 189 186 185 179 181 185 186 185 192 191 193 198 198 196 194 194 190 194 191 188 191 186 183 185 181 181 175 177 173 168 165 163 159 158 157 160 161 159 156 156 148 151 151 149 145 146 136 141 143 141 140 135 132 133 133 131 130 132 135 134 132 137 135 136 137 138 140 140 143 144 140 143 141 135 130 133 136 135 136 141 142 143 142 145 139 142 140 138 138 138 133 136 138 138 135 136 134 134 133 128 121 121 118 122 116 113 108 106 107 105 100 103 105 104 105 106 105 108 110 111 114 111 109 112 110 113 112 114 114 114 111 113 111 107 107 106 106 102 103 100 96 97 90 91 90 91 85 90 92 92 93 96 96 97 101 101 98 97 100 98 101 100 99 98 98 100 102 106 110 109 108 110 103 101 101 96 103 98 96 96 98 94 97 93 98 93 96 96 95 92 92 92 90 88 87 85 82 89 87 88 88 88 89 89 89 83 85 78 78 77 75 79 74 79 77 73 71 72 68 71 70 70 71 75 74 74 71 78 71 71 75 71 70 75 74 76 79 78 83 82 78 81 79 81 78 79 77 72 71 70 65 69 66 69 68 65 69 63 62 66 58 58 54 54 57 51 52 54 53 57 54 52 47 46 51 52 50 45 47 41 39 38 36 34 39 37 38 40 39 39 41 40 37 35 39 37 36 36 39 40 37 35 33 37 37 35 35 37 33 39 43 38 46 42 35 38 40 40 43 41 45 45 46 44 46 44 46 49 48 53 52 50 54 53 49 51 54 53 52 54 52 54 53 52 55 52 54 57 56 53 56 54 52 53 56 54 52 54 54 58 53 52 52 52 50 50 56 54 51 51 54 54 51 55 57 55 51 52 50 49 48 47 44 53 51 49 48 54 54 51 47 47 45 44 46 41 42
217 214 211 211 212 209 208 202 203 208 206 204 199 203 205 201 199 195 194 187 186 182 180 185 182 179 181 178 172 180 182 182 176 174 180 178 186 187 185 186 191 187 189 198 197 194 195 196 195 189 193 192 192 192 191 190 189 187 190 191 186 190 186 187 186 187 187 187 187 185 191 197 190 189 187 193 193 191 193 187 187 185 189 190 184 180 183 180 182 182 189 185 188 185 194 195 192 194 195 191 190 189 187 187 186 187 185 182 180 178 179 171 173 168 169 159 155 152 155 158 163 159 154 149 149 146 142 140 137 136 138 139 139 139 135 134 132 130 130 130 129 129 132 129 132 132 134 134 135 136 132 138 141 137 137 136 136 134 135 134 132 132 137 139 141 141 143 139 141 138 136 135 135 136 133 134 135 136 135 133 129 125 122 117 120 121 121 117 115 110 112 110 107 106 110 110 108 111 114 112 110 112 114 115 110 110 115 116 115 115 113 114 112 113 114 108 107 107 110 109 107 105 102 100 101 97 98 95 94 89 92 92 93 94 102 99 100 100 103 101 102 102 100 100 103 104 104 103 103 104 108 112 113 110 108 106 103 100 100 100 99 102 101 103 97 95 97 96 102 99 102 101 97 97 97 94 91 92 89 92 93 90 91 91 89 91 88 91 86 83 80 81 80 78 79 81 79 77 73 69 73 73 76 75 72 73 79 76 73 77 71 78 71 76 73 78 76 75 79 82 83 80 76 81 83 77 81 79 82 81 76 75 71 70 72 71 71 71 68 66 64 66 66 64 59 61 56 56 54 56 57 55 52 52 53 50 52 49 52 51 49 45 43 42 37 38 35 38 37 35 40 37 37 39 40 41 32 34 37 34 37 39 39 38 36 35 38 36 38 39 39 40 39 41 42 43 45 43 41 43 46 40 47 44 44 43 43 49 47 50 46 47 52 51 49 54 56 50 48 48 50 50 53 52 55 53 54 53 57 52 54 58 55 56 57 55 56 56 58 54 57 53 56 58 51 49 54 52 51 52 52 53 50 55 52 51 55 56 52 53 56 51 52 49 49 43 48 47 52 45 49 48 45 46 49 45 44 49 46 34
214 211 208 206 209 208 208 206 204 208 205 203 200 200 203 202 196 194 195 193 187 186 183 187 190 186 178 175 173 175 181 175 175 173 173 177 183 183 181 182 190 184 187 190 197 195 196 196 198 196 197 193 193 193 193 193 191 186 187 192 189 186 184 184 186 189 186 186 185 180 187 186 188 188 188 187 192 188 189 184 185 186 189 192 181 175 182 180 178 181 184 182 188 187 187 192 192 194 193 190 191 188 188 190 185 188 184 183 179 178 179 170 172 168 161 157 152 149 151 153 151 153 152 144 148 144 141 140 134 138 139 135 141 140 137 138 132 129 130 129 125 128 126 127 128 129 132 132 129 129 127 132 131 133 135 135 135 135 133 131 133 133 136 136 139 139 138 136 139 138 139 137 135 134 131 136 136 136 133 128 129 124 123 125 124 124 122 121 118 114 112 116 114 112 112 114 113 116 119 116 111 111 114 114 112 116 118 117 118 113 109 112 114 111 109 109 109 107 110 109 109 108 107 102 103 100 101 97 96 93 98 96 96 98 98 101 102 101 106 107 105 105 106 106 105 106 106 105 103 109 113 113 113 110 109 108 105 106 106 107 108 108 106 103 103 103 102 103 106 103 107 104 98 98 100 98 97 94 96 94 95 93 94 94 94 95 91 93 89 82 81 84 84 84 81 79 80 77 72 69 69 71 72 71 72 74 77 73 77 75 77 81 79 77 79 81 77 74 81 84 83 87 85 82 84 81 85 83 82 82 80 81 75 73 72 69 74 72 74 70 68 67 60 58 57 59 55 54 50 56 59 54 57 51 51 52 51 48 54 53 47 47 48 43 39 40 37 38 35 39 38 40 42 41 39 36 39 40 38 38 35 37 39 41 35 37 40 37 38 42 41 39 43 44 39 46 44 44 42 43 39 43 42 47 47 49 46 47 44 53 50 47 53 54 51 54 55 57 55 55 49 51 54 55 58 54 54 56 54 57 59 56 56 52 56 59 61 57 55 56 55 52 58 55 58 57 55 56 60 59 56 50 49 52 55 52 58 54 53 53 54 52 56 52 47 47 49 48 44 47 49 52 48 45 47 46 48 45 42 36
215 215 213 209 209 207 202 207 204 209 206 203 200 204 204 199 192 194 190 190 186 187 183 186 186 182 180 177 178 178 179 177 171 174 171 173 174 177 177 179 188 183 183 195 198 196 197 196 193 196 196 197 198 194 191 192 191 191 189 188 186 187 183 180 185 184 183 185 181 187 190 189 184 187 186 188 188 184 189 187 183 183 182 182 178 180 183 181 180 185 188 179 188 186 188 189 191 193 191 191 191 188 189 186 183 183 183 183 180 177 176 165 165 161 160 152 152 143 144 150 149 149 153 147 146 144 143 142 136 139 140 132 136 134 132 133 131 128 129 125 124 124 126 126 126 128 131 131 129 127 128 127 129 128 128 131 135 135 132 130 128 131 134 131 132 133 133 134 138 137 140 137 139 139 137 137 133 132 134 129 122 125 124 128 127 125 127 128 122 120 120 117 117 120 119 117 117 117 118 115 114 110 114 115 116 116 117 120 119 114 112 110 111 110 109 110 110 110 111 112 112 108 107 105 105 101 103 100 101 98 102 97 98 101 102 102 105 105 106 108 106 105 110 108 110 108 108 108 108 113 117 117 116 112 112 107 104 102 111 111 112 109 112 108 107 107 108 109 110 106 108 108 101 98 100 100 98 100 99 99 99 99 100 98 97 96 93 91 80 84 85 85 82 83 84 84 79 75 71 71 72 73 71 69 70 75 74 72 74 78 72 83 81 79 77 80 77 77 83 79 82 85 84 85 83 80 80 84 84 83 80 80 72 71 77 74 77 70 74 72 69 69 62 57 59 58 57 58 53 56 58 56 59 56 55 51 53 54 55 49 46 47 45 40 42 41 38 40 41 41 41 40 38 41 41 40 39 38 39 37 39 39 40 44 38 39 40 34 39 40 42 41 41 44 41 46 48 45 44 44 45 46 46 43 49 47 44 46 47 49 52 50 50 55 54 55 54 48 51 51 51 53 57 57 58 58 56 58 56 57 59 59 61 60 58 59 58 58 63 60 56 59 59 60 56 56 59 56 57 56 56 52 55 57 52 49 59 57 52 53 52 53 55 54 52 50 50 51 48 48 51 50 51 51 53 48 52 52 45 33
216 216 212 212 210 204 204 207 205 204 205 206 208 206 199 199 194 193 191 187 185 190 190 185 185 184 182 178 180 178 180 174 174 172 170 173 176 167 176 174 181 182 191 191 191 193 196 197 196 195 192 193 193 190 190 192 185 182 179 182 176 184 181 187 183 186 182 180 181 182 182 187 185 183 190 189 191 189 190 185 190 183 182 179 185 182 183 184 180 185 185 182 184 185 188 191 189 189 189 188 188 184 185 182 183 183 179 178 179 177 175 174 167 161 160 154 152 150 147 142 146 145 143 143 146 147 142 138 134 141 139 137 135 131 131 129 128 128 124 124 122 119 122 124 121 123 126 127 127 126 126 127 125 128 127 127 128 129 131 130 127 130 131 132 127 128 129 130 138 136 140 138 137 137 133 134 132 130 132 127 124 129 127 132 128 127 131 130 127 126 123 123 121 120 120 115 117 119 115 115 112 114 115 112 113 114 114 113 112 111 112 108 104 107 108 110 111 112 111 112 111 109 110 108 110 107 106 103 101 102 104 100 102 104 103 104 106 104 107 109 110 110 111 110 114 113 109 111 113 118 122 122 119 116 115 109 103 101 107 117 113 111 114 113 111 111 113 113 111 107 112 111 105 107 107 106 104 103 103 104 107 107 104 101 102 99 92 89 83 84 86 84 87 82 83 84 78 74 74 76 74 70 73 70 73 75 77 73 72 75 73 82 80 79 75 76 75 75 76 76 75 82 85 88 87 82 88 85 80 81 82 75 78 76 75 74 72 74 73 77 71 62 62 60 59 61 58 56 58 59 58 59 56 57 55 53 52 52 52 51 49 46 42 39 39 41 41 40 41 40 43 38 39 41 38 37 39 32 40 40 40 39 41 39 39 42 41 40 41 41 39 41 41 42 43 47 47 48 46 46 45 46 45 46 51 48 48 48 51 48 51 46 52 54 53 56 53 55 54 54 55 53 59 60 57 59 64 61 55 59 61 58 56 59 58 60 56 61 61 60 58 62 57 58 62 57 60 59 60 64 59 55 58 53 57 55 59 54 56 53 54 58 60 55 51 53 48 49 51 53 55 55 50 48 48 49 47 48 41 38
214 216 213 210 207 206 206 209 204 206 210 204 203 203 199 197 195 192 191 192 187 192 195 195 191 192 183 183 177 175 179 175 174 172 171 172 175 169 176 173 181 185 191 192 190 194 193 196 187 187 179 182 182 184 182 182 180 180 175 177 177 178 177 177 179 180 180 178 180 182 179 188 188 180 192 190 185 186 188 183 188 189 188 184 186 185 180 182 184 183 183 183 183 185 187 187 188 190 186 185 187 186 185 188 183 184 184 180 178 178 174 172 168 163 158 154 153 145 146 143 143 138 139 138 141 143 143 135 137 136 138 137 133 132 130 124 124 124 123 123 122 121 122 122 120 114 115 116 119 123 126 125 122 123 127 126 123 124 128 128 125 124 127 127 122 125 129 130 134 137 138 140 140 141 140 134 131 135 133 131 127 132 131 136 135 130 138 138 137 130 126 126 123 119 118 114 116 118 112 113 113 114 113 110 110 113 114 113 111 109 112 110 108 109 111 108 109 110 110 112 108 109 108 109 107 107 105 102 103 105 101 104 104 106 107 108 108 106 108 110 109 110 112 115 117 117 113 111 114 121 119 117 115 111 110 110 115 108 107 117 116 115 117 114 112 115 114 114 115 114 113 112 111 110 112 113 109 108 107 106 107 105 105 107 104 100 93 91 88 86 89 84 85 86 88 85 83 75 79 78 78 74 75 74 71 78 71 76 74 74 77 86 85 82 80 75 82 78 79 79 75 74 83 86 89 86 87 87 86 82 78 78 80 83 77 78 80 77 73 76 68 69 63 62 59 59 55 60 54 57 63 60 55 57 58 51 53 49 48 48 47 44 45 40 40 41 44 40 41 43 42 42 39 39 38 38 43 41 41 39 44 46 44 43 42 45 43 42 47 43 43 47 46 46 44 52 51 46 48 49 48 48 48 47 47 49 49 47 52 49 56 51 54 57 56 58 54 56 56 55 61 59 63 59 57 60 59 62 57 60 57 60 61 56 63 63 59 64 63 61 57 62 62 62 63 59 58 62 61 66 65 58 58 54 55 59 58 55 60 58 56 53 62 59 56 57 56 52 57 49 54 50 50 43 47 46 51 44 38 35
214 213 212 210 207 209 208 208 202 202 207 205 205 202 199 198 193 199 197 193 194 195 195 196 197 192 193 181 183 174 178 177 175 172 172 172 172 171 175 178 182 182 191 187 191 189 185 188 188 184 179 180 173 172 172 175 167 170 170 174 173 170 170 168 169 174 170 172 176 178 178 184 182 180 184 184 187 187 186 183 182 182 190 183 187 184 186 186 184 183 185 182 184 183 183 186 186 184 184 177 186 181 180 179 180 184 180 182 180 178 173 168 163 162 158 152 152 143 146 142 141 140 142 140 138 139 141 140 140 135 138 137 130 130 126 121 119 120 122 122 118 118 120 119 116 107 110 115 111 113 117 120 119 124 127 123 124 123 125 125 124 129 126 124 122 125 127 126 129 135 136 145 139 141 142 141 138 134 136 134 129 133 134 138 132 136 138 141 134 132 130 126 124 120 120 117 112 113 112 118 113 111 111 112 110 110 110 109 110 109 112 111 112 110 110 109 108 110 111 112 109 109 108 109 110 107 106 108 108 104 106 106 107 106 107 107 109 107 110 112 114 115 115 120 120 119 119 114 115 123 123 122 119 111 114 118 119 112 107 111 118 117 118 119 117 115 119 116 116 118 115 114 113 109 111 111 111 112 111 108 108 102 99 101 99 94 89 91 85 86 87 87 87 87 86 84 78 76 75 77 78 78 76 77 80 77 73 79 72 72 76 82 81 79 79 76 78 77 82 79 79 79 81 92 86 88 87 91 83 82 80 75 83 84 89 85 77 72 68 69 67 66 60 61 62 62 62 54 55 61 61 61 59 60 54 51 51 51 51 49 46 42 44 45 38 41 46 42 42 43 44 36 39 43 43 43 43 42 40 40 47 46 48 43 45 44 44 48 43 44 46 45 45 49 46 49 51 52 51 50 53 52 53 52 50 52 51 53 53 52 58 54 53 60 59 56 56 56 59 60 60 55 60 60 64 62 66 63 62 58 59 60 64 61 62 61 64 64 63 67 64 63 68 68 66 64 60 63 62 67 63 61 61 57 57 63 58 58 53 54 62 60 60 60 59 55 54 51 54 53 56 54 53 52 54 52 61 52 49 36
211 212 213 208 208 212 209 207 202 204 205 202 204 206 205 200 198 198 195 198 194 195 194 193 193 191 189 187 180 174 181 178 180 173 171 169 170 173 171 182 180 182 186 184 182 184 187 187 189 177 177 171 171 168 169 164 165 163 167 170 164 164 166 168 169 170 169 170 174 170 175 171 180 174 177 179 178 179 181 184 183 182 190 188 187 185 181 182 184 182 185 182 183 184 185 185 184 185 185 181 179 180 177 179 181 184 183 178 176 171 173 168 165 157 155 150 148 143 143 137 141 138 136 137 134 138 138 138 138 136 136 134 131 129 124 124 121 120 121 119 119 118 119 118 115 104 105 107 112 114 117 120 116 120 122 124 123 121 123 124 121 123 125 124 120 123 127 130 131 131 131 139 138 144 143 143 140 137 140 135 127 130 133 137 134 138 139 146 137 134 134 129 127 125 123 118 115 116 117 114 116 116 115 112 114 112 111 112 110 110 113 110 109 111 110 110 111 113 113 114 110 107 111 110 106 108 109 113 109 105 108 108 108 106 109 110 111 110 113 117 118 117 114 119 123 121 125 121 121 124 125 123 123 121 125 115 117 107 109 113 119 124 124 122 120 117 121 122 120 121 120 116 115 112 115 114 112 116 117 114 108 102 98 100 95 92 89 95 89 87 91 90 87 88 87 83 83 79 80 76 80 83 77 76 75 76 77 78 77 81 81 80 82 82 80 82 80 76 83 82 79 81 80 86 89 90 83 87 91 84 87 81 86 83 86 80 73 70 70 69 62 61 62 60 67 60 56 56 56 56 59 60 54 55 55 51 51 48 48 46 42 44 45 45 40 43 45 45 46 43 43 39 42 44 43 44 45 47 45 41 44 46 46 44 43 46 47 48 48 48 50 49 50 52 52 50 48 48 54 51 55 53 56 55 50 56 55 56 55 55 56 53 56 62 61 60 60 56 59 62 61 61 67 62 63 63 69 64 62 63 63 67 64 65 68 62 64 63 61 62 63 63 71 65 63 65 65 62 64 68 67 60 62 58 59 63 64 60 59 56 58 60 58 56 58 59 59 57 65 59 60 59 58 59 49 51 63 54 59 45
212 211 208 207 206 204 207 208 205 206 205 202 204 205 204 200 204 201 194 194 198 193 190 190 188 190 187 187 183 177 182 177 178 174 176 175 171 171 171 175 176 183 182 185 186 186 186 180 184 177 174 168 166 162 166 162 163 161 165 161 160 166 164 162 166 165 174 168 171 169 174 169 173 168 169 172 176 175 176 175 182 182 184 188 182 184 183 184 180 182 185 181 180 181 183 181 183 185 184 183 180 180 179 179 182 183 184 182 174 176 174 164 168 164 155 151 147 139 143 139 136 139 134 133 130 134 135 138 132 134 135 135 130 128 123 123 121 118 117 117 115 117 113 113 110 104 104 106 113 118 118 120 115 115 121 121 118 118 118 121 120 123 121 123 122 124 127 130 129 127 123 132 140 138 139 134 137 137 138 135 131 135 135 137 138 138 140 142 136 134 135 133 129 126 122 120 117 117 118 121 120 117 115 116 117 111 112 114 113 112 113 116 111 114 113 114 112 112 114 113 111 112 112 112 111 112 112 112 109 111 111 114 111 113 113 116 114 117 120 121 121 123 123 123 125 125 132 134 131 129 129 126 126 123 124 116 111 110 117 126 125 125 124 124 124 125 126 122 124 126 122 123 117 114 116 117 115 114 118 117 112 102 96 91 91 92 88 93 89 91 90 91 90 90 87 86 85 84 80 82 83 84 81 76 76 75 83 81 80 83 83 88 89 87 87 89 87 77 80 85 84 79 78 79 86 86 87 84 86 90 84 81 85 83 82 77 71 71 70 62 60 62 59 60 63 58 58 55 56 63 55 56 53 54 52 50 48 46 47 44 43 44 45 46 43 46 42 46 47 45 42 43 40 44 50 45 51 45 46 45 44 45 45 48 50 44 49 50 50 49 51 50 53 52 50 51 52 51 54 56 52 57 57 54 58 57 50 53 56 55 55 61 65 66 65 62 61 64 65 61 66 65 67 66 65 66 66 68 71 72 68 71 72 73 67 64 68 66 64 61 69 65 66 70 64 66 65 60 66 67 63 61 61 55 60 61 58 60 61 61 62 57 56 56 58 53 53 54 59 59 60 55 52 52 52 55 51 53 47 47
211 210 208 210 205 204 203 204 205 206 200 201 206 206 206 204 203 202 200 197 200 197 193 191 189 192 186 187 185 182 178 179 176 176 180 177 172 172 177 180 179 179 178 185 186 184 186 185 181 180 185 178 169 166 163 165 165 169 163 159 161 165 166 162 167 169 171 166 173 173 172 171 167 164 169 172 172 174 178 172 178 182 181 184 187 184 187 184 179 176 183 183 182 176 179 178 183 182 182 183 181 183 182 177 176 183 183 175 171 180 173 165 165 158 153 150 148 141 142 140 136 136 134 133 129 133 132 135 135 135 134 137 135 127 125 121 119 118 115 118 116 112 114 115 111 106 107 111 112 115 118 121 118 118 119 121 117 116 112 111 116 115 119 122 119 124 128 128 128 125 122 130 136 134 133 124 125 136 139 137 132 133 132 129 139 142 140 140 141 138 137 132 127 124 122 123 121 120 120 121 120 121 117 118 117 115 115 114 113 115 113 115 115 115 114 115 113 116 118 116 116 115 114 113 115 115 115 114 112 113 114 116 113 116 116 117 118 119 122 125 124 125 127 133 136 135 136 133 132 130 126 125 125 125 129 123 120 122 127 130 127 127 123 125 129 129 131 129 130 127 126 127 123 119 118 117 116 116 122 120 118 108 99 90 90 94 90 97 91 88 90 88 90 90 87 84 83 84 79 83 81 81 82 84 85 76 80 82 81 84 88 88 91 88 85 84 88 81 82 79 82 79 78 81 81 82 88 89 90 86 85 78 77 78 75 69 71 70 66 63 59 62 62 67 63 63 55 55 62 60 55 54 55 55 52 51 45 46 46 43 44 43 45 50 46 47 45 48 51 47 48 50 48 45 48 48 46 47 49 45 44 47 47 48 55 54 49 48 50 48 50 49 52 50 56 53 50 52 52 53 58 58 57 63 62 60 58 56 55 58 60 62 63 61 64 65 65 65 68 63 64 66 68 67 71 68 68 67 65 68 74 69 70 72 72 66 67 65 67 64 64 66 67 70 70 66 64 66 65 64 64 64 60 62 63 62 58 64 62 61 59 57 59 57 56 52 51 52 53 60 58 53 53 53 54 54 51 51 51 49
213 212 209 209 205 204 207 201 203 202 202 205 206 204 206 207 205 207 205 202 201 196 199 193 191 186 188 190 186 184 172 176 181 179 181 176 179 179 182 183 179 179 181 186 187 184 183 179 181 180 188 183 175 166 171 178 173 172 169 163 169 179 181 169 167 168 170 169 174 169 171 174 171 166 165 176 170 173 172 173 178 175 177 179 182 187 184 181 183 177 178 177 174 179 180 183 181 178 182 183 182 178 180 182 174 182 181 180 178 173 170 168 161 157 160 152 148 145 141 141 139 139 137 131 130 129 132 129 135 135 132 135 132 128 123 123 119 116 117 115 111 110 114 113 110 106 108 109 109 111 115 117 115 115 116 118 117 115 107 107 114 113 113 118 119 125 129 129 126 122 122 129 132 132 130 128 127 133 134 138 132 132 132 131 135 140 139 139 135 129 134 136 126 124 122 122 124 121 121 124 121 118 116 118 114 116 118 118 117 114 118 116 117 116 117 117 116 117 118 114 117 116 115 115 114 116 118 119 117 116 118 119 116 118 118 119 122 121 124 129 127 125 128 131 133 134 133 129 135 134 131 132 131 126 129 128 129 129 130 129 125 126 126 130 135 131 131 132 130 134 130 121 115 111 118 121 118 114 112 114 115 100 98 93 89 88 95 98 92 88 91 87 86 88 86 85 85 82 83 82 84 80 79 83 86 80 82 83 85 88 88 90 87 87 86 86 82 82 84 85 84 81 77 76 80 82 83 82 85 76 77 73 74 74 69 70 71 68 64 62 61 63 61 65 63 61 57 55 57 55 56 55 50 52 49 45 49 47 45 45 46 49 51 54 51 51 51 50 54 50 48 49 48 54 53 54 51 52 47 43 44 46 49 49 48 53 50 51 52 51 53 52 53 51 55 50 53 52 52 58 58 59 58 60 60 58 59 57 58 59 63 65 65 67 66 65 65 72 69 67 68 68 69 71 66 65 68 69 68 67 74 69 71 73 68 69 71 66 63 66 66 63 65 68 70 64 67 62 66 70 66 66 67 65 64 68 63 63 66 61 60 60 58 58 58 52 50 54 60 60 60 54 59 60 58 54 55 57 57 49
209 211 208 206 207 202 199 200 199 203 200 204 204 202 204 207 206 210 201 202 200 201 197 193 186 188 190 192 192 180 182 177 180 180 183 179 180 183 182 184 181 178 180 185 184 179 180 181 185 180 182 184 189 180 177 174 178 184 179 173 178 183 187 185 176 167 167 167 170 171 166 170 167 158 163 169 170 171 172 170 170 173 175 179 183 185 180 180 182 182 177 175 177 176 176 174 179 177 181 182 184 181 183 180 175 178 184 181 176 174 171 167 164 157 162 154 149 150 143 143 140 136 136 131 128 132 128 131 127 133 131 133 128 124 126 123 119 119 115 113 114 110 111 113 110 110 113 113 109 110 115 114 117 116 119 117 118 115 106 109 116 113 117 119 125 125 127 129 124 120 122 129 129 126 130 122 127 127 130 138 134 139 135 130 126 132 139 142 140 133 136 134 127 128 127 125 123 125 123 121 121 117 119 116 118 119 121 121 120 117 119 119 119 119 122 120 118 118 118 115 121 118 117 118 120 120 120 119 120 118 121 121 118 118 118 120 120 118 121 127 126 124 131 127 129 132 134 135 134 133 133 130 132 128 131 129 131 127 128 130 132 128 129 130 133 136 137 132 132 134 124 116 113 117 114 116 116 118 112 116 112 101 95 97 95 94 96 99 95 86 86 87 88 88 87 88 85 84 83 85 82 78 78 83 84 81 85 88 88 87 91 92 89 88 86 84 84 83 78 83 79 80 80 77 80 86 80 80 74 76 76 74 67 73 67 66 63 62 63 60 58 61 58 59 60 59 55 57 54 55 55 51 52 49 45 46 47 49 46 46 49 57 56 49 46 49 53 48 54 55 50 54 47 48 53 54 56 53 46 47 49 48 51 51 47 49 52 51 52 52 55 54 53 55 54 54 51 50 55 59 59 57 61 60 66 63 60 61 60 63 67 64 62 68 62 66 69 68 66 65 73 68 65 71 66 68 69 72 68 72 74 72 69 72 70 66 72 69 69 67 64 62 67 65 66 66 64 64 70 65 66 60 62 63 65 62 67 64 63 62 58 62 57 62 58 56 53 55 56 60 56 53 54 60 56 56 54 60 57 44
205 210 208 206 207 198 197 194 196 202 201 200 199 201 200 202 206 206 203 200 202 197 194 190 189 190 190 190 189 182 186 180 181 179 180 180 181 183 182 184 181 184 185 179 186 182 181 181 183 188 184 179 185 180 178 173 169 178 179 176 179 176 180 187 180 175 166 170 169 166 168 171 164 160 166 165 166 165 166 170 174 170 176 177 179 179 183 186 178 180 180 180 175 178 178 177 181 174 181 182 180 182 183 183 182 178 181 183 177 172 173 165 165 165 161 155 151 152 152 144 138 138 136 131 132 132 128 130 128 133 134 135 130 125 124 123 121 118 119 113 113 110 113 110 111 111 114 110 110 111 113 116 115 115 113 113 111 110 109 109 114 116 118 121 123 126 131 126 124 119 124 126 125 128 129 127 126 125 124 138 135 138 135 139 133 130 138 143 144 138 132 135 129 131 130 128 123 126 125 122 123 120 121 118 119 120 121 125 123 121 120 121 119 123 122 120 118 118 122 120 121 123 122 122 123 125 122 121 122 118 119 121 123 121 119 121 121 123 127 131 127 128 130 128 131 133 135 135 137 140 140 133 128 129 132 130 130 130 134 131 132 133 132 130 131 137 136 133 134 126 117 119 125 123 117 113 119 118 119 116 109 103 98 102 101 93 94 91 89 87 84 79 85 84 84 84 85 82 87 80 78 79 78 82 88 86 83 85 88 90 92 91 90 90 88 84 85 84 79 83 79 78 80 78 75 77 75 75 75 74 70 67 67 70 64 63 63 60 60 59 56 60 57 62 62 60 54 56 54 50 52 49 46 47 48 47 46 45 48 48 55 58 62 47 42 50 49 51 54 57 55 52 51 56 57 53 54 56 51 51 52 48 55 47 53 54 54 55 50 55 56 52 56 54 52 51 55 59 56 54 55 60 61 58 57 62 61 63 61 67 71 65 66 70 73 68 70 71 66 68 69 71 70 70 68 75 75 72 72 76 77 75 77 74 74 69 69 69 71 65 69 65 70 64 70 68 64 68 67 63 66 66 64 64 61 64 63 57 62 67 60 53 56 67 60 56 54 51 59 61 59 53 57 60 56 54 55 61 57 45
208 207 205 208 204 204 202 196 197 200 195 198 199 201 201 201 203 201 202 202 202 197 193 185 185 189 193 188 193 185 185 176 181 183 182 180 182 184 185 179 179 183 181 179 183 182 180 183 182 184 182 175 180 185 185 180 175 180 182 175 176 175 177 178 185 174 169 171 170 167 168 167 165 163 160 166 166 170 166 163 170 169 174 172 176 182 184 184 182 179 176 175 170 175 179 174 176 173 178 178 179 186 182 180 178 182 186 180 177 176 170 171 166 166 160 158 153 153 151 148 137 138 137 131 130 131 127 131 132 129 130 129 127 125 124 122 120 119 116 113 113 113 111 110 110 109 113 112 111 110 114 114 112 114 113 112 110 109 112 117 117 116 118 121 124 128 130 124 120 119 117 118 120 122 125 128 127 128 129 133 138 140 140 138 139 137 139 141 147 138 141 143 133 130 131 134 131 127 127 124 124 121 123 123 122 121 121 124 128 124 124 125 123 123 125 121 123 126 126 126 123 125 127 128 124 124 123 122 121 121 121 118 122 123 122 122 121 125 129 130 128 130 132 130 133 133 136 141 137 140 142 140 135 133 134 131 130 133 135 131 137 137 137 137 134 135 138 133 131 132 123 122 124 131 134 132 126 125 111 111 110 110 105 101 100 92 88 88 88 84 86 81 80 79 82 84 86 80 84 79 79 79 84 86 86 88 84 88 87 90 92 92 90 88 89 81 81 82 80 74 76 75 71 72 69 72 69 73 70 67 69 66 63 63 58 60 56 54 59 61 55 59 57 58 57 56 50 47 49 48 49 44 49 53 54 50 53 53 52 50 54 56 58 51 49 53 52 56 53 57 58 57 54 55 56 54 52 54 53 47 53 49 53 47 53 54 54 56 54 51 54 52 55 57 56 54 55 55 56 53 57 62 63 60 65 66 62 65 64 68 66 65 65 70 69 64 70 69 70 72 70 73 69 69 69 68 75 72 71 79 74 72 74 74 75 68 67 71 71 71 68 68 68 63 68 64 70 68 67 67 65 64 64 67 67 65 63 60 63 63 59 54 58 62 59 58 57 56 56 59 58 56 55 59 54 55 56 58 52 46
206 204 200 202 202 201 201 199 199 203 199 198 198 197 200 204 205 203 199 195 197 198 193 193 191 193 192 187 191 188 189 181 179 181 184 190 181 177 180 179 181 185 182 183 182 176 177 185 177 183 185 181 187 186 182 179 178 181 181 176 175 177 179 174 178 178 171 173 166 167 167 168 168 167 165 162 165 166 164 164 169 166 172 173 174 182 187 184 177 176 174 174 173 175 172 175 168 170 174 180 179 179 182 181 181 178 180 181 179 178 169 173 171 166 156 157 155 157 154 150 144 138 136 135 129 130 127 131 130 131 133 132 127 126 125 121 119 119 117 117 111 114 111 110 110 110 112 113 112 111 115 113 114 116 113 111 108 108 112 117 118 116 120 123 119 124 126 123 122 120 113 111 116 122 123 123 120 122 117 126 138 148 146 146 139 142 146 154 159 153 147 146 137 134 134 137 135 130 127 125 127 125 126 128 127 126 127 129 127 123 127 128 124 126 125 128 124 128 126 122 124 122 131 130 128 125 123 120 122 120 121 121 118 120 120 121 121 125 130 129 130 131 133 131 131 133 138 140 145 143 142 139 133 130 133 135 138 134 131 134 137 140 141 139 141 144 148 136 129 125 131 127 120 141 144 136 137 125 114 113 116 117 117 113 100 92 85 77 77 84 87 87 85 83 77 81 82 80 86 78 80 79 85 84 85 84 87 86 89 89 88 91 91 88 87 80 87 83 77 73 78 75 71 72 71 72 68 67 68 67 64 61 62 59 56 58 58 58 61 59 57 59 58 55 59 55 52 53 47 48 50 47 53 56 58 56 56 57 57 58 58 56 54 51 52 52 54 57 55 58 60 58 57 56 56 56 58 55 57 56 52 50 53 52 53 50 48 53 55 56 54 54 56 56 57 54 55 57 55 55 57 61 64 64 60 63 62 68 71 68 71 68 68 67 73 72 69 71 76 73 72 75 75 77 73 72 72 73 71 76 74 77 75 73 74 71 69 70 70 69 68 69 69 68 72 68 70 70 66 68 68 67 66 66 69 65 61 63 57 66 62 59 54 62 58 58 55 56 60 60 60 60 62 60 62 59 58 53 59 54
206 208 202 197 198 199 200 200 200 198 200 200 198 196 198 198 204 203 196 198 193 194 195 185 189 190 190 196 192 191 192 185 185 187 184 184 184 178 179 181 181 182 181 182 183 174 176 178 179 185 182 179 184 182 182 176 176 179 178 178 178 173 174 171 178 177 172 169 169 170 162 166 164 167 166 165 163 160 164 164 165 166 173 172 174 177 185 182 176 176 173 171 172 170 171 172 168 168 169 182 177 179 178 180 181 181 182 177 178 176 172 172 168 167 163 157 159 155 156 152 146 140 135 131 130 127 128 129 129 128 127 131 129 127 125 122 119 117 117 116 115 116 113 110 112 114 113 112 112 115 116 116 115 112 108 106 106 109 114 117 117 115 120 119 122 125 126 126 124 120 116 114 117 119 116 117 115 120 122 129 127 130 133 139 141 141 140 148 157 155 152 152 143 143 141 138 136 137 129 127 126 128 130 132 130 128 131 132 129 124 129 129 128 126 128 130 133 128 128 126 126 126 129 131 126 123 122 119 122 121 121 120 119 120 121 124 125 127 133 131 130 131 132 131 131 134 137 141 140 140 142 141 140 133 135 139 138 140 135 135 136 137 142 147 150 146 142 134 131 123 131 123 119 126 133 123 122 129 125 121 122 127 129 122 106 92 96 86 75 76 83 84 84 79 82 83 86 84 89 80 80 83 88 90 88 89 90 90 86 92 92 94 93 89 85 82 78 77 72 73 73 71 71 68 69 71 69 59 60 61 66 60 58 56 56 58 57 56 56 62 55 55 57 54 55 54 54 51 47 49 51 53 60 58 57 57 58 57 57 62 57 54 57 55 60 56 58 57 55 57 61 58 54 54 56 56 57 55 55 55 55 52 52 54 52 53 53 56 57 54 56 56 55 54 59 57 55 55 61 61 58 57 58 60 61 64 62 67 69 68 69 70 64 70 74 72 69 73 76 77 76 75 76 73 73 71 73 75 73 73 77 72 74 71 74 71 74 68 73 67 70 67 68 68 70 70 73 67 65 65 68 66 67 62 67 65 62 64 57 63 62 60 60 66 61 61 56 58 62 56 58 55 62 59 60 57 61 56 60 57
205 204 201 201 201 201 198 199 199 201 197 199 197 197 196 199 204 202 195 193 197 194 194 190 188 187 189 191 193 193 190 186 188 187 186 183 186 179 180 181 175 181 180 179 175 172 171 173 175 175 176 181 180 182 178 177 171 175 179 176 171 170 173 170 174 174 174 172 169 168 156 167 161 169 164 162 165 163 165 160 164 165 168 170 169 175 183 180 175 173 172 167 169 169 171 174 173 169 170 179 181 179 179 177 178 179 179 182 178 174 175 173 169 170 165 162 157 155 158 149 144 144 141 133 134 129 131 130 128 128 131 129 129 126 126 122 119 120 117 115 113 114 114 112 110 112 110 114 115 116 118 116 116 111 107 104 106 108 111 117 117 116 118 121 126 127 125 125 128 127 121 118 116 112 110 111 117 122 126 130 138 140 138 143 141 142 140 153 158 157 161 152 150 145 143 139 137 132 132 131 130 131 134 136 132 130 134 135 131 129 130 130 126 126 129 130 134 132 131 130 128 132 133 129 126 127 123 118 120 122 123 121 119 122 125 126 125 127 129 131 131 131 132 133 134 132 135 140 139 141 143 142 141 139 142 142 139 137 139 138 137 139 147 148 154 132 139 158 147 138 141 135 142 130 126 135 129 144 134 123 124 127 123 110 110 99 98 89 84 84 84 81 89 82 91 88 87 89 89 89 87 88 87 85 85 89 89 87 90 89 90 91 89 83 88 84 79 72 74 66 69 70 70 68 69 70 65 62 64 60 65 53 60 56 54 54 54 55 54 56 51 51 54 52 54 54 54 52 47 51 59 55 56 56 57 58 56 59 56 57 58 56 55 53 56 57 60 56 59 59 59 58 57 56 58 56 57 56 54 53 57 53 52 55 58 54 56 55 61 57 59 56 55 52 53 55 59 56 57 61 60 58 63 65 62 65 67 67 69 73 72 74 73 72 75 74 74 72 71 77 79 73 81 77 77 72 74 71 74 72 77 75 76 73 71 71 70 73 73 69 68 67 72 70 71 69 71 72 68 66 67 66 70 62 63 68 60 65 59 63 61 63 59 64 65 61 62 56 59 62 61 61 64 59 61 61 61 56 55 56
202 201 203 205 199 202 200 199 195 200 200 202 197 197 198 197 199 200 194 193 195 195 194 190 188 191 189 189 191 191 190 188 187 184 188 184 184 180 178 178 174 182 181 178 178 175 180 175 173 175 178 181 182 181 170 175 178 176 180 177 171 171 171 168 171 173 173 168 166 168 162 157 160 164 164 166 162 163 161 161 157 161 163 167 170 174 177 178 171 171 171 167 165 164 167 172 171 174 178 174 169 175 173 173 176 178 177 181 176 173 173 171 168 165 170 165 161 157 157 150 147 143 139 134 132 130 129 130 129 127 130 130 127 126 127 123 123 122 118 115 115 113 114 114 113 113 109 110 114 115 113 114 116 114 108 106 105 108 108 115 119 119 121 121 128 129 124 125 125 128 128 126 122 117 118 119 121 121 125 140 146 147 149 146 146 148 148 154 160 163 161 156 152 151 145 139 141 131 134 130 132 136 135 136 136 137 138 136 133 133 134 133 130 126 131 131 130 132 131 131 134 138 137 133 129 124 126 126 122 124 123 126 123 123 129 128 129 128 130 133 133 134 137 133 136 131 132 140 136 145 146 147 148 149 142 142 140 142 144 144 145 144 149 154 154 136 155 159 164 152 142 132 141 125 117 132 127 136 141 119 126 134 127 113 115 110 103 106 98 96 92 84 84 84 88 90 88 82 83 88 85 86 90 86 86 86 89 90 89 92 93 89 87 85 81 81 76 72 74 72 69 66 69 63 67 65 66 59 63 63 57 56 57 52 55 54 54 55 53 53 57 54 56 56 55 58 61 57 56 56 57 54 57 58 59 59 59 59 56 58 58 59 57 59 58 57 57 57 58 60 62 59 54 56 58 53 58 58 58 56 60 57 55 55 54 58 56 57 55 55 57 52 56 53 58 58 55 56 59 61 61 58 65 64 63 65 68 72 69 73 74 75 72 76 76 75 73 74 76 79 78 72 75 74 76 72 76 78 74 73 76 75 72 73 77 69 71 70 73 68 70 67 74 71 68 72 70 70 70 69 69 69 63 69 64 65 64 62 64 61 64 66 57 59 63 64 59 61 60 61 64 65 59 60 65 63 64 61 57 56
208 206 205 200 205 203 198 198 196 197 199 197 198 195 195 192 196 196 197 193 192 191 192 195 191 188 189 188 192 190 189 183 183 182 182 183 182 181 178 181 177 180 179 177 179 183 181 176 176 176 176 174 179 173 169 171 171 175 174 173 165 163 167 169 170 172 172 166 167 164 160 162 157 158 158 162 161 164 162 159 157 157 162 169 173 167 172 173 169 174 168 167 167 166 166 175 179 175 177 167 173 180 175 171 175 177 177 175 173 174 176 169 168 168 169 168 162 161 153 153 150 142 136 134 133 132 130 129 130 128 131 131 130 129 127 125 122 122 118 117 115 115 114 110 109 108 108 108 114 114 119 115 116 115 110 108 109 108 115 118 119 120 119 127 127 125 122 130 131 130 130 132 128 126 130 126 121 121 138 143 145 153 150 147 153 147 152 164 163 159 163 156 155 156 147 139 145 140 136 141 139 136 138 138 139 138 142 142 138 137 136 133 135 136 134 135 136 138 139 136 136 139 138 137 132 131 127 127 129 126 129 129 126 125 131 132 130 128 131 137 138 135 136 137 138 138 138 140 145 149 153 147 154 150 149 147 143 143 146 152 152 152 152 161 150 149 143 133 141 148 142 132 131 139 128 127 117 123 132 121 122 128 136 123 105 104 112 105 101 97 91 84 75 83 88 87 92 85 86 86 82 81 87 90 89 87 87 92 92 93 94 91 91 86 83 79 81 76 73 72 69 66 67 64 66 61 58 63 66 64 60 56 58 55 58 57 58 58 57 57 58 57 61 60 60 62 61 58 55 58 58 59 60 59 61 58 59 55 61 59 59 57 60 59 60 60 59 57 61 58 60 58 56 56 60 60 56 54 56 56 57 56 53 52 54 55 53 59 58 56 57 57 51 50 57 58 61 57 56 57 60 60 62 67 65 71 68 76 73 73 75 77 75 77 80 78 80 77 78 75 75 78 79 79 75 81 77 75 74 75 75 76 75 71 75 69 71 71 75 69 73 66 71 74 73 70 73 71 68 70 68 66 69 67 63 65 60 60 62 64 69 59 59 61 64 64 58 63 61 63 63 65 62 64 64 65 58 57 54 53
201 200 199 202 201 202 198 197 199 196 199 196 199 194 194 193 193 195 194 191 193 192 189 190 187 189 188 186 185 186 189 183 186 182 185 183 182 181 177 183 173 178 180 176 171 178 177 174 176 176 178 179 181 170 167 174 170 169 167 166 168 163 171 167 170 171 171 166 165 163 170 163 163 164 159 164 159 158 162 160 156 158 168 168 169 168 168 166 166 169 170 165 166 165 187 193 181 181 188 168 173 177 172 167 171 167 173 173 177 175 176 172 166 166 167 168 168 164 157 152 150 143 139 138 132 131 134 132 131 131 134 132 130 130 129 129 126 124 119 117 115 113 112 109 109 109 110 110 114 112 113 114 117 117 117 112 110 111 117 122 124 122 127 128 127 127 128 130 130 133 134 137 134 137 143 131 130 133 141 152 147 154 144 152 145 128 157 169 168 160 162 156 158 160 156 149 148 151 148 148 143 144 142 142 140 140 148 142 140 142 143 141 137 140 143 142 142 141 143 135 138 141 138 138 133 131 131 129 127 129 129 131 126 134 138 136 135 132 134 141 140 141 138 144 138 140 141 142 148 152 150 147 148 145 146 149 151 150 152 161 168 165 158 163 144 134 141 131 139 147 148 151 139 146 129 129 122 116 117 116 117 119 127 117 110 105 104 100 95 91 88 85 82 87 82 91 93 82 87 88 85 87 90 92 94 92 85 91 91 92 93 89 89 87 84 83 77 74 75 71 71 71 64 66 66 59 58 63 64 57 59 63 61 60 59 57 63 60 57 60 60 57 60 62 64 55 62 55 56 62 60 63 62 60 61 56 60 62 62 61 60 61 59 60 63 59 61 61 58 57 62 57 59 58 58 53 53 54 58 53 55 57 55 53 54 53 52 55 56 54 53 54 59 58 58 57 57 58 59 60 60 63 68 68 65 68 69 71 77 73 74 78 74 77 77 79 80 75 80 78 76 79 78 81 78 78 78 73 75 78 74 73 75 71 74 71 73 70 70 71 70 68 69 73 68 71 72 74 73 71 68 70 68 72 67 64 66 64 63 65 66 67 68 67 64 59 57 59 66 70 61 62 66 69 61 68 58 54 53 52
204 198 203 199 201 201 198 196 195 195 198 196 192 191 192 191 192 192 194 195 192 193 191 190 190 187 184 184 186 188 186 185 182 182 180 185 180 182 180 176 174 175 174 172 172 175 181 179 179 181 175 177 176 173 167 168 161 170 171 165 164 164 166 164 165 165 162 165 163 167 168 163 163 164 165 165 158 156 158 156 156 152 161 166 162 159 167 163 160 164 162 165 181 196 193 184 184 188 187 178 186 190 185 173 177 172 175 172 172 174 176 172 171 167 172 168 169 164 157 155 152 147 140 141 136 136 138 135 135 133 139 132 134 136 134 131 128 124 119 120 116 115 111 111 112 113 109 110 113 114 115 116 118 120 120 117 115 115 121 125 126 128 131 128 131 130 130 136 137 137 138 140 143 140 149 132 140 142 153 142 113 114 106 122 122 137 152 161 166 168 166 162 157 161 165 163 158 153 152 154 150 148 148 146 145 146 145 150 146 148 146 143 142 141 143 151 154 149 143 145 145 141 141 140 136 137 139 136 133 130 131 131 127 135 144 143 142 135 138 136 142 147 146 144 143 142 142 140 143 128 112 111 120 134 127 141 157 164 170 179 179 179 162 139 126 123 160 159 147 161 157 170 159 143 134 126 120 113 122 125 122 118 109 93 92 88 97 93 83 81 84 80 84 86 87 91 89 85 82 78 83 83 87 89 91 91 89 89 89 89 90 90 89 87 88 82 77 75 71 69 71 71 63 65 67 63 61 59 58 58 61 65 65 61 59 59 63 63 56 60 66 63 66 64 62 60 65 65 60 58 61 63 62 64 63 66 57 62 61 63 62 60 62 56 59 61 61 61 59 54 60 63 59 58 57 55 53 55 56 56 55 56 57 57 56 55 56 56 55 56 57 54 55 57 60 57 60 60 62 59 60 60 67 66 68 69 73 71 73 74 73 75 77 79 80 81 77 81 77 78 77 77 77 82 79 75 79 75 73 73 74 77 72 72 73 70 75 76 74 74 70 71 72 73 70 73 69 74 72 66 71 69 66 66 69 63 65 71 64 62 65 66 67 68 67 65 60 61 63 64 62 63 65 62 61 57 56 52 48 55
199 199 199 199 201 200 200 198 196 198 202 194 195 191 192 193 191 191 197 195 190 192 192 189 186 186 182 188 184 185 186 183 182 183 180 181 180 177 175 174 173 176 175 176 172 171 181 180 181 179 177 177 175 171 175 170 167 168 173 165 165 165 163 162 164 160 161 162 169 167 164 167 166 164 159 157 157 155 158 152 160 153 155 160 159 160 165 159 163 166 165 169 187 194 194 177 177 177 174 184 184 183 190 184 178 176 171 176 178 177 177 176 174 168 171 172 171 165 163 159 154 149 144 141 137 141 138 139 136 135 134 131 135 138 138 135 130 126 123 118 117 113 109 111 110 115 114 114 116 116 116 116 119 123 120 121 122 120 122 128 129 127 130 132 135 133 137 137 141 137 141 143 145 146 147 141 146 150 158 114 117 95 108 114 127 155 159 152 173 170 168 166 162 158 162 162 158 159 159 160 155 154 155 156 151 152 154 153 152 153 156 148 148 150 149 157 161 160 155 155 153 151 148 144 140 141 139 140 137 136 133 136 132 140 144 146 149 146 151 147 148 151 149 147 147 138 127 133 127 107 101 106 109 105 114 150 167 176 176 180 177 177 172 136 141 130 153 156 155 163 176 183 186 156 142 122 120 120 119 125 121 118 106 97 87 83 80 82 74 80 84 85 88 91 83 89 83 83 79 78 83 85 85 90 90 91 91 92 92 91 90 88 84 88 85 84 84 78 79 70 71 69 70 68 71 65 64 65 65 64 71 70 66 65 72 58 61 61 64 65 64 66 67 66 66 63 61 58 58 61 58 68 57 62 63 62 68 70 69 67 62 62 63 63 59 61 61 63 66 62 64 61 57 56 55 57 56 55 60 58 54 53 57 52 57 55 56 56 53 57 59 55 59 60 57 55 63 61 63 61 65 62 67 67 69 71 71 72 73 75 79 76 78 75 75 78 77 79 80 82 77 73 79 79 76 75 76 78 77 74 79 75 74 69 75 75 75 73 74 71 73 74 76 72 75 73 70 72 74 71 69 70 65 66 71 68 64 71 65 64 62 63 68 63 70 65 62 62 68 60 66 67 67 61 63 65 60 54 60 57
194 202 203 202 198 200 194 197 198 196 198 195 196 196 193 192 193 193 196 188 193 190 191 191 189 189 189 186 186 183 184 184 180 180 178 177 176 173 176 178 175 175 174 174 172 173 181 177 177 177 177 172 177 169 167 166 163 167 168 169 165 164 162 163 160 161 167 165 168 167 165 166 165 166 161 154 153 154 158 155 167 154 157 154 158 156 157 156 158 166 162 164 178 190 194 181 180 178 181 188 178 177 188 193 191 193 189 182 183 185 185 172 170 169 170 171 171 171 165 164 160 157 145 147 143 144 144 142 146 142 144 138 141 138 136 132 131 127 124 118 116 114 110 111 115 114 114 116 119 120 121 121 124 123 121 126 129 127 126 132 131 131 133 137 138 139 141 142 147 147 151 150 146 150 148 148 146 156 153 106 98 92 119 120 131 154 160 160 146 172 172 169 163 159 164 162 170 165 162 161 159 156 158 160 159 161 161 157 156 152 157 153 152 152 154 162 159 164 164 165 161 162 159 155 148 149 143 138 138 140 145 144 141 148 148 151 144 159 159 160 159 158 152 149 143 122 106 101 95 92 102 106 104 111 147 157 168 172 169 170 170 168 162 147 132 133 138 146 120 127 137 165 148 150 131 125 117 118 120 121 121 135 113 86 89 88 82 82 77 83 85 90 94 90 83 90 85 78 80 82 87 85 90 92 91 91 88 88 91 85 87 84 89 85 84 82 78 80 73 72 70 70 66 70 69 66 78 75 78 73 76 72 68 67 69 59 66 69 65 63 65 64 63 65 69 64 62 57 58 63 64 65 64 64 67 71 73 74 73 72 69 62 64 60 63 62 66 63 64 59 60 61 56 56 59 56 57 59 59 61 57 55 61 55 58 55 63 57 60 59 56 56 57 55 63 60 60 60 64 61 65 65 68 69 74 74 72 74 77 77 81 75 77 79 81 81 76 81 83 83 81 78 82 79 76 74 79 78 76 75 75 74 79 75 79 74 75 71 74 68 74 73 74 73 78 76 73 70 71 70 74 69 72 63 62 67 69 67 68 66 66 68 74 64 70 69 65 70 67 65 68 69 68 65 60 63 64 62 66 61
199 202 201 199 195 197 195 199 200 201 200 201 193 192 190 192 193 190 190 191 191 188 190 187 188 192 188 187 183 185 181 179 176 175 176 176 176 172 175 175 177 174 176 174 172 172 179 180 178 175 171 172 169 166 168 166 163 164 162 162 163 162 159 161 157 158 160 161 165 164 167 169 171 161 158 154 152 155 156 158 158 155 160 161 161 159 157 157 158 164 163 186 199 186 182 163 173 176 179 181 169 173 179 192 195 192 191 198 196 186 188 176 167 174 174 172 167 167 168 166 162 162 155 154 148 150 152 151 148 150 151 148 151 143 141 138 133 128 123 123 117 114 111 114 117 118 118 116 123 123 124 125 125 124 126 127 132 133 130 134 135 132 133 143 143 142 148 149 155 155 155 155 147 154 152 140 135 142 133 103 83 87 117 118 113 134 149 117 109 132 156 135 119 122 131 124 147 157 169 163 161 162 165 165 162 167 164 163 162 158 162 160 161 162 165 164 164 170 171 173 174 166 158 160 159 154 149 142 145 145 148 154 147 145 149 159 140 168 170 165 168 163 169 150 127 97 78 74 79 99 115 106 117 125 167 163 164 169 172 168 166 168 161 163 163 142 165 132 125 144 136 129 127 126 123 122 120 127 130 133 116 128 122 98 90 86 84 83 82 83 87 91 94 85 86 82 81 77 76 80 86 88 89 93 92 93 92 92 91 86 84 89 80 81 82 77 78 74 74 70 65 65 67 78 81 77 80 80 79 75 79 79 71 67 72 63 70 68 64 69 70 67 68 64 64 58 66 63 65 69 66 67 65 71 76 73 75 78 73 73 66 65 67 67 69 73 69 67 64 63 63 63 60 54 61 56 60 56 57 56 59 57 61 59 59 56 59 60 58 60 60 60 63 61 64 63 63 66 68 63 62 66 70 70 71 71 76 79 75 76 78 73 73 76 79 80 80 82 80 86 78 81 79 79 79 81 81 80 76 71 75 72 76 76 78 77 76 73 73 69 70 76 74 75 74 79 78 75 76 74 71 71 69 68 69 70 68 71 68 71 68 64 66 65 68 67 64 66 68 64 68 68 69 67 66 57 61 60 68 63
198 199 199 199 198 198 197 198 198 202 199 199 196 192 191 189 194 192 194 192 189 191 188 184 187 183 186 185 181 182 180 172 174 175 175 176 172 174 176 174 173 173 179 180 173 173 179 177 173 168 174 172 166 162 163 163 157 165 164 154 157 156 159 161 157 155 158 165 160 163 162 168 166 162 156 156 153 159 153 155 157 160 156 157 163 155 154 151 156 159 169 193 189 194 180 170 174 172 174 177 179 173 172 178 186 193 183 192 199 184 183 176 176 176 173 172 168 168 172 167 161 163 159 156 151 151 154 158 153 153 152 153 154 152 142 138 135 130 128 122 117 117 117 117 118 120 121 120 125 125 127 127 129 130 129 129 135 138 139 139 139 141 140 141 145 149 151 157 161 160 159 159 161 163 149 132 128 124 115 88 72 96 119 119 116 119 114 113 99 103 106 98 97 108 105 102 109 146 167 170 168 164 174 177 168 174 171 172 173 170 170 167 167 167 172 167 170 172 173 180 177 174 162 165 165 168 162 151 155 159 158 160 159 154 162 167 159 167 158 168 173 178 174 129 102 84 102 103 76 86 96 113 129 144 163 165 164 170 172 171 171 163 163 169 173 174 175 146 138 132 160 172 131 125 119 120 120 126 131 120 112 105 98 95 93 83 87 93 99 95 93 89 89 87 82 74 76 78 83 82 85 87 90 92 90 89 89 94 90 85 86 85 80 87 83 80 76 75 70 71 67 61 73 80 80 80 81 78 77 77 76 76 71 69 69 64 70 69 68 68 71 69 68 65 69 67 66 65 67 69 70 68 76 75 79 76 73 73 72 72 70 67 69 63 67 67 64 69 61 60 61 63 55 55 56 52 56 55 57 53 54 52 59 60 60 56 61 58 60 64 63 63 65 64 61 65 62 64 66 64 62 66 72 70 70 73 73 75 77 74 79 79 78 81 80 80 80 81 83 81 80 82 79 81 77 71 79 80 75 74 77 75 79 81 79 76 78 75 75 74 73 72 73 71 72 78 77 73 74 77 73 76 73 72 71 70 73 73 70 73 71 65 68 69 72 68 72 68 69 73 70 71 74 74 66 59 62 67 64 61
198 198 200 198 199 195 198 199 199 196 200 197 194 193 192 190 191 192 192 189 189 190 190 184 187 185 192 182 183 184 180 177 175 175 173 173 169 165 170 168 176 174 175 171 171 176 171 169 175 173 171 171 168 160 161 157 162 167 160 155 164 156 156 159 157 154 161 158 158 166 163 167 168 163 156 158 154 161 160 158 157 155 157 155 155 153 154 154 152 161 169 169 179 189 190 184 174 170 169 166 172 171 175 179 180 182 176 181 190 178 185 186 185 175 177 174 168 164 168 167 169 161 163 159 155 156 162 161 164 158 155 154 151 152 145 140 136 132 133 130 122 115 117 117 119 122 124 124 129 128 132 129 128 131 132 139 138 142 142 144 143 147 151 147 145 147 153 162 160 161 162 162 159 159 143 127 133 127 108 92 91 99 103 103 101 100 97 101 100 100 95 93 90 90 86 91 91 117 136 141 135 136 154 180 180 178 183 180 176 179 175 174 171 165 178 178 168 160 170 184 177 176 172 167 174 174 173 169 170 169 170 164 170 169 172 169 156 160 168 170 173 175 134 115 108 97 127 133 93 78 100 122 144 161 160 171 174 172 178 180 175 176 177 182 194 202 198 176 154 149 166 192 167 125 119 114 109 118 110 109 104 99 95 93 93 86 95 103 103 102 101 94 87 88 83 79 84 88 92 90 90 91 91 92 93 92 91 93 94 90 89 87 86 83 80 79 77 75 72 66 71 72 76 79 79 75 74 75 73 73 74 74 72 73 66 67 70 67 65 69 68 68 68 72 68 69 70 72 76 78 80 80 82 78 74 76 71 72 70 68 64 65 64 63 60 63 63 64 61 58 63 61 57 59 56 56 54 55 55 56 56 57 60 57 61 59 60 62 61 65 64 61 66 66 64 67 66 66 66 67 69 72 72 74 73 73 73 74 78 77 79 76 79 79 83 80 80 83 89 82 81 83 81 82 84 79 83 83 79 78 82 77 80 82 84 78 80 79 76 78 76 76 72 77 78 74 74 72 75 77 72 71 73 73 71 71 73 71 72 75 75 71 75 69 70 70 68 67 70 69 70 70 73 74 70 65 64 68 66 61
198 197 194 198 196 198 202 197 192 197 197 194 192 190 188 189 190 190 193 184 186 191 186 185 189 188 185 182 185 181 179 183 177 173 175 172 170 168 168 173 173 168 171 171 173 170 167 170 172 173 166 169 166 164 165 159 162 164 161 162 161 155 154 157 155 154 157 157 164 165 160 173 163 171 158 157 155 165 162 161 159 155 158 151 158 153 160 155 161 174 179 171 177 181 188 187 183 176 174 174 179 179 173 176 182 180 166 169 177 165 177 181 186 185 181 177 174 168 172 166 165 165 163 164 161 160 165 166 165 166 159 156 162 160 153 140 139 136 136 130 122 121 120 123 124 124 126 130 133 135 135 134 134 131 137 140 143 147 152 154 151 146 152 152 154 159 164 166 166 167 168 164 165 172 146 137 133 124 99 99 103 110 103 98 92 96 95 91 95 93 92 88 86 88 85 85 87 89 108 115 121 125 141 186 180 185 187 187 184 186 181 183 183 166 162 160 128 113 116 157 174 169 166 178 173 148 158 178 184 179 161 149 158 165 165 155 146 139 162 141 162 184 175 147 133 145 154 156 126 91 98 117 142 151 156 165 175 161 184 181 190 194 198 205 216 217 202 177 153 153 165 198 187 128 120 114 114 117 103 103 95 97 91 84 87 92 108 109 106 99 100 98 91 89 86 86 92 96 96 95 95 96 93 94 96 94 91 92 91 93 91 86 83 81 82 79 75 72 75 73 76 80 81 73 82 81 79 76 80 78 76 73 74 72 70 71 68 71 66 65 66 69 73 68 71 75 69 77 86 85 82 78 80 78 72 71 70 68 71 67 65 66 62 60 58 61 63 62 59 60 58 53 53 56 53 55 55 56 53 54 54 54 58 59 58 61 60 59 62 62 62 59 68 64 64 67 68 67 63 65 69 67 71 70 71 74 75 72 77 76 79 82 79 79 79 79 80 84 82 81 82 79 80 81 79 79 79 79 79 82 79 77 79 79 82 78 73 76 74 73 74 72 77 73 76 77 77 72 73 72 71 75 74 67 71 73 72 74 76 73 74 73 72 72 73 69 67 66 71 69 74 73 74 71 68 66 64 65 67 62
201 198 197 197 196 200 198 192 188 192 194 193 189 191 188 186 185 192 191 189 192 193 190 190 189 188 185 185 182 178 180 182 177 176 172 175 175 169 170 170 170 167 171 170 171 167 175 173 172 172 164 167 168 164 158 156 162 158 158 159 154 156 159 158 161 152 151 155 151 160 154 168 166 166 160 160 154 160 161 159 162 155 157 156 156 156 163 157 167 186 185 180 178 177 183 175 182 180 174 176 177 175 168 168 176 177 155 163 163 151 165 167 174 180 180 178 179 169 174 171 171 170 163 174 160 161 164 162 167 163 167 162 169 159 160 150 142 136 137 136 134 124 122 123 123 127 131 133 138 135 138 136 135 136 141 145 145 154 153 159 156 153 158 161 166 169 172 170 175 176 177 171 172 178 157 162 132 114 105 107 107 114 107 98 93 91 89 88 90 87 81 85 77 79 80 83 88 87 98 108 116 121 128 178 194 193 190 193 177 189 189 184 136 109 101 99 101 101 108 114 111 100 102 127 120 127 134 134 169 155 132 127 131 138 142 139 126 125 148 155 162 179 190 184 161 161 178 164 151 113 97 116 138 157 139 149 158 163 186 198 216 208 210 216 207 201 205 185 168 165 193 183 168 141 122 123 123 113 111 105 97 103 91 88 93 104 102 103 105 97 99 97 92 86 88 91 93 96 96 97 94 96 93 96 95 94 93 98 93 92 89 86 86 84 79 74 81 76 78 82 78 82 80 81 82 80 79 77 77 79 79 76 78 73 70 71 68 70 66 69 71 70 71 74 70 70 74 84 85 82 80 79 78 76 72 70 68 69 64 65 63 58 58 60 56 60 63 63 61 57 62 57 55 57 56 59 55 54 53 54 54 54 54 54 58 59 61 60 62 59 62 65 65 65 64 62 65 66 62 64 68 70 74 75 74 73 77 78 77 77 77 77 82 78 80 77 80 83 84 82 83 76 79 81 77 80 79 80 78 78 80 80 80 84 83 80 80 76 76 76 75 73 79 74 74 74 73 78 73 72 73 74 70 71 71 75 70 75 75 76 76 74 76 74 68 74 68 67 69 70 76 74 73 73 73 68 67 63 65 59
199 200 197 199 205 199 196 195 187 191 191 188 188 191 194 191 187 189 193 187 192 191 185 182 187 185 186 183 178 181 182 182 178 177 172 172 170 170 171 168 171 167 170 173 172 168 169 173 173 167 168 165 162 156 158 160 159 163 161 164 161 158 155 158 155 156 151 155 155 151 158 162 159 166 166 157 159 164 158 163 162 158 157 159 160 159 162 159 165 173 181 175 175 166 177 165 177 171 171 175 173 171 172 160 163 161 151 150 148 146 160 162 170 186 184 179 182 176 180 176 175 173 173 177 176 170 171 166 170 166 166 168 169 166 164 156 149 143 143 139 138 131 128 128 131 134 140 138 149 147 145 141 139 138 140 143 151 152 157 160 160 160 166 169 176 175 175 179 183 183 179 182 178 180 180 175 142 111 108 105 111 111 103 97 89 90 88 85 87 81 82 76 79 76 77 77 79 87 95 109 121 121 122 154 165 133 119 123 123 144 135 125 109 94 93 91 90 92 96 101 100 92 91 95 95 94 100 108 120 109 115 125 123 124 130 132 123 119 132 144 144 166 184 192 184 179 182 174 159 127 102 108 113 143 143 162 171 190 199 215 216 219 223 224 221 219 222 215 200 187 206 195 187 185 138 125 140 120 123 104 98 93 92 96 106 105 103 103 101 104 102 96 92 99 100 101 100 99 98 101 99 97 94 95 98 94 93 97 92 93 92 92 89 87 85 84 81 82 84 83 80 80 80 83 83 79 81 78 80 81 77 75 76 73 73 73 74 69 74 71 75 70 73 75 75 75 82 86 82 84 80 77 70 70 65 70 64 64 62 61 58 56 56 58 56 61 66 61 58 60 61 57 56 56 55 56 56 55 55 52 54 51 54 56 58 57 57 64 61 63 65 61 65 63 63 64 65 62 69 71 68 66 70 73 72 72 77 77 78 77 80 75 79 78 79 82 82 80 84 84 81 78 83 81 79 83 83 78 77 78 79 80 81 83 81 81 78 79 80 71 70 72 74 77 71 71 75 74 75 72 76 72 74 74 76 73 75 79 78 78 76 77 75 75 72 74 68 64 68 70 72 71 73 75 76 71 67 67 68 64
196 196 194 196 197 199 193 185 185 186 188 188 192 193 195 188 189 192 190 187 188 188 185 177 183 184 183 182 184 182 183 179 176 176 172 166 166 170 164 166 170 172 170 167 171 167 172 173 168 167 168 166 170 163 162 152 165 166 164 162 154 150 154 153 155 156 154 152 156 150 157 159 154 159 161 160 161 161 161 163 161 160 160 161 160 160 157 166 168 170 176 172 173 167 178 164 170 165 168 173 176 174 173 161 157 158 147 145 141 144 151 167 165 181 183 183 178 180 186 181 177 174 177 178 176 176 178 180 172 171 173 170 176 170 172 159 152 150 151 144 142 139 138 137 134 142 142 147 148 152 150 147 142 145 145 147 156 162 162 163 166 167 170 176 176 177 180 184 181 183 181 181 181 183 186 184 142 110 110 108 103 104 98 93 85 86 86 83 84 83 73 72 76 75 76 72 79 84 96 104 107 109 112 110 113 110 105 112 113 116 103 101 105 89 91 84 83 83 90 93 89 81 90 90 87 88 87 94 100 109 112 127 128 130 131 126 120 116 125 138 162 162 178 191 164 149 165 172 147 128 114 105 117 159 163 174 194 210 225 223 224 224 234 214 200 185 190 206 216 224 228 207 195 179 135 122 158 138 116 107 100 98 102 105 113 104 105 100 102 109 107 105 106 105 103 104 96 96 96 98 94 96 95 95 95 92 92 96 93 91 91 91 94 92 86 86 80 82 85 85 81 82 82 83 79 79 82 83 87 80 79 75 78 75 75 75 77 70 73 73 76 71 75 76 73 82 87 86 85 76 78 76 67 69 68 66 63 60 61 57 58 54 53 56 62 62 61 59 60 57 56 58 59 57 55 59 57 54 55 55 54 53 55 57 56 58 60 61 62 62 65 62 64 67 68 65 70 66 71 66 70 71 73 73 73 73 78 78 79 80 77 81 81 78 83 80 80 82 86 78 81 80 80 81 82 77 81 79 77 82 79 78 80 80 84 85 80 79 77 76 71 77 75 80 73 76 78 77 78 79 77 78 76 75 77 74 73 78 78 77 76 80 73 78 75 72 70 69 74 70 77 73 75 72 74 72 67 71 67 66
195 199 200 197 195 194 191 184 179 189 186 195 198 194 191 187 187 192 189 186 185 188 189 181 180 185 180 184 181 181 180 177 181 174 171 172 169 172 171 167 176 173 168 164 167 167 170 170 169 163 166 169 168 160 165 164 166 165 165 163 160 154 155 150 151 156 160 157 158 153 158 160 156 160 162 166 158 162 170 162 163 162 165 164 158 165 159 163 157 167 168 172 173 177 173 171 172 168 171 168 176 173 173 172 154 142 139 139 138 141 152 164 170 180 180 182 189 187 188 184 181 174 184 180 184 182 177 176 178 178 184 171 174 174 172 165 160 152 152 152 148 141 140 142 141 148 152 154 150 153 153 153 148 145 151 150 159 164 161 165 173 174 183 179 185 176 182 182 183 185 186 185 186 182 194 154 124 110 111 102 99 100 96 88 82 85 88 86 78 76 75 73 70 68 70 70 76 82 93 99 103 106 107 106 101 107 103 104 103 104 96 93 91 86 87 84 83 89 88 87 85 87 89 87 90 92 93 97 107 112 130 140 133 128 121 118 117 127 141 149 133 130 138 150 131 139 142 153 156 132 116 108 111 136 183 203 204 216 224 224 222 226 231 186 154 131 161 200 232 227 216 206 193 183 147 156 198 198 137 102 100 101 109 110 105 106 110 113 120 115 114 113 110 106 102 100 97 98 100 101 100 97 96 95 96 94 94 97 96 94 92 94 92 88 93 91 83 83 86 87 84 82 81 78 83 80 81 82 79 78 81 74 75 74 73 75 75 72 73 71 75 76 73 78 82 89 89 82 78 77 76 75 70 66 64 63 60 60 57 56 58 57 59 63 65 56 60 59 58 55 59 58 59 58 59 58 56 54 55 55 51 54 57 59 58 57 60 63 63 63 68 68 67 71 67 69 66 65 69 72 67 75 71 73 72 74 76 78 80 82 81 78 78 79 82 81 82 83 85 82 82 79 80 86 85 83 85 81 81 76 80 81 88 82 82 84 86 77 77 76 73 76 75 75 74 77 77 76 75 79 79 79 77 76 78 75 77 78 77 79 80 78 75 74 79 82 74 73 71 75 77 73 74 74 76 72 72 75 70 66
194 198 197 189 190 189 193 186 183 189 183 193 195 198 195 194 193 189 187 188 185 184 183 186 183 179 186 186 182 183 177 175 176 172 172 170 172 178 176 170 172 168 168 164 166 163 161 169 163 159 167 167 171 166 167 166 169 164 166 165 161 160 152 147 151 157 158 157 156 156 157 160 156 156 157 167 166 163 162 169 168 160 165 159 160 169 163 157 159 156 158 158 165 174 169 179 175 168 173 173 177 174 175 174 150 145 140 135 141 144 160 174 173 181 182 187 192 191 190 185 183 180 181 185 183 182 183 183 185 186 188 183 182 172 167 168 159 149 150 152 146 142 142 142 146 154 153 151 157 151 150 151 152 146 148 151 152 162 166 169 177 176 182 184 181 183 186 187 186 184 186 189 181 168 191 131 122 111 105 97 95 89 88 87 81 82 85 81 81 76 75 70 65 68 72 71 75 84 86 91 104 105 104 104 102 101 101 102 103 96 88 89 87 82 87 81 82 86 86 81 82 82 81 81 86 87 97 98 122 138 124 123 120 126 123 116 113 124 130 127 117 116 123 124 120 120 121 155 172 148 140 118 110 131 170 200 201 209 219 221 221 228 232 199 138 129 126 161 232 236 225 204 193 174 171 198 215 231 172 109 107 105 108 103 105 106 117 130 130 111 120 120 108 101 101 104 103 102 102 100 97 98 100 97 97 95 95 96 95 96 91 97 96 92 92 89 86 85 87 88 87 82 81 80 80 78 84 86 79 83 83 82 76 76 75 79 72 72 76 77 74 78 79 84 86 87 88 82 79 76 70 65 66 65 63 64 64 59 64 58 61 61 61 61 60 58 60 55 59 59 55 61 59 58 63 55 50 53 57 55 57 53 51 58 58 61 64 62 65 63 67 68 66 66 68 65 68 71 69 70 68 72 75 74 73 75 77 79 80 80 79 80 76 74 83 81 81 85 83 86 84 82 84 86 86 85 85 82 81 81 82 82 78 84 85 85 86 85 75 82 76 74 82 76 77 75 77 74 81 76 82 83 81 80 81 77 75 81 80 79 79 80 80 79 79 77 78 73 74 77 76 74 72 74 75 73 68 68 71 63
195 190 192 186 185 183 180 190 188 190 192 192 188 193 191 191 193 189 189 185 181 182 182 182 184 183 182 179 179 179 178 178 177 173 169 175 175 180 188 182 172 169 168 168 164 163 165 167 162 158 163 169 166 166 169 171 167 166 167 160 161 161 156 147 156 166 159 158 154 155 154 158 154 154 156 159 167 168 167 159 169 168 165 159 160 159 159 159 156 162 166 166 165 166 171 172 172 170 173 178 181 175 177 172 146 138 139 137 148 156 168 179 181 183 187 186 186 181 180 183 185 183 187 187 187 183 185 183 182 184 184 183 187 175 175 167 162 153 158 147 142 140 141 141 143 151 148 157 158 152 150 157 155 154 156 156 158 165 171 178 183 181 180 186 182 184 185 189 188 187 191 189 177 180 163 114 114 106 104 97 95 90 87 86 84 80 85 84 83 79 75 74 73 73 74 76 77 81 86 92 100 102 99 100 97 100 103 108 98 91 88 86 86 86 83 82 79 84 87 84 75 78 84 84 85 85 97 97 122 137 111 114 117 122 122 115 110 116 118 112 111 117 116 117 114 111 112 126 141 168 140 132 123 138 146 145 149 190 223 220 223 222 231 208 147 128 130 142 212 221 209 210 191 156 189 217 229 201 162 124 111 109 112 109 117 117 132 142 118 105 113 110 107 107 110 108 108 107 106 102 100 100 102 99 99 99 95 97 97 98 100 98 96 95 91 91 86 87 90 88 86 78 76 78 83 79 84 83 82 82 80 79 73 73 74 77 75 77 78 78 84 81 82 85 84 80 83 78 73 70 63 64 61 62 59 62 60 61 63 59 59 59 63 56 61 61 55 54 54 58 58 60 58 55 59 58 56 56 57 55 53 53 55 57 63 61 63 60 62 67 68 68 61 66 67 61 63 65 66 70 71 74 74 75 76 79 78 76 77 79 81 78 76 82 81 80 80 81 81 83 86 82 82 84 84 81 84 84 85 84 83 82 82 81 84 78 79 79 73 74 75 75 78 75 76 78 79 76 81 81 79 78 80 78 81 79 80 79 80 74 75 76 78 80 77 81 79 69 69 72 77 72 70 70 71 72 75 77 75 68
192 193 192 183 189 181 182 191 184 185 188 191 192 197 194 189 188 189 187 182 180 179 182 188 185 187 187 183 180 178 182 182 178 172 172 175 177 179 193 196 180 166 170 168 165 168 175 171 163 162 168 167 171 164 169 173 172 163 166 164 165 166 166 158 157 157 159 159 156 155 159 157 163 152 158 152 160 163 171 168 168 166 161 155 162 160 162 160 156 164 162 164 166 164 161 166 174 179 181 181 178 177 181 174 145 138 145 144 152 164 172 178 178 183 187 186 188 185 184 187 187 190 185 185 187 189 187 188 182 181 178 177 179 173 171 165 160 153 153 150 146 144 137 137 138 145 143 150 150 151 147 159 162 160 161 159 153 151 169 180 180 177 180 184 188 182 190 185 192 183 177 186 170 161 132 117 111 104 101 98 93 90 90 89 86 88 90 82 75 78 77 80 79 79 80 79 79 80 83 83 94 100 97 99 97 96 101 107 99 91 86 81 81 85 82 82 80 80 80 75 76 81 85 85 86 86 94 99 116 116 110 111 112 116 119 114 108 113 111 108 104 111 111 111 111 109 111 116 111 140 147 134 124 126 123 128 134 148 201 225 229 226 233 210 160 135 134 137 181 208 170 159 164 160 190 211 233 207 165 122 113 115 119 121 125 123 129 138 116 116 124 117 126 116 115 110 109 107 106 103 101 103 101 99 100 102 99 98 99 98 101 96 99 95 93 92 91 91 91 84 81 76 75 76 78 78 85 82 78 80 79 76 75 74 75 77 76 75 78 84 87 78 81 75 79 78 78 69 70 74 65 64 59 60 62 62 61 62 61 56 57 56 64 61 60 53 50 52 54 55 57 61 57 55 56 56 53 50 55 52 52 53 56 60 59 59 62 62 64 66 64 64 63 67 67 65 67 64 71 70 71 70 72 77 75 76 77 82 78 78 81 80 78 81 78 82 82 79 82 79 80 84 85 81 85 82 81 81 83 84 86 80 82 82 81 82 78 79 76 78 76 75 80 80 78 77 82 80 78 81 80 81 79 81 84 82 79 79 81 79 74 77 78 77 76 79 75 70 72 71 74 70 70 71 69 71 73 70 69 64
193 187 185 189 188 186 186 185 189 186 185 187 192 189 189 189 187 190 185 184 181 183 176 180 183 185 185 181 179 180 176 183 182 176 172 173 175 176 189 201 193 182 174 173 171 170 168 168 166 164 166 169 167 161 165 166 163 167 167 166 168 169 166 163 165 163 162 163 156 161 160 157 161 156 162 161 162 158 162 165 166 167 166 157 159 159 162 164 158 157 150 156 154 159 165 168 176 180 179 182 183 185 187 175 153 150 150 148 161 183 180 180 178 184 188 188 191 188 188 190 191 190 189 184 193 189 187 188 185 183 179 169 173 172 172 164 154 151 148 149 148 148 136 141 145 139 149 150 146 151 147 158 170 166 162 162 158 158 168 177 177 182 182 186 187 180 187 179 176 131 142 153 161 134 118 109 111 104 99 98 91 89 88 87 88 89 87 83 78 79 80 83 80 82 84 80 79 76 81 85 88 91 92 99 94 95 101 101 94 87 85 85 84 82 83 77 74 79 77 75 78 80 79 82 82 84 87 96 104 109 110 105 109 112 114 110 107 110 107 105 102 102 102 103 108 105 107 113 119 119 129 126 120 117 117 118 125 154 201 230 233 235 236 232 213 158 141 147 168 195 187 151 132 129 132 148 210 240 180 150 145 123 120 120 125 131 135 133 120 132 133 141 140 120 114 113 113 111 109 107 105 106 104 102 101 103 102 100 102 100 99 95 96 92 93 92 95 90 87 83 80 78 77 75 80 87 83 84 80 79 81 76 77 75 77 76 77 84 87 85 84 80 79 74 72 68 73 72 65 66 60 60 59 61 65 65 62 63 61 60 57 56 58 60 60 51 54 53 52 53 55 57 54 55 56 55 54 56 54 51 54 57 59 59 60 62 62 59 64 64 64 66 64 67 64 64 70 68 74 73 74 74 72 72 72 75 77 79 81 81 84 78 80 81 79 83 80 82 84 84 81 81 83 84 82 86 82 82 83 82 83 80 82 80 81 76 77 79 77 74 79 82 77 78 79 78 78 79 75 77 78 79 82 81 80 80 81 79 80 79 78 79 79 79 78 78 75 76 68 73 78 71 72 74 73 72 72 67 69 65
190 189 185 185 181 187 188 186 186 185 186 188 189 179 181 183 182 178 185 185 182 181 183 184 186 185 184 180 184 179 176 180 188 189 178 179 175 188 198 206 208 202 182 174 175 170 172 174 164 161 171 169 163 160 164 170 166 160 162 165 161 167 172 166 163 165 165 160 163 162 161 161 157 157 161 160 160 160 159 161 170 165 173 166 164 156 166 165 162 161 155 160 158 163 165 173 176 179 176 179 179 181 170 174 167 174 165 164 167 184 184 182 184 187 186 187 188 187 189 193 193 192 192 191 190 194 188 192 190 181 179 165 166 161 163 160 155 150 153 163 147 135 143 149 157 154 165 160 154 157 151 153 160 164 154 152 170 165 171 173 177 177 180 185 179 184 184 172 148 123 128 125 146 133 113 113 108 104 96 96 94 90 90 91 93 92 87 88 80 82 85 78 83 78 79 78 76 77 79 85 89 89 91 91 94 93 101 98 92 89 86 80 81 79 78 75 76 77 69 73 75 76 74 82 81 86 86 95 102 101 106 103 107 110 112 109 106 105 106 103 97 98 99 98 100 101 101 108 113 111 113 115 115 116 113 116 129 185 217 223 228 235 219 186 168 151 152 150 167 167 168 149 139 133 128 128 138 219 227 200 160 131 119 119 118 117 123 122 132 145 136 137 131 120 114 114 112 109 107 106 106 105 106 102 102 102 103 101 100 100 97 99 97 97 93 93 93 89 86 80 77 78 78 75 79 85 82 83 77 81 73 76 78 76 78 75 80 84 84 81 80 78 77 71 71 64 66 64 66 66 64 60 59 62 62 67 63 61 57 60 65 57 64 62 54 55 46 47 46 49 55 56 52 57 58 55 59 53 54 52 54 54 56 60 58 59 59 62 63 62 62 65 67 64 60 67 70 71 71 74 72 73 74 76 76 74 74 79 80 78 83 78 82 82 84 82 81 81 88 85 83 82 84 85 86 87 80 82 82 85 82 77 80 80 79 81 79 78 80 83 79 73 75 79 79 77 81 79 79 77 81 79 79 81 82 81 82 78 78 78 79 82 81 78 76 77 76 70 74 71 72 69 69 70 74 70 68 63 67 63
190 191 184 186 185 180 179 178 187 186 185 189 182 180 184 182 183 181 183 182 182 182 179 186 185 186 184 186 186 181 181 186 186 189 181 173 183 198 199 205 214 207 202 182 173 176 174 173 169 168 172 170 164 165 169 166 164 166 165 164 167 164 172 163 165 162 164 161 161 156 156 166 160 165 163 160 159 159 163 163 164 160 166 159 159 157 160 167 164 162 159 155 157 162 164 168 171 173 176 178 175 170 169 170 172 170 164 168 166 180 183 182 183 190 188 186 187 188 190 193 191 191 194 191 194 196 195 196 194 190 186 175 168 157 155 155 158 149 135 160 150 121 126 137 156 161 168 168 166 165 149 155 151 150 160 165 174 172 176 174 181 181 181 179 175 171 156 152 170 172 158 131 142 142 116 108 104 103 97 99 97 93 89 89 87 89 91 90 85 83 88 80 83 78 77 79 82 78 79 80 84 85 87 88 89 89 94 95 86 85 81 79 81 81 74 75 76 76 73 75 73 78 83 82 84 83 86 91 96 97 104 105 105 108 108 108 105 103 100 97 99 97 93 92 96 101 103 107 108 108 109 110 115 117 116 113 118 171 192 204 217 215 208 181 154 147 144 147 156 151 151 143 135 133 128 126 126 166 234 191 153 138 125 118 113 114 114 116 128 136 129 127 126 121 116 112 111 109 109 108 108 106 106 101 105 105 102 104 102 99 99 99 97 96 94 91 91 86 85 80 79 78 76 75 80 82 82 82 79 81 77 74 77 80 77 79 83 82 78 79 77 75 68 72 71 65 68 66 66 61 62 56 63 66 65 66 67 66 61 62 63 57 58 60 52 50 50 47 49 51 51 53 50 60 55 56 57 53 54 54 51 57 53 59 63 62 66 64 64 61 66 61 65 67 64 68 69 76 76 73 73 76 74 73 73 78 79 80 80 78 78 77 85 82 80 80 79 83 82 83 83 81 82 88 85 85 82 79 82 81 84 82 80 78 80 81 85 78 78 79 79 79 77 81 80 79 76 81 78 78 77 79 78 80 83 83 80 81 84 80 82 81 79 73 76 77 79 70 72 72 78 72 70 79 73 68 72 70 69 65
186 191 189 183 181 184 177 177 181 180 181 181 181 178 175 182 191 185 181 182 180 182 180 183 186 184 186 188 190 193 197 183 181 187 181 178 191 207 210 203 212 215 218 193 180 180 176 170 173 173 171 173 169 168 170 167 167 165 165 162 162 168 164 162 173 182 163 163 170 171 161 164 160 161 166 161 160 156 159 168 165 162 169 166 164 157 165 167 167 160 164 162 158 161 166 171 169 172 170 176 176 171 175 179 181 180 169 164 167 180 186 180 184 190 188 188 190 190 188 193 191 195 192 195 198 197 195 196 198 194 193 183 177 161 162 161 162 161 138 147 146 137 146 143 161 174 164 167 168 158 144 149 145 143 147 159 149 152 163 173 178 185 172 175 161 137 138 137 150 181 171 149 135 135 121 110 104 100 101 100 96 90 84 83 86 88 89 90 85 81 81 82 86 83 77 78 79 80 81 83 83 86 85 90 88 91 94 95 90 85 85 84 79 77 74 78 76 78 77 77 80 81 85 78 81 83 84 91 94 94 101 104 106 107 107 107 104 101 99 99 99 94 96 92 95 101 104 104 106 106 110 110 119 127 118 116 121 176 196 193 198 202 202 156 149 150 148 147 149 143 141 135 128 125 125 121 123 127 140 136 124 119 117 116 115 116 115 116 121 126 126 122 125 122 118 112 109 109 110 108 106 106 105 108 105 102 107 102 103 99 99 95 94 92 89 85 83 84 84 78 76 79 76 73 75 75 78 76 79 75 78 74 78 80 80 83 84 82 79 78 75 77 67 74 68 63 63 66 57 65 62 58 66 65 63 64 64 63 66 62 62 61 65 58 52 52 52 51 53 51 53 53 55 56 57 57 61 60 59 57 57 57 57 60 60 61 62 63 63 63 67 65 64 60 65 68 72 73 76 75 76 77 75 78 80 74 80 79 79 82 80 82 82 80 81 84 81 82 84 80 79 82 80 84 87 87 83 83 82 88 84 82 78 80 83 82 79 82 80 84 80 77 78 81 80 77 76 81 76 74 79 80 80 79 81 81 79 78 81 81 81 80 77 77 74 74 75 70 71 75 74 74 74 76 71 71 71 68 68 70
183 188 182 180 179 180 174 172 176 179 177 181 182 179 181 181 191 193 191 194 195 184 187 187 187 187 184 188 188 191 208 210 192 180 178 178 188 198 205 197 207 216 213 202 175 180 177 173 168 172 169 172 166 165 168 173 176 172 166 165 173 165 163 172 200 200 198 191 193 179 161 161 163 164 168 163 166 161 163 167 166 161 166 165 167 163 164 166 167 165 167 164 164 159 161 166 168 172 170 180 176 181 190 180 179 186 181 176 167 178 182 184 183 188 188 191 192 188 191 189 184 190 180 176 182 198 195 193 194 189 187 187 181 167 165 160 156 154 148 152 167 177 179 171 173 180 177 171 160 163 160 160 159 149 140 143 137 135 145 165 175 158 137 136 127 134 120 112 120 136 171 146 135 117 115 110 103 101 105 98 89 90 86 83 87 86 85 88 88 80 83 83 82 80 82 75 78 77 80 86 83 83 86 86 89 94 94 92 91 86 90 87 80 77 76 81 86 82 82 74 77 76 84 84 84 85 84 89 95 95 101 104 104 104 108 110 108 103 99 99 100 99 97 96 98 103 104 100 102 105 110 113 120 130 129 122 120 166 199 201 203 201 193 160 147 157 150 139 146 140 136 131 128 122 125 120 121 130 130 120 118 116 116 115 116 120 121 122 123 126 121 121 123 119 118 111 111 112 112 110 106 109 105 105 107 104 103 104 103 103 97 97 98 92 89 82 83 85 83 76 78 80 77 79 74 79 76 75 74 76 77 76 80 78 83 75 73 75 77 78 76 71 73 72 71 63 66 63 61 63 64 63 61 60 62 65 65 61 63 61 65 60 67 68 60 51 55 53 53 54 56 53 56 58 58 56 58 58 57 56 53 58 61 60 63 61 62 66 60 60 65 58 62 65 67 71 75 78 79 73 73 74 71 77 79 76 75 77 80 80 84 83 82 81 81 81 82 79 81 84 84 82 85 81 89 87 85 84 85 81 87 81 87 82 81 80 82 78 78 81 77 79 80 78 84 77 80 79 77 80 80 84 79 80 82 80 78 84 81 80 83 81 77 78 74 75 77 77 76 76 77 75 75 74 71 70 69 69 68 67
180 185 185 178 177 172 177 175 172 169 177 179 176 177 179 177 191 202 199 196 196 196 196 193 192 188 190 185 192 204 212 211 210 189 179 178 185 199 195 198 209 213 215 219 214 194 186 175 166 171 167 168 167 166 174 189 186 195 179 172 171 180 191 201 196 194 204 206 202 185 159 162 162 165 162 160 163 157 165 166 163 166 170 164 168 166 166 163 174 181 176 169 165 165 170 170 167 169 169 174 174 190 185 173 181 184 185 193 197 189 197 197 184 187 186 190 189 189 189 187 186 191 180 164 159 179 186 175 170 175 177 186 183 177 173 165 160 147 160 156 176 188 179 154 153 155 170 160 171 174 171 172 162 157 159 155 143 140 140 153 169 141 128 133 130 119 114 112 110 117 133 130 125 114 111 111 108 104 103 95 92 92 88 84 90 89 86 91 88 88 87 85 81 79 78 75 74 73 77 79 82 87 87 88 90 93 97 91 88 89 91 87 85 82 82 85 81 82 81 81 78 79 82 83 87 87 89 90 93 94 99 100 103 102 109 111 111 104 98 95 99 95 98 94 100 104 106 101 101 109 113 120 128 124 124 134 139 145 158 192 198 195 186 161 156 156 146 142 141 137 132 125 125 119 121 122 123 127 127 120 116 116 116 114 115 124 126 125 123 120 122 124 125 118 118 112 113 111 111 109 105 106 105 104 103 103 105 105 102 100 98 99 99 93 91 84 81 83 81 79 74 79 77 79 75 77 77 72 73 70 72 77 76 74 76 76 72 73 76 74 80 71 75 67 71 68 69 66 64 64 63 64 63 61 64 65 64 66 63 64 67 62 64 67 62 54 56 55 53 60 60 57 59 53 58 55 61 60 56 58 57 60 58 58 60 59 63 62 64 58 71 70 66 70 71 75 72 77 76 75 72 75 72 78 74 76 79 82 80 80 79 81 82 85 84 82 83 80 79 85 85 83 84 86 87 81 86 77 79 84 79 82 82 81 82 81 79 85 87 82 81 82 79 79 80 80 78 80 77 79 81 80 83 81 83 86 82 84 85 80 81 78 77 75 78 75 74 75 77 77 75 74 71 77 77 74 73 74 71 71
176 183 179 178 176 171 170 174 169 170 172 170 177 179 179 196 203 216 214 206 207 196 196 189 187 184 187 184 188 194 203 204 212 198 174 182 206 205 191 185 194 203 217 217 222 217 190 170 170 171 169 169 171 168 186 195 201 200 191 194 180 204 204 206 198 205 204 203 202 197 176 163 160 164 159 166 167 159 164 159 164 170 174 177 178 175 174 179 181 176 171 169 166 163 169 168 169 169 177 191 187 184 171 173 168 169 174 187 198 208 206 203 196 185 187 187 186 188 189 184 181 187 183 171 158 147 152 154 150 158 160 167 167 178 169 167 165 156 165 174 174 166 165 133 122 130 146 133 157 170 175 178 177 174 180 174 175 163 141 141 142 137 125 137 136 119 117 115 112 116 116 121 121 114 113 113 109 103 100 98 92 89 88 87 88 90 90 94 87 87 86 79 83 81 82 79 73 70 78 78 78 81 83 83 83 86 94 94 91 86 86 91 91 89 88 83 84 81 78 75 77 78 84 84 84 83 90 94 91 96 98 99 103 105 107 108 107 105 102 102 97 93 96 95 97 102 103 102 99 109 113 118 126 124 122 131 143 145 146 163 178 186 196 172 140 138 141 135 129 122 120 119 114 118 119 117 118 119 124 121 119 114 112 109 113 120 122 119 121 126 126 121 119 116 114 112 111 109 110 109 107 106 104 100 102 106 105 103 101 102 97 99 96 90 91 85 85 84 81 81 80 77 79 77 81 77 72 73 68 66 72 76 76 75 77 79 73 73 76 73 73 67 69 70 73 73 69 68 63 65 57 66 68 61 66 62 63 66 64 62 61 64 64 71 63 55 57 58 58 57 59 57 57 58 60 59 58 57 58 56 57 59 59 61 60 61 64 61 63 63 67 72 73 73 74 74 71 77 76 77 74 75 78 80 78 78 81 80 82 84 82 81 78 81 79 82 81 81 84 84 85 83 81 86 87 80 84 76 81 82 86 81 85 81 78 82 76 82 81 80 79 80 84 80 82 84 83 82 82 80 84 83 84 81 81 81 85 83 85 80 80 82 77 79 77 74 77 76 77 77 77 76 72 73 73 71 76 76 73 71
171 177 175 172 174 166 167 170 164 163 169 167 171 175 178 200 212 214 215 219 217 203 197 189 187 190 198 197 194 190 194 199 207 203 179 179 203 201 179 176 176 186 205 209 210 213 188 169 167 167 163 168 166 169 188 203 200 198 196 196 198 205 202 202 200 204 204 195 196 202 194 159 164 159 163 164 165 164 166 167 176 175 176 172 173 166 170 177 176 170 169 164 167 162 164 168 179 191 194 200 206 188 169 163 162 157 165 168 176 190 197 198 192 187 186 183 184 185 182 181 184 182 185 176 170 155 146 141 142 147 147 148 150 161 151 149 157 161 159 175 179 177 156 129 119 121 130 130 138 165 166 164 153 170 188 190 195 153 149 142 136 138 116 141 160 132 123 114 116 119 115 122 120 116 113 109 107 105 99 100 98 94 93 93 92 92 91 91 87 87 85 81 81 77 80 75 75 75 74 75 74 77 80 83 85 88 92 90 89 90 90 88 87 87 88 84 80 82 78 77 81 84 89 84 82 81 88 96 93 96 98 101 100 102 105 106 103 104 105 98 95 97 97 97 97 97 101 99 100 105 111 114 121 124 127 128 130 138 139 158 162 184 174 156 137 139 143 130 127 122 113 112 111 112 117 114 111 116 122 120 116 115 115 112 112 117 116 118 121 121 119 116 112 110 108 110 108 109 109 105 102 106 105 101 108 103 104 101 99 99 97 94 94 91 87 84 83 84 81 87 87 76 77 80 73 71 70 69 68 71 78 79 75 77 73 74 78 75 76 75 71 69 69 71 70 71 69 67 56 56 64 70 69 64 65 64 63 66 64 62 63 65 61 59 60 60 58 59 60 59 61 60 63 58 61 62 61 54 59 62 61 65 65 65 65 62 70 65 65 68 69 66 69 69 70 70 70 75 81 75 76 77 81 80 80 79 80 80 85 86 89 79 79 81 78 82 82 82 86 87 85 85 83 84 81 86 79 80 79 82 80 80 82 80 86 77 76 82 81 78 77 82 80 84 80 85 83 87 82 80 82 80 80 78 84 84 84 86 85 85 83 81 80 82 77 79 78 77 77 77 77 72 73 74 73 72 72 76 72 65
161 169 164 161 163 162 164 165 161 163 170 174 175 175 180 203 209 216 214 211 201 199 193 203 205 210 216 209 199 190 194 194 196 192 186 179 189 186 172 172 170 177 194 201 199 207 200 172 168 167 171 164 168 175 190 201 202 205 201 204 203 198 199 194 200 203 202 191 194 198 193 173 164 169 162 165 168 164 165 170 174 174 177 176 170 169 166 168 169 170 169 172 169 162 170 184 188 192 195 201 203 191 180 166 164 166 169 168 175 179 184 188 184 185 187 186 188 182 188 188 192 182 175 169 165 154 146 144 141 134 129 135 135 143 144 141 143 153 163 158 167 180 157 124 117 118 121 122 121 137 137 133 136 161 206 198 181 161 137 133 126 126 124 147 149 136 138 128 125 115 116 120 120 117 109 104 107 105 100 99 93 96 91 97 95 94 95 91 88 88 84 81 77 79 76 72 75 76 75 75 78 77 78 80 80 87 90 92 92 92 91 90 87 88 84 87 85 84 79 83 86 83 85 81 87 86 89 92 93 96 97 99 101 102 104 104 107 108 101 99 97 98 96 94 96 97 94 97 99 103 112 113 112 117 122 121 121 132 131 137 138 146 143 136 131 139 134 125 117 113 108 109 110 110 113 110 110 114 117 116 116 113 114 116 116 114 116 116 117 114 111 109 104 105 106 105 103 102 103 102 98 101 101 106 105 103 97 99 98 98 95 99 91 91 88 88 88 84 86 86 82 80 81 77 74 74 71 73 66 70 77 76 76 79 75 77 77 74 77 78 70 66 70 69 71 71 73 73 66 57 67 68 65 61 60 60 55 58 59 57 63 60 57 57 58 63 60 62 60 60 63 62 63 63 66 58 63 57 59 62 61 64 66 65 63 64 65 66 66 67 63 65 71 71 73 73 75 75 79 76 80 81 83 82 86 88 85 83 83 83 86 85 81 83 84 81 80 83 88 85 83 83 84 83 81 87 79 81 82 78 80 83 83 81 81 78 79 82 83 81 79 82 83 84 81 82 86 82 82 82 84 82 84 80 82 84 83 82 83 80 81 77 81 80 80 82 77 75 77 74 72 71 78 76 77 74 69 74 72 70
157 163 167 161 161 160 156 160 157 155 159 159 172 198 210 209 210 211 208 210 204 206 202 210 218 214 215 209 200 196 192 192 193 193 195 182 178 181 189 180 173 174 186 191 190 205 220 204 172 163 169 165 165 174 191 195 200 202 205 206 205 196 185 190 188 193 193 185 198 203 202 191 182 180 173 172 167 164 168 166 171 172 173 176 174 170 169 162 165 171 173 165 166 162 175 185 182 179 174 188 190 177 177 166 162 162 172 177 175 182 183 176 177 180 182 187 187 186 197 207 196 180 176 169 157 154 145 139 139 133 127 125 128 135 135 133 140 151 171 177 169 174 140 125 119 116 118 115 116 117 129 127 126 126 192 203 177 151 129 123 125 127 128 146 151 151 134 128 120 116 116 116 114 111 107 109 105 103 103 100 92 93 93 91 93 91 96 91 91 90 82 79 79 78 79 79 85 81 85 79 83 83 82 82 83 89 90 93 94 94 93 92 91 87 89 84 86 87 82 85 87 85 87 83 85 85 89 97 95 98 98 98 97 100 102 103 106 105 104 102 100 97 98 94 95 93 95 98 95 103 110 110 113 115 119 123 123 123 126 131 134 130 132 125 126 128 124 118 116 108 106 108 107 109 110 111 110 109 109 114 112 111 113 112 112 113 109 109 110 108 106 104 106 97 98 98 96 96 97 97 101 100 96 100 104 104 96 95 97 96 97 95 95 93 91 88 84 85 86 87 82 79 79 73 72 68 73 73 69 70 74 75 79 78 77 79 74 71 73 72 73 68 68 71 71 68 71 72 66 67 73 63 61 58 62 62 59 60 61 58 58 55 55 56 58 62 62 66 65 65 66 60 65 62 68 64 65 65 60 60 66 66 66 63 63 65 64 68 67 65 69 71 75 73 74 72 72 78 79 82 82 85 82 85 83 90 89 85 89 87 88 84 83 84 79 84 83 82 85 86 85 84 86 86 86 82 84 79 84 82 84 84 82 81 77 81 81 81 83 84 82 86 83 83 84 82 83 85 80 81 86 84 81 84 82 82 81 84 82 82 80 76 84 80 81 80 77 75 76 78 72 72 74 76 70 73 65 72 69 67
169 162 163 160 155 158 153 155 152 156 162 171 204 218 224 216 217 217 214 214 212 217 216 204 203 202 206 205 196 192 187 185 183 196 208 201 183 184 187 191 189 189 192 186 185 199 215 204 183 174 158 157 162 184 198 199 189 197 200 198 193 183 171 177 173 175 185 173 192 204 207 200 188 176 178 174 165 160 165 168 167 170 173 173 178 174 168 165 169 168 165 166 165 161 167 185 173 167 167 178 173 172 170 166 164 169 172 172 178 174 177 177 174 177 187 188 188 187 196 199 188 178 173 162 148 150 139 129 129 128 125 123 125 130 126 126 130 157 176 165 158 141 134 126 120 116 115 112 115 115 117 119 123 120 157 171 135 122 127 129 127 124 127 133 130 140 137 120 118 117 116 112 113 110 106 105 103 101 98 96 91 89 87 91 93 93 91 91 91 87 87 82 77 75 79 80 83 82 85 87 89 86 90 87 86 87 89 91 91 93 98 94 94 87 90 92 82 84 86 88 89 85 85 84 85 88 87 96 95 93 93 94 97 99 99 104 104 107 105 102 101 98 100 96 93 92 96 98 98 105 107 108 109 116 117 119 120 122 121 124 125 123 126 123 123 124 122 118 118 111 110 113 110 106 110 109 108 109 108 110 108 106 110 107 107 107 107 103 103 106 107 106 107 102 100 98 98 95 97 103 99 99 93 98 104 100 98 95 96 93 95 94 92 90 91 85 86 85 88 84 82 78 74 68 65 65 67 70 64 70 70 73 75 73 71 74 70 72 71 66 68 66 69 68 69 64 65 68 61 62 63 64 66 61 62 59 60 59 58 58 57 56 59 58 62 64 64 65 65 66 71 69 68 71 71 68 68 66 63 63 62 66 64 64 68 69 65 68 69 68 72 75 78 77 74 74 78 83 83 87 87 85 83 86 85 86 85 85 87 87 88 85 80 82 82 84 82 86 86 87 82 84 87 86 85 86 82 81 83 82 83 81 83 83 76 83 80 78 82 84 84 81 82 79 86 85 84 83 83 82 83 83 83 83 78 79 81 79 85 77 85 78 80 82 77 78 79 77 80 79 75 76 75 76 70 67 69 66 76 70
159 162 162 155 154 157 154 155 157 157 161 171 209 222 223 221 223 227 225 226 226 218 214 203 198 203 200 197 200 199 187 178 175 185 192 191 168 172 183 185 191 198 200 200 188 193 206 209 203 211 194 176 189 205 201 201 194 196 196 186 181 177 169 158 155 161 164 162 187 199 204 202 185 168 177 172 169 165 159 166 166 165 173 169 169 173 171 167 174 178 167 161 155 165 166 173 168 154 145 149 157 156 163 165 162 171 171 173 175 171 176 180 182 192 190 186 182 192 191 186 181 172 164 142 133 133 129 122 120 123 124 129 130 125 123 122 134 168 177 157 143 137 134 125 120 118 117 115 115 113 115 116 115 118 121 116 116 119 120 122 121 120 121 116 114 125 152 129 116 116 113 111 111 106 107 105 102 103 100 94 92 92 87 92 95 93 91 93 89 89 87 90 81 80 82 86 87 89 90 89 87 90 87 90 85 85 89 87 89 93 93 93 89 93 93 95 88 88 88 88 85 88 85 83 84 88 90 92 96 95 99 95 95 95 101 104 101 103 102 100 99 102 101 98 93 92 96 101 98 105 103 107 108 108 113 117 118 121 119 121 122 119 121 118 119 122 121 119 117 114 114 113 111 106 107 103 105 106 105 107 106 106 106 107 105 105 106 104 104 109 108 105 104 103 103 100 99 100 97 102 100 100 98 101 102 103 103 97 98 95 95 93 91 89 87 86 85 81 83 79 84 85 75 71 72 69 65 68 65 69 69 70 69 68 70 74 72 67 70 70 72 69 70 69 65 66 67 62 57 57 60 59 57 58 59 59 62 61 65 60 60 61 59 60 61 64 66 69 70 66 74 73 71 72 72 72 70 64 64 63 63 64 66 66 67 67 69 70 73 74 73 76 78 80 80 80 80 85 84 85 84 83 86 85 85 88 86 86 90 88 88 84 84 82 81 83 83 86 89 88 83 86 86 87 85 85 88 83 83 85 86 85 84 84 82 83 81 84 84 84 83 82 89 82 81 84 87 85 80 81 86 80 81 80 81 79 77 78 81 80 82 81 78 77 79 78 79 79 76 78 82 77 82 76 74 71 68 68 67 62
158 157 153 153 155 151 151 155 167 154 163 168 188 217 220 226 228 229 224 223 227 215 213 208 207 215 200 187 205 197 185 178 176 180 172 194 198 197 194 196 191 197 197 205 192 189 202 211 215 213 219 215 213 210 206 199 191 196 182 169 167 163 161 147 146 152 158 167 183 196 199 206 202 193 185 177 173 168 160 159 158 160 169 167 165 178 172 175 179 173 167 158 158 170 168 170 156 146 139 134 142 155 165 161 155 155 164 173 178 176 178 182 185 199 204 193 190 195 186 187 179 161 143 134 131 124 124 123 118 122 126 133 130 129 123 130 132 144 155 144 138 136 125 123 120 118 115 114 110 112 114 112 113 113 114 114 116 117 117 115 112 110 114 113 109 117 144 128 119 114 114 110 108 106 111 108 104 102 99 96 92 89 88 89 93 95 96 97 90 90 89 92 88 87 87 89 87 87 95 93 93 93 95 95 92 87 91 92 91 92 95 93 94 94 95 92 88 92 89 90 89 87 86 85 86 91 94 93 95 95 95 99 98 97 99 100 103 104 103 102 99 100 97 98 97 96 96 101 101 102 108 109 109 107 109 113 115 118 119 122 123 120 118 116 116 118 118 116 116 115 115 113 112 109 111 106 106 108 109 112 110 110 105 107 103 103 105 106 107 107 106 107 106 102 101 102 102 100 104 102 101 101 101 100 107 102 103 99 95 92 92 90 88 90 89 85 84 86 79 82 75 79 74 71 72 69 68 72 69 71 71 73 71 71 72 71 71 77 73 71 77 69 69 71 68 67 70 65 65 65 63 60 64 59 62 61 65 63 66 64 64 65 61 62 59 65 67 67 70 74 75 75 73 71 73 72 68 66 65 67 67 67 67 67 76 75 77 75 75 78 80 84 83 88 82 86 86 89 88 88 86 89 88 89 88 88 85 90 86 87 91 89 81 87 88 83 82 79 84 87 88 86 86 89 84 83 88 85 81 83 83 83 83 84 88 86 85 79 84 89 83 84 86 83 82 85 87 84 83 82 84 85 84 81 78 82 79 82 78 87 80 80 78 77 77 76 77 76 77 78 81 80 81 79 81 77 71 65 72 68
147 156 155 153 150 147 155 158 196 189 190 177 189 214 225 226 224 220 219 216 206 205 211 217 217 219 203 190 202 214 222 211 188 184 191 201 197 187 185 187 190 193 192 196 196 193 208 212 213 213 219 216 221 207 208 202 195 193 181 171 153 157 160 143 144 145 157 167 185 190 198 202 208 207 195 191 191 175 170 160 165 170 169 170 175 178 174 173 172 168 166 168 160 160 160 168 161 140 136 135 151 162 160 153 150 154 155 158 165 175 175 180 187 193 199 196 196 198 188 189 176 151 136 128 124 124 122 120 124 125 131 131 130 129 127 129 132 137 142 129 127 125 122 120 121 119 113 112 109 107 110 112 113 112 112 113 110 114 111 108 108 110 112 115 112 112 127 123 118 114 109 107 109 111 113 109 108 105 98 93 94 94 90 92 93 93 94 97 96 93 96 93 94 93 97 95 93 98 96 92 94 95 94 95 89 88 88 91 89 95 93 92 93 98 94 91 92 89 91 85 84 88 85 88 88 92 93 95 96 95 97 96 93 94 95 99 103 103 101 100 98 100 100 98 98 99 98 100 105 105 106 108 107 111 110 113 116 119 119 121 120 119 118 119 118 119 118 115 115 113 112 110 108 109 115 113 114 114 112 113 110 110 108 105 107 105 107 110 106 105 108 104 105 105 106 105 105 105 105 104 102 102 105 102 104 99 101 95 92 90 91 90 88 89 92 85 84 87 81 85 80 77 81 75 73 75 79 72 74 75 77 78 74 78 81 76 74 73 73 76 74 71 75 75 73 70 72 64 65 70 68 70 67 66 68 68 68 72 74 71 70 69 66 65 63 64 66 68 71 74 77 75 71 69 73 70 70 68 72 70 69 72 73 77 74 78 81 82 83 85 89 89 89 86 88 91 91 90 90 91 86 86 88 87 88 91 86 89 88 88 90 87 86 81 82 84 84 82 87 90 85 84 86 84 85 82 86 86 86 86 84 85 82 85 87 86 82 82 85 88 84 82 88 85 85 86 87 84 84 85 80 89 81 78 81 81 77 79 82 80 75 80 84 78 77 78 79 77 76 82 79 81 81 81 82 80 79 84 73 72
149 150 149 145 150 152 174 155 170 189 180 170 201 209 223 219 207 208 208 201 188 194 204 208 213 216 207 198 198 213 221 218 214 198 181 178 171 172 169 173 183 188 180 188 200 206 214 211 211 203 213 208 210 205 198 198 190 198 189 174 159 143 143 146 138 143 162 174 176 188 197 199 201 206 199 193 195 179 175 178 180 176 170 174 175 181 189 177 170 160 167 162 161 157 157 158 169 158 171 170 169 153 155 156 143 144 150 163 173 183 180 180 184 192 194 199 197 206 192 186 167 138 128 126 126 121 124 125 127 132 131 130 128 123 122 127 134 139 135 129 126 123 122 122 123 123 117 114 113 109 111 112 111 108 110 112 110 109 108 108 105 109 111 115 119 117 119 115 117 119 112 111 112 112 114 110 108 106 104 99 99 97 97 94 94 95 92 90 92 90 93 97 96 96 97 95 95 94 96 95 90 93 92 91 91 89 87 91 93 95 92 93 93 92 89 87 88 85 90 89 82 83 87 88 87 91 92 93 94 93 92 92 94 95 96 98 99 99 99 100 99 97 102 99 100 101 101 102 103 104 104 104 108 109 111 112 114 115 116 116 117 116 118 120 120 119 119 117 112 113 111 111 110 112 115 115 117 116 113 111 110 108 109 108 104 105 107 111 108 108 108 108 109 107 105 105 103 105 104 101 102 103 102 101 103 100 101 96 91 94 92 91 91 91 90 89 88 88 87 86 84 81 84 78 80 79 78 77 82 84 84 84 81 83 85 82 83 80 83 79 78 75 76 74 74 76 72 67 72 70 73 70 71 71 73 77 76 75 78 75 76 72 72 72 64 63 63 66 71 74 78 72 75 73 74 76 76 74 77 77 78 79 83 85 88 91 90 92 89 88 89 89 91 90 90 92 90 86 91 91 92 91 90 89 91 91 92 90 89 88 91 88 87 87 87 83 83 82 88 90 86 87 86 84 87 82 87 85 84 84 81 83 87 84 87 84 86 81 87 84 87 84 87 85 86 88 87 83 80 85 86 87 84 85 83 80 76 81 82 79 78 81 80 80 83 81 81 80 76 79 79 79 78 76 79 75 75 75 70 71
144 149 150 149 157 166 201 203 205 206 190 187 199 211 212 215 194 201 202 202 188 193 189 203 212 212 212 211 208 209 206 211 213 208 187 168 157 168 161 163 172 175 180 175 173 199 209 199 194 186 198 202 198 199 195 191 187 198 185 174 160 150 138 137 145 149 162 172 179 185 190 197 195 197 199 198 188 186 188 187 179 172 172 169 169 177 180 186 180 167 160 157 154 158 173 173 188 181 186 173 166 159 147 145 143 142 154 167 170 178 177 173 171 187 193 207 206 209 200 177 152 132 123 126 129 125 129 127 132 129 130 128 123 122 127 128 134 134 132 125 120 118 121 122 124 125 120 116 114 110 111 110 113 110 110 111 111 105 108 111 109 108 111 113 115 120 121 118 119 120 112 110 112 114 113 111 105 107 107 100 101 103 99 95 99 99 97 98 98 97 99 98 100 100 103 102 100 97 99 96 94 97 99 93 89 90 92 94 95 93 94 92 95 95 93 91 92 90 91 87 87 87 89 88 90 90 90 93 92 91 94 93 93 94 100 101 99 97 97 99 97 96 100 100 101 99 98 97 103 101 100 104 105 109 108 111 111 112 114 115 113 115 119 119 114 115 119 118 115 114 112 111 111 114 116 113 113 113 110 109 108 106 106 105 105 105 108 111 111 110 112 115 112 110 108 107 105 102 106 104 102 101 99 99 97 96 97 95 95 97 95 94 92 92 92 92 89 89 88 87 83 89 86 84 82 85 84 84 88 89 87 86 92 91 91 90 86 85 86 82 82 81 78 80 79 81 83 78 80 83 86 77 83 87 88 86 91 88 89 86 84 79 76 75 71 74 72 72 81 81 83 80 79 78 77 76 77 80 88 91 90 91 96 92 95 93 92 96 92 93 95 95 94 96 93 94 92 93 93 91 90 92 90 92 94 91 92 94 90 92 96 92 88 89 92 93 88 85 90 91 88 87 88 89 88 86 86 87 87 85 84 85 85 89 87 87 86 83 89 87 87 85 87 87 85 84 83 81 81 83 87 85 85 80 80 84 87 79 84 79 79 81 79 80 81 82 82 79 80 74 77 74 74 73 79 77 75 75 73 60
151 149 147 150 145 161 207 215 213 213 212 199 197 205 206 206 203 198 183 190 184 188 197 204 212 205 214 206 215 210 200 207 206 204 194 181 170 169 184 185 176 189 183 188 180 203 203 185 175 168 183 184 184 192 185 189 181 189 178 165 158 147 144 145 147 155 164 174 187 186 186 188 193 192 198 201 194 189 188 184 176 172 165 170 170 174 170 176 178 173 163 159 170 174 183 172 182 190 199 177 169 159 155 149 138 132 143 155 159 166 175 176 168 178 187 213 212 203 184 157 142 135 129 127 131 133 128 132 134 133 132 127 124 118 124 127 130 128 128 122 117 115 118 119 125 122 120 119 112 110 112 111 109 110 111 115 111 108 111 111 109 111 112 111 119 119 118 118 120 119 112 109 112 112 112 112 108 110 110 105 104 105 101 103 99 99 100 100 102 101 101 101 105 104 104 102 104 101 101 98 99 97 96 94 96 92 92 93 97 95 97 94 93 93 93 91 91 91 92 90 91 88 89 90 92 90 95 93 93 92 93 93 96 95 99 100 101 100 101 100 101 99 100 101 100 98 99 97 100 103 105 108 105 108 108 111 112 113 113 113 116 117 118 116 114 114 116 116 114 113 113 113 113 111 111 112 111 110 107 104 106 104 103 105 108 108 109 112 113 113 115 118 118 115 112 111 109 104 105 103 100 101 98 101 98 99 97 98 98 101 99 98 94 95 95 96 94 94 93 91 86 84 85 86 86 87 93 89 91 93 96 100 100 95 93 93 93 90 92 92 87 91 86 84 91 87 89 87 96 92 96 96 99 100 101 99 100 93 97 100 93 91 84 78 83 83 84 87 93 95 93 89 92 90 90 93 94 93 97 96 101 96 95 95 98 96 100 95 96 100 95 95 97 98 97 97 94 97 95 92 93 94 92 94 95 92 95 92 92 91 95 93 90 89 95 88 86 86 91 88 90 84 92 90 91 85 88 85 87 86 90 89 84 86 90 89 84 84 90 90 88 86 86 87 85 84 90 85 85 85 88 87 81 82 87 82 83 79 84 80 82 80 78 81 80 81 83 81 75 72 71 72 68 73 78 72 75 74 74 68
144 150 146 141 144 159 203 202 198 204 210 202 206 213 199 194 202 199 176 180 186 195 198 201 205 197 199 195 200 200 194 194 205 210 196 203 199 183 174 173 173 171 174 193 194 186 196 181 169 163 163 167 165 170 172 186 181 181 179 173 158 148 149 155 162 172 177 183 198 196 195 187 195 190 192 197 187 185 188 188 176 164 160 155 152 159 168 166 166 169 170 173 183 173 177 177 182 192 205 184 174 168 168 156 142 141 147 152 161 160 173 177 176 175 178 200 196 192 180 147 144 139 139 137 134 140 137 133 135 143 139 131 126 120 119 119 124 125 126 120 116 114 116 117 117 116 116 115 111 110 112 111 112 112 110 111 111 110 109 112 111 114 112 116 121 121 122 116 113 115 114 112 114 112 116 115 112 109 108 106 107 106 104 105 104 104 106 104 104 102 104 106 106 105 106 104 102 103 101 102 99 98 95 96 96 95 98 97 95 97 98 94 97 96 93 90 93 91 90 90 91 92 94 92 88 95 94 93 94 97 96 99 98 99 101 104 103 103 105 100 101 99 101 103 99 98 102 102 106 106 105 105 107 109 111 113 113 113 114 115 117 116 116 113 116 113 114 115 115 112 113 111 112 111 112 112 111 111 108 106 106 106 106 111 113 111 111 112 111 112 113 113 119 116 113 111 107 105 103 101 99 101 97 97 100 100 95 98 100 102 100 100 95 96 98 99 98 97 95 93 89 89 90 94 91 92 95 95 95 98 102 107 106 99 99 102 102 102 101 98 96 95 94 96 99 103 106 107 106 107 111 105 107 108 106 101 99 99 103 101 101 99 93 92 93 94 100 97 96 98 97 98 99 100 102 104 101 98 100 99 102 101 98 101 100 102 102 101 99 99 101 98 101 96 99 97 98 99 99 95 95 95 96 96 98 94 96 93 93 92 95 90 90 92 92 92 93 88 91 91 93 90 89 87 89 87 90 90 85 85 91 85 89 88 90 89 86 86 89 86 88 85 83 86 83 84 83 85 82 84 83 85 81 86 85 85 78 82 80 83 79 83 81 79 82 79 78 76 75 70 73 70 73 76 79 73 70 70 66 68
142 148 147 149 154 162 181 191 192 193 206 205 195 194 190 177 182 185 158 153 164 189 198 187 192 194 182 181 175 187 184 188 200 202 198 198 196 186 174 166 172 169 194 210 208 195 183 177 163 161 153 154 164 164 166 178 183 182 185 186 173 153 148 150 170 182 189 187 194 194 191 187 197 195 196 191 191 176 183 172 171 160 152 153 156 160 174 164 164 162 162 168 175 164 167 177 192 199 200 194 187 183 172 167 154 151 162 154 163 155 162 171 170 179 179 195 189 182 182 159 150 146 152 155 145 135 135 129 133 138 139 135 125 122 118 120 117 122 122 120 119 114 114 113 115 115 115 114 111 114 115 115 112 114 112 111 111 112 110 113 116 118 115 118 120 121 122 121 119 119 119 115 116 116 118 120 117 116 115 114 111 111 108 107 107 107 105 106 107 107 108 108 108 107 108 103 101 103 104 101 99 97 98 98 100 98 102 96 94 97 98 99 97 98 94 90 96 96 94 96 94 97 98 97 95 96 95 98 100 105 103 103 105 108 107 103 105 104 105 103 103 102 102 102 100 101 105 107 105 105 107 109 111 111 114 113 112 111 117 116 116 116 114 114 115 114 115 117 115 114 112 113 110 112 111 110 110 111 108 106 110 109 110 112 113 113 115 112 110 109 109 112 117 114 112 112 108 104 103 100 101 101 99 99 102 100 101 103 103 103 100 98 100 102 102 99 100 99 100 99 96 97 97 101 99 100 103 106 103 109 113 114 113 111 112 110 112 114 109 108 109 111 109 110 108 111 111 111 110 111 109 111 109 111 110 107 109 104 106 107 106 105 103 108 108 104 104 106 104 101 104 106 107 106 105 105 106 105 100 100 101 102 101 105 103 102 102 102 101 101 103 100 101 101 101 99 101 98 98 98 97 96 97 96 94 96 95 95 96 94 98 93 91 91 92 93 90 90 93 93 91 90 90 92 93 89 86 87 87 88 88 88 87 88 91 90 89 85 87 86 86 86 88 85 86 81 87 84 82 83 83 84 81 86 84 82 82 83 87 85 80 78 82 82 77 80 79 73 76 76 71 72 76 79 80 75 72 75 76 67
142 144 149 152 150 150 152 180 191 196 195 192 178 169 164 150 160 167 166 166 162 173 171 165 170 169 172 170 177 184 171 173 181 181 187 192 184 185 181 173 163 185 202 206 208 200 186 175 163 159 155 155 172 174 169 177 189 192 192 186 177 162 163 164 174 184 188 190 194 193 190 191 193 192 197 193 185 173 164 157 159 154 152 157 152 154 148 168 168 164 156 158 172 194 203 198 209 205 207 203 195 181 170 166 164 154 170 160 166 171 161 167 168 174 179 194 181 183 186 182 173 166 169 161 145 135 129 123 121 128 146 135 122 119 117 118 118 120 122 123 122 115 115 115 114 112 112 109 109 113 117 114 115 111 113 113 113 116 115 119 125 127 121 120 122 125 127 125 124 120 123 118 118 121 123 119 118 115 118 116 113 113 113 112 112 111 108 108 109 109 111 111 109 104 107 104 104 104 106 104 103 103 103 101 102 99 99 98 101 101 102 102 99 101 99 97 97 97 97 99 101 104 106 106 103 102 108 109 108 112 111 110 111 112 110 106 104 106 107 107 106 103 106 103 103 102 106 108 106 109 113 111 110 110 111 112 113 113 118 117 120 118 117 113 113 112 112 113 115 115 114 113 112 113 112 111 110 110 108 110 112 108 110 112 113 114 113 110 110 111 113 112 114 109 109 109 106 107 100 103 103 101 101 103 100 105 104 103 105 104 104 102 100 103 106 104 103 106 105 104 103 106 108 106 109 109 113 116 115 119 121 119 118 121 121 116 115 117 114 112 113 112 113 111 110 110 111 112 112 111 110 111 109 111 111 109 109 110 108 108 107 107 105 109 106 109 105 109 108 106 108 110 108 107 107 108 107 103 105 104 106 105 104 104 104 102 102 100 102 101 103 103 107 101 99 99 103 100 95 99 99 96 97 97 98 99 97 97 94 97 98 96 93 92 92 93 94 92 92 93 96 93 92 92 94 91 87 84 83 90 87 93 87 90 92 89 90 88 89 88 86 86 85 90 88 83 84 87 83 87 85 83 85 82 86 83 82 84 84 82 82 78 79 79 75 77 75 78 78 74 77 79 76 78 75 74 74 70 72 66
140 144 142 148 146 149 152 167 179 172 157 156 150 145 143 145 149 160 167 160 172 162 156 161 157 161 165 162 159 157 158 157 163 164 174 182 189 190 192 195 188 196 199 203 205 198 187 172 159 157 159 166 168 171 169 175 196 201 201 192 186 176 175 171 174 178 185 180 183 185 194 185 187 192 196 192 180 180 177 175 166 159 168 173 163 151 173 166 176 168 167 181 201 215 208 207 208 207 208 201 201 188 166 172 174 163 170 162 173 165 158 166 171 175 181 194 194 190 177 176 180 175 176 182 174 154 136 140 136 134 139 139 126 123 121 118 118 121 126 124 122 115 114 115 110 110 113 114 114 120 117 119 119 116 115 121 119 117 123 124 129 133 128 125 122 124 127 127 124 118 124 126 123 124 127 122 120 118 117 119 116 114 115 113 114 114 112 114 110 109 111 110 110 106 109 107 105 105 107 106 105 103 104 106 104 106 103 103 102 103 105 100 97 101 102 104 101 103 105 106 109 111 117 118 117 118 115 117 118 118 116 115 114 111 111 114 111 111 109 107 109 108 111 107 108 110 108 112 108 111 114 112 108 111 112 111 113 116 123 123 123 121 120 115 116 114 114 114 114 114 113 112 114 110 112 113 113 114 116 114 107 98 108 105 110 111 110 103 106 108 109 109 109 107 110 110 108 107 108 111 107 106 106 101 105 108 105 107 107 104 106 105 104 105 114 108 107 112 112 113 117 116 119 120 121 120 122 123 121 123 124 121 121 121 120 118 118 118 115 112 110 110 112 111 112 111 113 112 110 108 110 110 110 109 111 111 108 112 108 108 107 107 107 108 109 109 110 108 111 109 106 106 108 108 109 110 109 105 105 106 106 106 107 106 104 104 105 103 105 104 104 103 102 101 102 102 100 99 99 100 103 99 99 98 94 95 97 99 96 96 94 96 95 94 94 95 95 94 91 93 96 93 91 93 96 91 89 90 90 87 89 91 89 88 88 88 89 85 86 91 86 87 84 89 90 84 81 83 82 85 84 83 81 83 81 78 83 86 84 80 81 81 82 82 81 78 76 72 74 73 81 79 79 79 75 77 72 69 71 67
138 141 143 146 144 145 146 144 150 150 147 145 146 144 145 143 152 169 168 169 175 162 156 153 171 188 206 184 162 162 160 143 155 181 185 197 198 198 198 195 198 194 193 196 203 199 195 173 174 165 158 167 180 180 181 183 194 200 201 195 194 189 180 174 178 188 192 183 187 186 192 188 193 194 188 188 188 181 161 160 165 181 179 179 179 153 188 192 185 181 189 198 210 210 211 210 216 209 204 204 202 180 170 173 181 169 163 168 175 172 161 159 165 169 171 184 192 172 168 168 182 183 183 187 187 173 172 175 166 168 162 163 145 131 124 123 125 124 129 129 122 117 117 116 116 122 125 133 138 143 141 137 135 130 130 132 127 129 127 131 134 138 133 130 127 125 124 124 126 123 124 125 124 127 132 125 123 118 119 119 118 115 117 115 115 115 114 116 112 111 111 110 107 108 108 109 108 107 109 109 105 105 106 105 106 108 103 108 107 104 106 105 105 106 105 106 106 108 112 112 114 113 119 119 121 120 121 121 121 120 118 117 117 116 116 117 116 114 116 114 111 113 115 113 115 114 118 113 114 112 113 112 110 111 110 114 115 117 122 119 118 121 118 116 114 113 113 114 115 114 113 113 115 113 117 116 114 116 123 79 84 87 102 107 109 103 108 105 104 105 103 110 113 111 113 107 112 110 108 111 110 107 107 103 104 104 107 109 107 105 110 111 112 109 112 116 114 115 121 123 126 126 122 123 121 120 122 124 122 122 122 122 122 121 120 117 117 117 116 113 111 113 111 111 111 110 113 109 109 108 111 112 110 107 110 110 110 112 110 108 109 108 109 109 109 107 111 110 108 109 108 109 109 108 108 109 108 106 104 108 105 105 107 104 103 104 105 103 103 102 103 104 102 100 100 99 100 100 97 102 101 98 98 99 97 97 96 98 97 96 97 96 95 95 95 96 95 96 94 95 98 93 91 93 93 91 90 90 89 90 91 89 88 90 92 90 90 87 85 87 82 86 86 87 86 85 87 85 83 82 82 86 82 85 87 86 84 86 89 83 79 81 79 76 79 75 73 77 75 75 80 78 77 77 74 75 71 66 64 69
135 137 137 143 145 140 146 142 144 151 147 146 143 146 144 147 140 142 154 160 152 149 155 147 165 182 186 190 172 187 181 168 163 181 201 197 194 196 199 190 190 176 175 189 199 198 192 175 169 172 166 174 189 194 191 190 193 199 201 199 193 190 174 169 193 189 192 191 185 187 194 197 195 202 196 192 194 195 176 159 160 175 188 190 189 162 194 205 206 206 210 212 205 199 202 206 214 215 207 206 194 178 180 184 184 172 161 165 172 176 175 158 158 167 170 179 182 169 164 178 189 188 189 182 174 171 176 176 188 199 202 190 173 152 137 127 137 138 137 132 125 124 131 129 128 136 151 163 169 167 156 147 139 131 142 144 134 134 130 136 134 133 129 131 132 128 129 125 128 132 131 133 131 130 131 130 125 125 128 121 122 124 121 120 117 117 115 115 115 114 113 111 112 110 113 110 111 110 113 109 106 108 110 109 109 111 107 109 109 110 109 111 111 111 114 111 113 115 117 120 116 117 125 125 124 123 120 122 121 121 121 123 122 123 119 118 121 120 120 121 116 117 119 116 119 118 118 116 117 115 115 113 113 114 115 115 116 118 119 119 118 119 117 115 115 116 115 114 114 118 115 114 115 115 118 119 120 122 62 30 92 90 103 95 102 102 101 105 105 101 108 115 119 117 120 113 114 115 114 114 113 108 107 110 104 106 107 107 104 106 113 112 114 114 118 116 116 119 123 129 127 127 124 121 123 123 123 123 122 121 122 123 122 119 121 119 117 118 114 113 113 112 112 112 111 111 111 111 110 110 111 111 109 109 109 110 110 111 111 108 109 109 109 111 109 110 111 111 110 110 110 109 108 107 106 110 107 105 105 106 104 102 104 104 103 105 106 107 104 103 103 101 102 101 102 102 101 99 101 100 101 98 99 101 96 97 96 97 92 93 96 94 93 96 95 99 93 93 95 97 94 91 92 94 94 95 93 91 90 91 88 87 88 90 88 92 88 87 86 84 85 85 89 87 83 88 90 85 84 86 87 84 87 85 83 84 83 84 86 82 82 79 82 78 74 77 75 73 78 74 75 74 76 72 75 76 70 68 65 64
137 137 138 138 146 142 144 143 145 149 146 144 140 142 144 143 142 139 139 141 142 148 154 146 155 166 172 171 155 156 161 170 185 180 192 187 195 201 207 192 178 195 197 196 189 174 181 174 175 184 177 180 185 196 187 197 191 197 201 200 195 193 182 179 193 192 200 203 197 188 188 188 184 193 200 194 188 194 201 193 173 178 193 209 207 209 210 209 216 216 215 211 205 203 198 202 203 214 214 212 200 187 192 180 187 172 164 166 168 176 172 164 156 167 158 169 186 176 176 182 183 177 183 188 188 195 207 210 207 206 204 199 184 163 140 137 148 158 160 144 139 146 157 149 147 158 176 180 191 186 174 162 155 149 156 155 150 143 138 134 134 134 131 126 129 133 133 128 131 141 139 144 136 135 138 140 131 138 130 128 133 126 120 120 117 116 117 119 118 117 118 115 114 110 113 115 113 114 116 113 114 115 115 115 114 115 111 114 116 117 117 119 120 120 119 118 119 121 121 128 124 122 127 128 126 126 124 125 124 121 122 123 122 123 121 119 121 120 119 119 118 119 117 118 115 118 117 116 117 116 115 114 116 116 117 117 117 116 117 119 117 117 115 114 117 119 118 116 117 118 119 118 118 117 117 121 119 88 74 101 103 69 83 81 92 100 107 108 106 107 116 120 120 127 125 121 120 122 120 119 114 113 113 112 110 108 108 109 109 111 117 119 124 124 121 118 120 119 123 128 128 125 124 126 123 123 125 125 123 122 123 122 121 119 120 119 118 114 114 112 114 111 110 111 109 109 110 111 110 111 110 108 108 108 108 110 110 109 110 113 111 107 110 111 112 113 113 113 112 111 112 111 108 107 109 108 108 107 106 106 104 102 104 104 101 102 104 103 103 103 103 100 103 100 101 102 102 100 100 99 97 99 100 97 97 97 96 97 94 96 94 95 93 94 96 94 92 91 93 97 95 95 95 93 95 94 92 90 88 89 90 91 87 85 85 90 89 87 85 82 86 84 86 84 83 88 85 86 81 83 86 84 84 85 80 82 82 83 84 83 82 80 82 77 78 78 76 74 76 76 73 73 74 72 69 72 72 69 64 63
134 133 139 141 141 140 144 144 142 142 149 144 146 144 143 138 137 136 138 140 137 136 137 141 141 142 143 137 136 147 145 148 148 162 173 192 199 205 205 204 202 202 202 211 198 161 190 189 183 193 191 191 189 185 191 191 190 193 200 203 197 197 178 180 193 198 202 200 199 184 183 180 174 188 193 193 192 205 203 208 209 211 210 208 212 217 213 215 219 215 213 210 206 207 194 193 200 210 215 216 208 204 205 190 181 173 171 171 164 169 164 158 168 167 162 171 189 183 186 193 189 174 185 187 191 200 216 214 209 204 198 198 182 173 162 150 154 165 175 167 163 156 160 164 167 183 204 208 205 198 196 189 186 193 192 192 182 164 155 148 145 146 139 134 129 133 135 133 141 142 149 149 144 142 143 144 139 133 130 132 133 127 123 119 119 117 119 120 118 118 118 116 117 114 120 117 116 118 118 117 117 116 115 115 117 119 117 117 122 120 120 124 124 125 124 123 125 125 124 128 127 127 128 126 124 125 124 123 126 122 122 120 122 122 122 121 122 121 120 121 116 117 117 119 118 121 119 117 117 118 118 118 116 119 120 116 117 118 118 116 117 117 118 119 116 117 118 119 119 118 118 118 120 119 120 121 81 78 130 117 49 60 48 50 64 107 118 113 119 126 131 130 135 137 127 121 122 119 117 118 116 114 115 116 114 112 112 113 115 122 128 127 126 123 122 123 120 119 124 127 128 127 126 124 121 120 125 123 122 122 124 123 121 119 119 119 116 113 114 113 112 112 111 109 110 110 110 110 110 111 111 110 110 110 109 110 110 112 111 111 110 109 112 111 113 113 112 111 112 110 110 111 111 108 109 106 105 105 104 103 105 104 105 105 105 104 106 104 106 102 102 102 100 101 102 100 100 99 100 100 101 97 99 95 97 97 96 97 94 94 96 97 95 98 96 95 94 94 93 91 95 94 94 92 97 93 92 90 93 89 88 90 89 87 87 91 86 83 83 82 84 83 86 86 86 87 85 83 80 86 84 86 87 84 77 81 79 80 80 80 83 79 78 78 79 76 76 76 75 73 75 72 72 73 72 72 72 70 65 63
132 135 138 139 139 139 146 142 142 143 144 143 141 142 141 137 135 134 138 136 136 137 134 139 136 134 135 135 131 130 135 135 128 142 158 180 200 209 210 202 202 202 208 205 211 214 211 203 201 196 193 194 200 199 179 180 184 180 188 196 200 198 192 192 197 202 196 197 182 170 173 167 172 172 175 186 198 208 206 211 214 214 208 208 209 216 214 209 211 216 214 202 200 194 181 183 192 194 201 211 207 205 210 199 179 170 167 172 174 174 178 171 175 179 179 174 181 185 186 191 184 177 183 188 203 216 218 213 208 216 211 202 193 190 188 182 182 184 187 186 182 180 180 188 194 206 216 217 211 200 205 206 209 216 218 207 203 187 176 168 165 154 152 139 138 146 152 143 144 148 156 150 146 147 149 150 151 145 145 136 137 128 123 119 120 120 125 125 122 119 120 121 120 122 120 122 116 119 119 119 118 118 121 123 124 122 123 128 126 127 126 125 123 126 130 125 125 124 128 128 127 126 125 125 126 127 125 123 123 121 123 119 122 122 124 122 122 120 119 118 117 118 120 118 118 121 119 121 118 120 121 123 121 120 120 121 120 119 117 116 118 117 118 119 120 117 117 120 121 120 116 119 122 122 125 116 124 129 122 67 19 31 22 23 25 101 131 127 130 134 137 139 138 135 133 129 124 123 119 119 118 118 119 119 116 116 117 119 125 127 133 130 124 123 124 118 119 119 125 124 125 126 126 126 125 123 128 126 124 124 124 121 121 119 118 119 114 116 115 115 111 110 109 110 110 111 112 112 110 110 110 110 110 110 111 113 110 113 111 113 111 110 110 113 112 113 113 113 112 110 110 111 109 105 106 106 105 105 103 101 103 102 103 104 105 103 105 102 104 104 103 99 102 102 103 102 100 101 101 98 99 97 101 97 97 96 95 98 94 96 92 96 94 92 94 92 93 93 94 95 93 91 94 97 93 90 94 94 90 90 92 89 87 89 85 89 88 83 83 85 88 85 87 86 88 86 81 89 83 84 86 82 81 81 80 80 79 80 82 77 77 79 80 78 76 79 81 76 79 79 76 73 71 73 79 71 71 69 66 65
137 136 141 139 140 139 140 144 143 145 141 138 139 142 136 137 136 138 136 135 138 137 136 134 136 133 131 132 132 131 131 129 141 169 195 199 204 207 206 198 197 198 193 198 201 209 207 208 204 207 202 201 198 197 192 182 179 175 182 186 193 187 196 204 202 195 194 194 162 160 163 163 167 169 175 193 205 210 219 211 209 212 209 208 215 216 219 214 209 213 211 200 193 190 176 182 190 196 195 203 203 192 197 191 180 171 170 180 183 183 188 181 181 186 192 196 192 191 189 180 188 192 198 209 213 212 214 214 215 214 213 205 207 202 203 195 186 192 191 196 195 200 206 210 218 212 215 226 228 223 225 227 225 218 220 225 232 218 198 194 173 169 168 153 153 154 163 155 155 166 168 167 152 158 152 152 148 151 146 139 136 129 123 123 123 124 126 128 126 122 123 126 124 120 125 122 120 118 126 121 123 124 130 128 124 124 132 135 130 130 127 125 124 127 131 129 125 125 126 128 129 126 129 129 129 131 129 126 127 125 125 124 126 125 125 122 124 121 122 121 123 121 124 121 123 123 125 122 121 125 125 124 126 123 122 123 119 120 122 121 122 120 119 120 120 116 116 118 121 121 122 121 128 117 122 123 125 114 56 18 26 23 28 25 35 40 131 135 136 140 142 138 134 133 134 128 128 127 125 125 123 119 127 126 125 125 122 127 128 133 130 130 132 128 122 121 121 121 128 127 128 127 126 126 126 126 126 125 127 125 121 121 121 119 117 115 115 114 114 114 113 110 109 110 110 111 111 113 112 111 108 108 108 109 110 112 112 112 110 111 112 108 110 112 113 113 114 111 111 111 111 111 112 107 107 106 103 105 104 104 103 103 102 103 103 104 102 104 104 104 103 101 101 100 102 102 100 101 101 101 100 100 100 98 97 97 95 97 97 92 95 94 96 94 97 96 95 91 95 92 93 94 94 93 94 88 96 96 88 87 86 88 88 86 88 83 84 86 82 85 89 87 85 85 85 85 83 85 86 84 82 83 79 74 76 74 72 76 80 80 78 77 79 79 73 75 78 76 78 74 73 76 74 74 75 68 69 68 67 67
137 138 141 139 139 138 137 138 142 139 138 140 140 134 137 137 134 136 131 132 137 136 136 133 134 133 135 131 135 156 162 164 175 174 194 202 203 206 201 193 190 183 180 194 195 201 195 200 200 200 203 191 199 199 193 186 178 176 178 182 186 189 201 205 203 193 192 197 168 147 151 153 174 201 208 209 203 205 213 209 207 207 202 200 210 215 210 209 208 211 206 193 187 175 168 177 182 184 184 187 188 184 184 179 173 160 170 172 180 185 195 185 179 176 180 188 190 188 192 193 202 201 211 215 212 216 222 225 225 221 222 219 219 219 210 209 201 194 195 193 193 196 208 216 210 196 208 222 234 236 233 232 226 228 236 241 244 228 217 211 200 191 175 171 169 166 175 173 178 186 175 178 159 156 152 144 143 146 142 137 140 129 127 126 128 128 132 130 130 127 125 126 125 125 132 130 129 128 134 129 134 137 139 136 132 132 137 139 132 134 131 132 131 136 139 133 131 129 132 135 133 133 132 134 133 131 127 127 125 123 125 127 129 128 129 126 126 125 128 130 128 127 130 128 127 127 127 124 128 126 126 123 125 123 124 125 127 126 128 129 127 124 125 126 122 121 121 125 124 127 137 134 90 121 132 135 129 64 19 17 23 25 21 43 29 46 115 137 136 140 140 132 132 135 134 132 130 128 127 130 128 129 127 132 131 133 133 129 132 135 133 134 133 128 121 120 120 124 125 126 128 125 124 127 126 125 123 123 123 122 124 121 119 118 117 116 114 115 112 114 113 111 110 110 110 109 110 110 111 111 110 111 110 110 111 111 113 112 113 112 110 111 110 112 111 111 113 112 113 111 113 111 109 108 107 106 106 104 101 102 103 105 105 104 102 105 104 102 102 100 100 101 102 102 104 101 98 100 101 100 101 98 99 99 94 94 96 94 99 94 97 95 96 96 95 95 96 94 92 92 92 93 92 92 93 89 92 88 90 91 89 87 88 89 88 87 86 86 87 86 88 87 86 84 84 88 80 84 79 80 78 81 75 76 75 71 78 79 79 79 79 82 77 76 73 80 76 77 78 74 73 70 72 76 77 73 70 67 71 69
139 137 138 140 138 138 138 138 136 136 136 135 136 135 135 135 133 134 132 133 132 132 134 134 134 139 143 148 168 178 186 190 190 183 191 193 199 193 192 182 170 168 170 185 194 198 192 179 180 180 186 189 198 193 190 184 188 192 192 200 199 199 205 203 200 194 193 200 178 144 146 146 170 205 212 206 199 202 209 206 200 198 193 193 204 204 204 201 199 202 197 182 180 175 167 164 171 180 184 174 178 175 176 175 177 169 174 174 175 180 190 185 181 182 184 185 180 181 189 198 201 198 204 207 210 217 223 228 230 231 232 225 218 210 206 207 202 193 188 182 182 182 184 202 199 194 199 209 225 228 228 233 239 241 243 246 246 240 239 222 205 191 179 172 174 172 172 179 189 195 200 200 193 171 150 147 147 145 150 149 146 137 133 133 131 132 132 128 135 132 126 127 128 128 131 129 132 132 145 140 141 142 141 138 140 139 140 142 139 139 145 165 157 153 159 146 147 143 143 138 136 135 137 134 135 131 129 130 123 124 132 139 135 137 136 136 139 134 148 148 150 148 142 133 135 131 131 128 128 128 123 124 128 124 130 133 135 133 132 135 133 135 131 128 128 127 129 131 132 128 129 132 114 123 139 129 65 15 20 20 25 32 61 40 44 28 40 141 136 136 135 130 132 136 135 135 130 131 135 129 130 128 131 91 121 57 71 134 56 70 142 139 133 129 121 117 118 121 122 125 128 128 127 127 124 122 122 123 122 118 123 123 120 118 115 114 112 113 110 112 110 110 109 109 110 108 110 109 108 111 112 108 109 108 111 110 111 110 112 111 111 112 111 111 111 110 112 113 112 109 110 106 110 106 105 106 102 104 103 102 105 103 102 103 104 102 103 103 102 103 102 100 100 100 103 101 99 100 101 101 98 98 98 94 95 95 97 95 97 94 96 94 96 96 94 94 94 92 96 95 92 92 91 90 93 90 94 91 88 89 89 86 86 86 88 85 86 83 85 86 85 87 87 86 85 86 84 82 82 82 80 79 75 77 77 72 75 77 75 76 79 76 76 77 75 77 77 76 75 73 73 72 75 74 69 70 67 67 69 65
137 137 137 138 138 138 137 136 136 134 135 135 134 130 131 133 136 136 137 132 134 135 138 137 134 134 144 152 158 161 179 170 165 168 178 197 196 189 186 182 167 159 150 157 171 181 169 150 139 135 154 185 199 189 182 194 202 206 200 208 213 212 211 201 199 198 195 197 185 160 174 186 191 205 202 195 189 199 208 205 197 193 187 188 196 189 184 182 181 188 186 173 172 163 157 160 165 164 175 174 173 164 166 167 166 162 166 167 170 167 168 168 173 175 173 167 170 177 189 203 207 204 198 206 211 219 225 229 230 230 230 222 218 206 200 193 175 179 172 170 171 170 174 184 185 187 197 205 207 211 219 229 239 240 239 241 244 240 242 228 208 193 189 186 178 174 180 186 201 212 208 208 210 188 169 166 161 154 161 151 152 152 155 145 137 137 132 133 134 131 127 132 136 134 134 134 134 138 142 140 147 146 145 145 141 140 139 142 139 143 149 166 170 174 172 156 149 146 152 152 148 146 144 152 152 143 140 135 134 136 142 145 147 155 156 166 158 150 157 155 161 165 160 150 147 134 134 129 133 133 134 133 139 139 144 141 142 143 138 148 149 141 141 133 127 134 129 138 132 127 125 74 11 138 119 45 26 11 30 34 17 52 73 94 23 28 23 126 132 130 132 135 132 136 137 136 137 134 139 120 131 133 69 32 63 114 16 72 49 29 52 74 138 136 128 120 119 120 124 130 130 126 125 125 123 121 121 123 120 120 121 121 118 117 115 114 114 113 112 113 110 110 110 109 110 108 112 111 110 110 112 110 111 109 112 110 111 112 111 113 113 111 112 111 113 111 113 114 111 111 110 110 106 105 106 107 104 104 103 104 105 105 104 103 104 101 103 104 103 102 102 104 103 100 103 102 99 100 100 99 96 98 98 95 95 96 94 96 95 93 97 95 96 94 96 93 95 94 91 91 94 93 91 89 94 90 91 88 89 89 92 90 85 88 86 85 83 85 87 85 84 85 85 82 85 87 86 84 83 82 84 80 76 74 77 73 72 77 75 76 75 76 72 77 75 75 74 75 74 74 69 71 69 72 67 70 66 67 64 68
136 134 137 137 135 134 136 134 134 133 132 134 134 130 132 133 135 131 134 131 133 135 133 138 134 135 143 152 148 148 146 136 133 144 170 179 168 156 149 143 141 132 126 132 135 135 146 144 131 141 162 188 195 197 186 183 197 206 205 197 204 209 208 201 199 197 199 194 187 204 205 210 210 203 195 187 192 202 201 194 192 192 184 183 178 172 162 162 166 167 171 168 163 150 153 150 154 156 171 172 175 170 165 165 168 160 166 155 153 146 147 154 153 153 149 163 171 189 195 204 208 199 203 208 218 223 227 223 226 227 224 217 209 205 185 186 176 173 161 164 168 166 173 180 177 186 210 211 207 211 220 231 230 230 232 235 242 242 241 234 217 204 198 191 190 194 197 206 208 220 224 226 226 206 192 192 180 180 184 180 180 178 176 166 158 153 137 140 137 130 131 134 140 148 147 145 142 140 138 138 148 148 140 143 146 145 143 144 149 153 166 175 171 170 160 158 158 169 195 193 178 169 154 151 156 153 148 145 142 141 143 144 147 151 152 161 169 161 159 163 171 166 174 179 177 155 144 140 146 141 140 140 144 143 145 145 139 143 144 148 149 146 147 130 126 124 125 133 132 124 114 16 9 110 115 76 17 17 18 23 19 32 67 31 26 29 33 66 133 135 132 131 132 136 135 136 135 124 44 10 47 136 16 54 107 27 22 61 62 56 32 24 116 77 99 127 126 124 125 129 129 125 124 124 121 122 122 122 122 119 121 120 119 117 114 114 114 113 111 109 111 108 111 109 109 111 110 110 110 110 112 111 109 110 112 112 111 112 112 112 112 113 111 111 114 111 112 112 110 110 107 109 107 107 107 104 102 103 103 101 101 104 106 104 105 105 103 103 103 102 101 102 102 98 102 103 100 100 101 98 100 96 97 97 93 95 97 99 97 95 95 94 96 91 95 92 95 96 93 93 89 90 89 86 92 92 89 86 86 84 89 88 84 87 83 84 84 84 85 83 83 83 84 87 84 78 82 84 82 81 80 82 80 78 78 72 73 75 71 76 74 73 72 75 73 71 74 74 73 72 70 76 75 70 67 74 65 60 65 63
138 136 137 136 134 133 131 133 133 132 135 133 132 133 131 132 133 128 131 131 132 130 132 134 135 134 135 134 131 133 135 131 135 135 133 128 133 130 127 127 123 126 127 129 133 131 138 130 139 155 178 174 164 167 168 174 196 196 193 192 191 198 200 204 203 198 199 202 211 208 208 206 205 199 195 193 189 195 186 181 179 178 169 153 147 147 149 148 152 158 155 150 151 147 152 149 149 155 162 163 160 159 158 163 163 152 158 158 146 143 143 141 148 153 173 179 181 187 193 195 184 181 187 200 216 215 218 218 223 222 218 210 201 192 187 182 185 177 181 191 190 184 187 186 183 198 212 214 212 214 216 219 219 228 231 233 239 241 239 234 216 208 211 203 198 196 201 206 210 223 234 239 233 219 217 203 200 209 207 206 203 197 193 190 186 177 164 151 144 146 144 154 155 157 154 154 143 143 146 148 145 145 142 141 144 145 143 161 174 175 181 176 178 176 181 182 178 191 214 203 187 179 171 159 156 154 149 146 148 141 142 144 148 144 151 148 148 155 160 170 180 176 173 181 182 172 167 156 161 147 147 143 143 148 146 147 141 141 144 147 154 153 145 129 126 125 126 103 74 107 11 27 39 119 107 49 18 16 23 19 39 96 34 25 30 28 39 80 132 134 128 131 134 137 136 139 126 69 14 18 34 104 55 102 42 18 14 42 50 46 82 70 54 47 39 91 130 127 129 126 124 123 120 120 120 121 122 121 122 118 117 117 116 117 114 113 112 112 110 108 109 109 111 109 109 110 110 111 111 108 110 112 111 110 112 111 109 111 113 110 110 111 111 111 113 112 113 114 112 108 110 109 106 107 105 105 105 104 104 103 102 103 104 104 103 106 104 103 103 102 102 102 103 98 99 100 99 98 101 97 96 95 99 95 95 95 96 96 96 94 92 92 94 91 92 93 94 93 96 94 88 92 94 93 90 90 91 90 85 86 84 87 86 85 86 85 83 83 86 83 86 84 87 84 80 79 82 83 81 81 77 82 79 77 78 74 76 74 75 76 70 71 72 73 73 75 78 73 74 72 72 68 74 70 68 74 61 62 66 66
138 137 135 133 132 132 129 133 134 133 137 132 135 129 131 131 133 132 133 132 131 132 133 132 131 130 133 135 130 131 132 132 133 129 129 127 130 130 129 128 126 127 128 131 128 128 140 140 132 159 154 138 127 148 160 162 185 196 194 187 182 186 185 202 204 198 198 201 210 204 210 202 200 199 201 201 199 190 161 143 142 137 140 141 137 140 138 136 143 152 150 164 160 159 157 157 146 151 152 152 146 150 152 152 151 149 156 157 148 145 145 146 150 156 175 179 173 175 176 171 176 177 196 212 216 213 216 219 220 216 211 202 197 188 190 189 187 185 193 193 201 199 198 205 208 212 217 222 220 224 222 219 225 230 229 230 234 236 236 228 220 213 212 204 190 186 194 202 206 222 231 236 237 235 233 227 224 227 228 222 213 211 205 198 190 183 177 170 171 172 173 174 162 161 159 157 154 147 153 150 142 143 139 138 145 155 166 177 190 191 189 191 187 183 195 196 194 196 200 193 185 179 177 170 169 159 154 151 150 144 139 145 147 144 148 152 155 160 162 166 171 178 173 178 176 167 175 164 160 148 150 144 149 150 150 146 146 145 144 143 133 132 126 125 128 121 128 28 40 33 54 15 57 123 51 12 23 16 23 22 56 45 26 28 34 35 45 68 136 128 126 131 130 98 145 122 65 15 34 56 84 82 28 81 17 15 25 24 58 42 100 106 98 73 67 75 111 128 125 124 124 123 121 118 120 121 121 120 119 117 116 116 116 115 113 112 112 112 110 109 108 107 108 109 110 107 109 112 110 110 111 111 111 109 109 108 112 112 111 111 111 112 113 113 113 113 112 112 112 107 110 108 107 107 105 106 105 106 106 107 104 104 104 104 104 104 102 104 105 103 101 101 101 100 99 98 100 100 101 98 97 95 97 98 95 93 96 96 94 89 93 92 93 95 94 93 95 95 94 93 89 91 90 88 89 87 89 87 86 88 83 85 87 82 83 85 84 81 84 81 83 81 85 83 82 82 83 82 78 80 84 78 83 78 77 72 75 75 73 71 74 70 73 75 69 70 72 74 75 69 71 72 67 68 63 60 63 65 69 67
137 137 133 130 130 132 131 133 133 132 133 130 131 129 128 127 132 130 130 131 132 131 129 134 131 133 135 133 135 132 130 132 127 130 129 133 127 126 128 124 127 125 126 132 129 128 131 131 143 154 139 131 129 134 138 153 172 197 190 179 172 172 183 192 200 188 191 198 202 199 203 196 193 190 191 194 185 167 145 136 141 141 141 140 140 141 148 149 152 153 159 171 175 176 165 158 147 145 147 144 143 139 142 142 140 144 149 147 150 159 162 166 165 174 173 175 165 168 166 172 186 200 211 217 218 216 218 217 215 212 215 209 193 195 184 184 189 192 202 212 208 202 206 218 221 219 228 229 230 235 232 225 221 228 225 224 225 217 219 216 211 205 199 194 186 189 193 196 218 227 225 231 232 225 220 224 224 224 225 225 216 209 203 202 203 199 205 202 192 191 182 172 165 164 160 153 154 150 149 149 146 142 153 151 158 168 175 182 188 188 192 196 187 182 193 192 196 187 189 188 180 185 181 180 168 158 159 151 151 145 139 139 146 146 145 148 155 156 170 175 170 180 175 178 179 173 175 166 163 150 150 149 152 157 153 155 146 146 137 133 127 128 128 135 125 84 99 111 54 48 48 74 34 106 16 30 26 17 22 20 26 24 26 29 33 32 41 47 115 129 136 140 80 14 101 78 100 61 52 88 114 17 20 16 24 18 18 13 97 98 106 111 98 100 108 79 88 124 124 123 122 121 125 119 118 118 117 116 115 118 117 117 114 112 112 115 110 110 109 108 109 108 108 112 110 108 110 109 111 107 108 111 109 108 110 110 108 113 109 112 111 111 113 111 110 112 111 112 109 108 109 106 106 103 104 103 103 105 105 104 105 103 103 103 104 105 102 101 103 102 102 102 99 102 101 99 99 101 97 96 96 96 95 97 99 94 96 95 94 92 90 93 95 91 92 93 95 93 96 93 92 92 93 95 92 88 91 90 86 86 84 81 85 86 84 81 83 76 81 82 83 81 81 83 79 80 79 79 76 79 81 80 82 77 77 74 77 78 66 72 73 69 71 70 67 75 71 72 71 72 69 70 58 64 65 66 64 61 65 59
134 133 136 128 129 130 129 127 130 131 134 130 129 133 130 130 128 125 129 130 129 131 130 129 134 134 131 132 132 137 132 138 152 140 134 128 142 126 136 140 146 130 130 130 127 127 130 126 162 140 131 125 125 124 122 138 186 192 195 182 189 187 187 190 193 180 186 190 193 189 193 191 189 182 172 172 162 158 148 143 138 141 143 143 145 145 152 157 158 160 174 170 169 177 170 171 153 149 142 139 139 136 137 136 138 137 141 144 147 156 163 172 177 178 176 170 160 154 175 196 198 205 210 211 212 213 218 213 216 214 212 208 200 197 190 184 188 200 205 212 218 216 216 219 221 228 230 231 235 237 236 234 224 223 222 219 213 208 206 207 209 202 197 193 194 198 193 201 221 217 216 229 225 221 217 213 212 212 206 206 209 214 212 213 218 223 220 214 202 193 186 178 170 169 165 154 158 162 160 161 162 156 172 164 169 173 177 172 187 180 188 184 181 177 175 181 184 185 190 190 182 182 175 179 159 155 154 149 150 141 143 141 145 142 140 148 152 155 162 170 171 179 181 179 175 177 171 164 167 155 153 155 157 151 156 153 152 149 140 137 140 136 144 141 15 17 16 49 20 114 118 100 8 52 60 64 20 19 24 21 26 25 44 70 27 35 46 41 88 103 30 33 46 17 31 69 32 62 65 126 49 14 20 17 22 19 17 14 82 107 106 57 43 70 92 88 54 66 119 122 124 117 86 122 120 116 119 114 115 115 117 115 113 111 113 112 107 109 108 109 108 107 107 109 109 107 109 110 109 109 111 110 110 110 111 111 109 108 110 114 110 112 113 111 111 108 114 112 109 109 108 106 106 103 105 102 106 103 103 102 103 103 103 104 103 104 102 104 103 103 102 100 98 99 102 98 99 97 100 97 98 97 94 96 96 93 96 92 96 92 94 94 92 94 94 92 94 96 94 90 93 92 91 88 90 89 88 87 86 87 86 86 83 84 87 82 82 74 79 78 81 83 80 82 83 81 79 80 76 80 79 81 83 79 77 77 74 76 75 74 70 69 68 73 70 70 73 72 72 71 70 70 70 62 66 63 55 58 63 64
136 136 135 129 133 129 129 132 130 131 131 128 129 131 128 127 127 125 129 129 129 130 130 133 131 133 132 136 146 148 170 175 184 184 184 182 180 163 161 156 138 131 129 128 129 127 127 132 157 141 129 125 122 128 137 172 174 180 164 168 168 172 175 184 182 174 172 170 185 187 184 182 178 162 161 154 161 156 150 152 146 143 144 143 146 149 149 154 154 157 165 170 171 184 182 174 165 155 154 144 137 139 142 139 140 145 145 147 146 154 160 164 164 163 158 160 158 160 170 180 191 205 214 213 211 211 217 216 219 212 209 208 206 204 203 203 204 209 219 221 226 223 220 220 222 227 228 223 221 226 233 233 234 235 233 226 210 204 204 209 227 235 224 214 205 198 203 215 225 224 225 224 216 213 212 208 208 209 208 215 212 219 223 228 221 218 221 223 215 205 196 190 184 182 169 176 172 168 171 168 176 167 182 179 182 186 186 179 187 193 189 191 190 184 180 185 192 192 197 194 183 173 178 176 162 162 159 153 145 141 144 140 145 146 146 160 157 161 161 166 170 170 169 169 169 172 174 170 168 161 156 158 155 153 155 153 164 150 148 147 146 155 137 58 23 19 30 39 36 64 35 35 18 96 87 17 17 18 41 56 38 79 88 38 35 34 44 47 37 97 20 59 30 54 107 109 21 17 97 123 23 21 17 19 29 22 33 17 64 116 93 91 64 39 68 91 60 56 73 128 118 89 65 80 118 118 115 115 115 114 114 115 115 110 110 110 109 109 108 107 107 108 106 109 108 108 110 110 110 108 109 110 109 110 110 107 108 109 110 109 108 108 108 109 110 113 113 109 108 106 106 107 105 104 105 103 104 102 104 104 102 99 101 103 101 101 104 102 102 100 99 101 99 100 99 98 97 98 96 95 97 95 93 94 95 92 95 92 95 94 93 94 93 94 92 90 93 98 97 90 93 92 91 89 90 90 90 86 88 85 83 86 86 83 86 82 79 77 80 83 83 81 80 78 77 75 78 82 76 79 80 78 78 77 76 77 77 76 78 76 70 67 66 69 72 71 67 70 73 71 73 71 65 61 61 61 58 55 60 58
134 136 135 133 132 127 124 128 128 129 128 129 128 130 130 129 127 125 128 127 127 126 127 131 130 130 130 134 144 171 175 172 181 183 187 175 166 162 153 139 125 124 133 132 127 151 166 178 191 189 154 137 126 133 138 150 152 153 155 141 133 141 155 180 175 161 159 166 170 171 178 175 162 155 157 162 159 151 154 160 164 158 156 154 163 160 159 162 166 171 164 167 167 180 177 166 160 159 164 152 148 151 155 150 143 148 147 153 148 150 146 151 153 151 144 147 144 147 156 173 182 194 199 201 205 198 205 216 210 202 192 195 200 204 206 206 212 217 213 213 221 222 222 224 220 223 222 223 217 220 222 222 225 233 233 228 212 207 221 226 234 225 221 212 200 200 205 216 225 225 223 214 205 209 211 208 209 211 210 216 218 218 229 236 238 228 231 221 225 218 218 199 198 215 211 204 198 184 188 181 182 177 184 181 182 187 183 191 191 192 203 201 201 200 202 204 201 199 201 191 178 176 188 175 166 161 165 164 155 148 142 138 142 142 141 155 155 162 160 169 179 175 167 167 166 167 167 166 167 168 168 156 159 150 156 157 161 167 166 162 162 176 89 17 17 66 35 15 59 21 17 16 27 51 16 16 18 16 20 20 82 106 80 20 35 37 46 25 98 123 65 80 86 107 124 39 14 29 55 45 22 14 29 22 53 18 20 19 45 56 78 95 100 55 75 72 37 103 62 98 70 54 46 59 121 116 114 113 114 113 112 113 114 114 112 108 108 108 109 108 106 107 106 109 108 108 108 109 108 106 108 110 108 106 108 108 108 109 110 110 112 110 109 109 110 110 108 108 106 107 106 103 106 105 105 105 104 102 103 103 102 101 103 99 101 101 101 103 100 102 101 100 100 100 99 98 98 99 96 97 96 94 94 94 95 90 94 93 92 93 93 95 95 94 94 93 94 94 94 93 89 90 91 90 92 87 87 87 88 90 82 88 86 82 85 84 81 80 79 78 84 81 82 80 80 77 76 79 79 77 77 78 78 78 77 77 77 78 80 73 67 66 67 68 66 65 67 71 70 71 73 67 71 62 60 69 63 59 62 58
137 135 134 129 134 131 130 130 129 128 125 127 124 126 127 126 124 124 129 128 129 129 127 129 132 128 132 134 130 139 148 144 151 140 136 135 129 128 125 125 121 132 137 132 158 189 196 198 197 185 172 147 145 140 132 137 148 151 142 127 128 135 142 166 173 171 172 169 166 162 167 165 153 159 159 166 160 165 157 164 164 168 169 176 172 177 169 171 169 163 161 157 155 164 162 160 166 160 155 158 153 154 156 150 146 152 149 147 149 147 150 146 147 148 150 160 168 171 174 179 181 181 180 188 193 190 194 202 196 188 185 184 183 185 187 189 188 198 200 199 203 205 205 207 211 216 210 211 204 212 214 222 229 230 227 229 219 220 225 227 228 222 213 209 215 216 218 223 228 224 217 210 219 230 228 224 221 225 221 221 224 221 225 237 236 239 238 236 239 233 238 229 223 234 232 229 231 207 201 188 188 183 178 179 183 185 184 187 194 197 203 210 214 217 218 212 209 204 203 189 176 175 175 162 156 154 149 153 153 157 149 148 150 149 150 160 162 170 179 178 185 174 154 160 165 168 168 177 174 173 169 162 153 158 167 165 165 164 170 167 170 142 29 26 87 48 23 39 40 11 17 10 31 80 44 15 17 21 20 22 55 101 62 30 47 40 55 102 111 98 118 96 62 35 36 17 23 24 26 33 24 70 112 48 45 26 23 24 25 25 76 80 96 100 106 60 32 52 60 63 57 53 48 55 103 110 112 110 114 116 113 113 112 112 110 110 109 108 109 106 106 105 107 109 105 105 107 110 111 111 112 111 108 108 108 106 109 106 107 109 109 108 108 109 110 109 109 107 105 104 104 104 104 102 102 105 103 101 103 103 103 98 102 100 101 102 106 100 100 99 99 100 101 98 100 98 100 98 96 97 95 95 97 94 95 90 95 94 95 94 97 95 93 93 94 95 93 92 92 93 89 88 89 87 86 85 87 88 84 86 85 82 86 85 82 83 81 81 82 79 81 79 78 77 78 77 77 78 75 77 74 75 77 78 78 77 77 76 75 74 69 68 68 63 67 68 66 71 70 70 69 68 63 62 61 61 61 55 56 60
135 135 134 131 130 133 129 128 127 128 127 126 125 124 125 125 126 122 126 124 130 128 128 132 134 131 131 128 128 127 127 126 128 128 127 127 123 122 125 123 125 133 136 149 170 183 193 189 179 172 171 170 160 136 131 130 126 133 143 134 124 127 143 178 177 190 189 184 174 174 174 186 176 171 167 162 161 169 173 181 177 170 170 171 178 179 171 159 159 158 153 155 152 157 154 158 162 162 159 162 158 154 165 156 154 154 151 148 153 147 152 147 154 161 166 177 186 176 173 168 175 176 171 181 193 192 189 189 188 187 186 190 195 194 183 179 185 188 190 192 189 190 197 199 200 201 199 195 197 197 200 206 219 224 229 225 213 222 226 219 216 212 207 205 211 212 218 227 220 209 202 212 218 227 230 233 235 230 231 229 227 225 223 229 227 228 231 235 239 237 237 233 234 237 230 219 214 202 191 186 182 183 183 181 180 178 183 187 187 186 193 191 196 201 207 209 206 213 212 204 194 186 169 160 160 150 147 148 148 152 151 153 152 155 159 157 164 166 168 172 189 186 177 178 172 167 168 182 175 163 170 172 168 172 169 169 166 174 178 175 179 98 30 61 86 11 19 17 11 12 10 15 34 88 35 19 16 18 20 22 78 94 40 32 33 27 38 78 37 68 38 90 62 112 76 11 42 79 42 16 23 57 79 74 58 14 22 27 27 30 79 102 90 68 110 95 58 31 59 54 53 50 50 65 92 101 105 105 108 111 115 111 111 110 108 109 110 107 110 108 108 109 106 105 108 109 107 113 110 112 110 108 108 109 110 108 108 108 109 106 107 109 108 109 109 107 108 108 105 107 105 106 103 106 103 104 102 102 105 102 101 98 105 102 101 102 101 98 99 98 99 99 98 96 98 95 94 97 96 93 94 96 95 98 96 89 90 94 92 93 94 93 94 90 93 91 91 90 92 90 88 90 90 90 90 87 87 89 83 84 85 86 87 85 83 79 81 78 81 79 79 79 77 77 75 77 77 75 78 77 74 76 76 76 76 75 76 74 74 70 69 67 65 67 62 69 67 67 66 68 62 66 65 62 60 59 57 55 59 61
132 132 132 131 129 133 128 128 129 128 126 126 127 124 128 126 127 124 125 125 128 127 129 131 129 129 129 126 129 128 125 124 124 128 129 127 126 122 124 125 123 117 125 129 132 148 161 168 164 149 158 166 141 144 149 141 144 138 136 130 123 134 154 164 163 178 178 181 176 172 173 183 187 191 186 179 170 174 174 175 175 172 180 176 177 173 168 163 157 161 153 150 151 155 153 156 161 156 159 156 160 153 159 162 166 161 154 155 156 155 161 166 163 169 182 188 189 177 181 172 168 171 171 175 188 191 182 184 187 194 201 198 201 195 187 183 186 188 194 192 191 194 196 199 201 200 199 197 197 198 203 202 212 233 246 238 237 231 221 212 203 201 199 196 200 203 207 212 203 197 194 203 207 210 213 219 218 218 226 229 220 212 211 216 223 219 216 213 220 226 231 227 222 225 221 210 193 184 181 178 181 181 181 176 177 186 191 194 189 186 186 188 192 196 204 208 210 214 220 220 220 193 170 162 149 147 141 144 148 150 152 160 159 158 164 162 162 164 166 172 178 180 177 176 170 170 167 172 170 165 175 175 177 180 179 176 176 177 179 183 185 79 49 32 12 15 23 55 13 16 26 16 22 81 39 15 59 19 20 77 49 32 28 45 33 61 61 97 36 99 41 69 41 99 88 48 30 74 18 21 43 54 88 79 77 21 16 30 40 95 103 90 44 65 59 53 42 38 64 59 56 59 90 93 100 91 95 94 105 102 100 112 112 110 110 107 111 108 109 107 105 107 107 107 107 107 112 108 106 111 110 107 107 108 109 107 110 107 107 106 106 107 107 107 107 106 108 108 105 105 106 105 102 103 103 102 103 102 103 101 101 100 101 101 100 100 101 102 98 97 98 97 97 95 98 98 95 95 96 94 91 93 95 94 93 91 90 90 89 90 93 95 94 92 91 90 93 89 91 91 87 87 89 90 89 84 84 85 84 86 85 83 84 83 83 81 78 78 79 75 76 78 79 78 77 78 76 72 78 75 75 74 78 74 75 72 75 74 73 71 69 66 67 65 65 68 66 60 65 63 60 57 59 59 57 59 59 53 59 51
133 137 133 134 128 131 128 128 130 128 124 124 126 123 126 122 125 125 127 124 128 127 128 127 129 126 125 128 128 128 126 126 128 127 125 125 124 124 124 124 122 122 125 125 128 127 124 129 132 137 142 130 133 157 156 141 139 132 130 127 128 134 135 137 149 144 153 160 166 171 167 173 169 172 183 180 176 175 167 165 170 173 169 162 167 163 163 166 163 171 168 160 159 161 157 157 157 165 162 155 158 159 157 160 165 184 178 176 180 183 183 185 177 173 178 176 187 184 188 187 182 174 173 185 197 197 201 201 204 210 214 209 198 192 196 199 188 199 199 191 191 196 198 204 205 208 205 198 191 195 207 213 215 222 227 221 237 236 229 212 200 195 192 189 198 199 198 197 190 193 186 193 201 202 200 199 201 199 204 205 206 202 203 208 209 202 198 193 198 197 197 193 201 217 202 186 174 176 177 174 180 182 183 178 182 188 201 202 198 200 198 198 193 192 203 212 213 216 219 212 194 159 158 150 154 172 173 167 179 181 177 145 157 167 177 178 178 176 175 173 173 178 167 161 170 172 172 168 162 167 176 178 182 178 182 184 179 180 180 182 198 67 30 21 10 25 30 33 29 30 24 14 17 37 54 15 34 17 26 25 23 32 24 31 84 79 88 89 21 35 34 71 50 78 24 89 96 33 17 22 19 76 108 82 25 19 15 26 22 101 71 101 77 77 58 84 86 32 78 61 54 65 98 97 105 104 92 71 68 66 72 108 109 111 109 110 110 109 109 110 105 105 106 104 107 106 107 107 108 107 108 109 107 107 109 106 106 107 110 107 109 105 106 109 106 106 107 105 105 105 106 104 102 103 104 103 103 101 102 104 103 99 104 100 101 100 101 101 98 98 97 95 97 95 97 95 95 92 95 94 94 92 92 93 91 88 90 92 93 93 93 92 91 92 91 91 91 89 89 85 91 89 90 89 90 86 85 85 85 83 82 82 84 83 76 77 81 79 79 80 75 77 76 75 75 75 74 73 74 74 77 76 74 73 75 73 71 72 71 71 70 71 68 69 62 65 65 65 58 59 59 59 60 54 56 50 57 56 56 53
133 135 137 131 128 130 127 128 125 126 125 125 124 125 127 126 127 122 127 127 126 126 129 126 128 127 124 126 129 130 126 127 127 125 125 125 122 123 123 125 122 124 124 123 122 124 123 124 124 123 123 128 133 131 131 129 123 127 131 129 126 127 124 130 130 124 130 130 136 147 148 148 149 153 161 160 164 167 162 169 183 180 171 170 173 176 176 171 170 163 163 158 157 154 154 162 160 159 162 167 166 169 165 178 189 200 199 203 201 188 179 181 170 164 167 166 168 169 181 188 192 193 191 195 181 188 192 217 225 224 219 218 218 202 201 199 185 195 199 187 188 197 206 211 207 204 203 204 205 209 209 206 210 210 211 207 202 216 220 223 217 199 190 189 194 193 189 186 184 186 187 187 190 192 195 195 198 195 200 200 200 202 200 202 200 192 190 188 183 179 180 180 193 201 185 169 170 167 167 178 179 183 185 181 184 196 206 207 202 202 202 199 199 196 203 205 206 210 215 207 195 186 188 198 201 211 217 184 143 32 103 115 90 147 176 187 182 171 174 173 174 169 168 165 163 173 167 171 171 177 174 175 185 187 186 56 195 191 168 191 156 25 21 10 79 83 20 28 22 13 13 25 114 63 68 39 29 24 26 18 39 50 29 81 135 88 99 53 34 18 15 88 77 111 127 51 57 78 66 54 93 111 21 10 21 21 22 37 64 103 113 110 108 111 117 99 39 39 44 90 91 101 107 80 66 59 98 102 82 65 59 75 111 109 109 110 109 108 106 107 106 106 108 106 109 108 110 107 108 108 109 108 106 107 108 106 106 106 109 109 106 105 107 106 106 106 106 103 102 103 102 103 101 103 100 101 103 100 98 101 99 102 103 100 99 101 102 100 97 98 99 97 94 95 97 93 94 89 93 93 89 92 90 91 92 89 90 91 90 93 94 90 89 93 91 92 90 87 88 88 89 88 91 88 86 84 84 82 81 82 81 79 81 78 81 80 79 79 77 75 73 75 76 78 78 74 73 74 75 76 74 74 74 75 73 69 72 73 70 70 71 69 66 63 65 64 62 69 58 60 56 62 58 58 57 51 56 55 31 31
132 135 131 135 132 128 126 127 128 125 124 128 125 125 125 126 126 123 124 126 126 126 130 128 129 129 125 124 126 126 124 131 128 124 126 125 121 123 120 120 121 123 120 124 120 122 126 128 124 125 125 126 127 122 125 124 124 124 125 128 126 127 130 129 126 124 127 124 126 126 127 128 128 131 136 141 143 147 142 149 155 161 155 162 165 174 179 175 177 173 155 137 136 138 147 157 155 158 161 168 165 169 162 177 173 176 177 180 173 167 168 168 163 169 167 173 170 171 171 169 171 180 191 188 176 176 187 222 224 224 216 213 217 218 197 193 191 200 196 184 183 199 201 199 205 196 204 203 203 204 205 198 202 202 206 200 195 197 207 216 213 219 207 201 195 186 185 183 184 187 184 183 187 187 191 192 193 189 191 189 196 201 201 197 194 188 184 178 180 180 172 170 177 176 170 166 167 168 168 175 178 185 188 188 190 197 203 198 195 195 195 198 196 196 197 200 202 205 201 201 201 203 209 214 217 219 218 46 24 101 94 85 97 63 126 76 150 175 179 177 170 161 165 172 179 181 182 184 178 183 180 177 189 213 107 7 168 114 13 187 86 30 27 87 103 82 33 23 26 18 13 38 41 8 24 17 14 21 24 25 35 27 98 142 93 18 76 20 47 23 70 62 50 92 46 94 60 24 72 120 102 121 64 55 84 25 47 32 87 102 89 103 117 114 114 115 71 51 44 73 109 103 70 78 71 72 76 70 63 77 79 75 96 104 109 106 107 107 107 107 106 107 106 102 103 105 108 106 107 107 108 107 104 107 106 106 104 105 106 104 104 104 105 107 104 105 107 107 107 107 106 101 102 99 101 100 101 103 102 99 101 99 101 98 101 100 101 100 99 97 97 97 97 94 95 95 92 93 91 91 90 89 93 90 91 90 93 88 89 92 90 90 91 88 92 90 89 87 86 88 88 84 85 85 84 84 83 82 81 85 81 76 81 79 77 74 75 78 74 74 74 76 72 74 78 76 77 75 72 75 80 75 73 73 68 71 69 68 70 68 68 68 63 66 63 63 61 64 59 58 45 41 42 40 45 41 47 27 25 27
133 133 132 132 130 132 130 126 127 123 126 127 124 123 124 125 126 124 125 125 125 127 128 128 128 127 124 124 127 126 126 127 129 126 127 126 124 125 123 122 122 122 124 125 126 125 126 126 126 125 126 128 128 123 125 126 127 126 127 124 128 126 130 128 130 128 130 129 129 128 124 127 130 130 135 137 138 145 139 137 135 138 136 136 143 162 185 180 177 166 155 137 140 137 144 155 166 157 161 161 168 164 167 167 155 158 164 159 160 167 170 174 169 168 169 175 175 170 172 167 169 173 180 176 177 189 204 222 216 212 205 213 216 228 223 205 204 195 194 189 191 202 204 200 200 196 199 205 204 204 202 198 200 201 201 202 202 204 210 212 218 207 206 205 195 188 187 185 184 182 181 186 183 179 184 184 188 184 185 182 191 193 202 201 193 184 180 177 178 171 166 164 164 163 163 167 165 167 168 172 175 178 185 189 194 195 193 194 194 192 194 194 192 197 200 195 195 198 199 203 202 203 208 215 214 216 183 75 132 106 35 24 34 37 109 88 45 142 181 182 186 180 180 186 182 177 178 178 183 182 181 181 192 188 10 18 54 37 22 123 38 24 50 106 98 79 144 82 23 20 29 18 78 61 17 22 16 10 23 18 34 22 53 49 13 12 32 8 47 108 130 55 62 89 71 107 125 125 131 119 110 87 129 110 101 39 22 40 93 49 55 91 77 86 93 57 73 30 35 31 56 107 102 94 76 93 104 110 62 74 71 74 78 107 108 106 105 105 105 105 103 107 105 105 104 107 109 107 106 102 110 108 110 109 105 105 104 104 105 103 104 104 104 106 103 104 107 108 106 104 102 104 101 102 100 101 102 100 100 101 98 97 100 99 100 100 98 98 96 97 98 96 94 96 93 94 93 88 92 91 90 89 90 87 88 88 90 88 87 90 89 91 90 88 90 90 89 86 89 85 85 84 85 85 84 82 82 79 82 82 79 76 79 76 79 76 76 78 75 75 76 72 77 75 74 76 73 76 75 75 76 71 70 73 70 70 66 67 68 70 70 63 60 63 64 65 60 65 61 50 45 42 39 31 33 37 38 23 24 25
136 134 133 131 131 131 129 128 128 127 123 126 123 123 125 123 122 121 124 124 125 124 126 128 128 126 126 126 124 125 126 125 124 123 123 122 120 120 122 122 123 121 124 124 127 127 128 127 124 124 125 128 127 126 128 126 128 126 129 126 129 124 126 128 124 129 130 128 128 126 125 127 127 126 132 134 138 139 145 144 137 140 139 131 139 140 141 142 141 144 141 140 140 138 145 155 162 159 167 157 157 158 160 167 162 158 160 161 174 162 171 166 177 169 172 172 175 172 168 175 170 174 177 180 191 208 218 206 203 198 198 200 208 218 220 222 214 196 195 197 206 217 220 219 214 195 201 201 201 202 197 196 195 194 199 200 198 200 203 201 202 202 197 194 192 188 183 175 176 178 177 181 181 179 175 180 177 179 184 185 193 195 196 198 196 189 185 180 175 171 170 166 167 170 171 167 166 168 164 171 169 173 181 191 201 204 196 192 191 189 187 188 188 190 190 190 188 191 193 194 198 201 203 210 215 166 124 123 101 97 87 120 72 33 25 39 70 51 192 183 188 181 176 177 177 165 172 167 170 174 179 179 190 86 18 16 13 34 54 113 39 20 22 82 54 87 78 49 29 13 10 16 17 28 20 15 13 10 2 68 19 13 10 12 14 16 18 12 29 105 113 80 21 75 76 92 122 127 129 63 52 69 47 15 15 27 46 51 84 54 88 118 114 73 41 80 107 53 45 39 37 30 43 82 77 58 27 45 58 58 66 69 70 108 105 104 105 105 107 104 105 107 106 106 104 105 106 103 106 107 107 107 109 106 103 106 106 105 105 102 104 103 103 104 107 108 103 106 104 105 103 102 103 102 103 100 101 100 102 99 100 98 97 97 98 99 98 99 94 96 97 95 94 91 93 94 90 86 90 88 89 89 89 90 89 88 88 86 90 87 89 89 89 88 85 85 86 87 84 83 82 85 83 81 85 80 82 82 82 81 80 78 78 80 83 74 76 74 74 72 73 71 77 71 74 78 73 77 73 73 72 70 70 70 69 70 67 68 69 65 62 55 48 60 59 63 59 57 47 38 38 31 27 26 22 57 59 29 23 22
134 134 132 131 130 131 129 127 127 126 126 125 124 123 126 124 122 122 124 123 123 124 128 124 126 125 127 124 122 125 122 122 123 124 122 122 120 120 123 121 122 122 122 123 126 128 129 125 124 126 127 128 129 127 127 127 128 128 127 129 127 129 127 130 128 128 128 129 129 126 130 129 130 131 134 137 135 135 137 144 141 142 141 139 139 140 139 140 140 140 138 141 140 140 145 149 158 166 174 165 157 156 163 161 158 166 161 159 161 163 169 169 168 174 174 179 174 172 172 174 181 174 182 185 189 191 200 191 193 186 188 202 204 201 199 199 197 191 192 202 209 202 212 209 203 189 184 182 183 188 182 181 182 183 183 187 189 190 193 192 186 192 185 191 184 181 180 176 181 180 176 179 176 173 173 174 177 181 185 186 191 193 199 200 196 191 192 195 191 188 185 183 181 177 176 173 172 163 165 171 175 181 187 200 198 200 195 188 184 187 184 190 190 194 185 182 186 187 191 195 202 207 210 230 125 82 95 68 59 106 123 130 126 104 50 100 73 16 172 174 177 168 167 169 167 163 163 164 168 171 178 180 155 11 23 22 16 40 113 120 23 11 37 71 145 111 58 32 36 36 19 11 12 35 91 95 36 33 46 33 12 15 8 23 18 14 16 18 31 51 22 46 77 56 40 121 122 133 106 51 96 100 39 25 22 19 17 24 108 41 63 121 117 105 76 38 47 46 28 30 32 28 34 100 26 36 60 23 46 40 40 67 63 105 107 103 104 105 111 108 103 102 106 104 104 103 105 105 105 108 106 104 105 108 106 103 102 103 105 104 104 103 103 103 105 101 104 104 104 104 105 103 101 104 100 99 99 98 103 101 101 98 97 99 98 96 97 96 94 95 96 94 91 93 92 93 90 91 88 89 88 88 87 89 88 88 87 88 85 85 84 90 85 89 86 86 87 85 85 82 83 81 79 83 84 79 82 78 77 78 79 76 77 80 81 76 76 72 74 70 73 73 70 73 73 73 71 71 73 74 73 71 70 71 69 67 66 68 69 55 56 49 41 41 42 43 42 37 37 33 30 26 27 26 20 40 21 19 16 24
133 134 131 131 130 134 131 127 123 125 125 123 123 124 121 121 123 122 121 121 125 122 124 127 126 123 123 124 124 126 125 124 126 124 124 123 124 122 121 125 124 123 122 124 127 129 130 129 130 125 128 126 129 127 127 128 127 127 129 124 127 131 128 122 126 127 127 130 128 127 128 132 131 129 136 137 140 139 138 140 142 143 147 143 139 143 141 140 146 144 141 142 142 143 151 149 159 170 170 171 166 162 167 160 155 161 160 168 175 173 169 171 182 188 179 175 178 176 171 171 175 180 188 181 186 181 186 185 191 182 196 218 221 197 195 208 199 201 207 202 198 186 184 179 175 174 175 175 175 177 174 181 184 179 177 180 185 178 183 179 179 182 180 177 179 176 168 169 175 174 172 174 172 166 164 172 174 177 179 183 185 188 188 191 192 199 201 209 211 199 192 188 185 182 184 174 173 173 175 182 181 191 196 192 198 193 195 192 189 190 191 193 196 193 195 196 200 207 209 215 219 233 242 190 20 30 90 105 105 91 69 128 136 107 123 69 44 15 68 143 167 167 167 164 163 168 161 160 162 163 169 173 53 15 32 29 17 76 90 49 15 46 104 114 121 25 13 33 13 23 34 22 12 64 103 73 67 29 54 12 11 12 16 14 17 11 12 42 40 34 47 36 23 13 95 126 126 91 8 50 72 63 48 35 35 19 27 58 116 51 46 58 57 78 81 37 31 35 34 33 64 30 26 85 104 116 66 49 53 35 28 62 56 88 97 105 101 102 103 105 104 104 105 100 102 106 104 106 103 103 104 106 105 103 106 102 105 100 102 102 105 104 103 105 104 104 104 102 101 102 103 104 100 100 101 101 98 100 98 96 101 98 98 100 97 95 98 95 95 96 94 92 93 92 91 93 91 89 88 89 87 85 87 85 85 86 89 88 90 87 87 84 86 88 83 87 86 85 79 83 80 81 81 79 81 83 79 80 78 77 80 76 78 76 74 74 70 71 75 69 69 71 74 74 70 71 74 69 71 70 69 69 69 68 67 68 67 67 61 35 46 36 37 37 39 36 34 38 33 35 28 24 21 21 20 22 21 25 21 22
133 133 133 133 132 128 128 129 126 126 123 123 124 123 125 123 124 127 125 121 124 125 126 124 124 124 124 123 123 125 127 125 126 124 124 125 122 124 123 125 122 119 122 121 122 125 127 127 130 125 130 126 126 127 127 126 127 128 129 129 128 129 130 128 129 128 127 127 128 130 133 133 133 135 142 141 140 142 147 145 142 141 140 141 137 140 143 146 144 142 141 141 143 142 143 150 157 170 171 169 165 163 163 160 161 163 167 166 165 174 175 181 189 192 199 182 183 183 172 178 180 188 190 194 196 196 197 189 189 188 205 211 210 218 221 224 221 216 203 200 190 181 178 173 171 173 168 167 166 166 168 171 173 173 173 173 178 174 175 174 176 176 175 174 172 167 165 171 166 164 167 166 169 163 162 162 169 173 177 177 186 189 191 199 205 213 218 234 232 219 209 209 207 204 204 201 201 192 190 193 197 197 199 201 201 200 199 199 201 204 210 211 216 221 226 227 228 234 234 235 240 243 233 35 27 72 72 73 116 88 107 79 53 15 15 30 20 17 32 71 182 173 172 176 179 174 161 162 168 166 180 118 19 18 26 26 35 117 87 30 70 36 105 84 53 41 31 45 14 14 23 12 10 25 104 46 7 91 44 12 15 26 78 46 84 77 64 82 37 43 16 16 12 56 114 122 120 113 83 80 29 65 53 21 29 19 44 22 108 40 56 26 32 31 37 43 44 66 32 34 31 32 25 51 75 83 61 86 87 71 30 38 55 37 33 105 89 104 104 103 102 102 101 105 103 103 102 104 103 103 103 103 106 104 103 103 103 101 103 101 102 103 102 103 104 102 103 103 104 103 102 102 101 101 101 98 97 99 99 95 95 98 97 97 97 92 98 96 97 96 94 93 88 91 91 88 89 88 85 86 88 86 89 89 88 85 86 87 84 86 84 85 84 84 86 84 83 84 84 81 82 79 80 75 76 81 78 79 80 76 76 75 76 75 76 72 74 76 72 71 72 70 71 72 71 70 72 68 71 69 72 67 70 69 67 66 65 68 52 46 45 36 36 34 40 36 32 34 30 35 26 22 20 17 19 20 18 29 15 21
133 131 133 133 133 129 129 129 127 129 125 125 125 125 127 125 123 126 127 123 122 122 124 125 123 122 120 125 124 125 127 125 122 119 119 118 119 123 124 125 123 122 126 125 125 126 127 127 126 126 125 124 126 128 127 124 126 128 127 127 127 129 131 127 130 128 128 127 129 127 128 133 135 138 141 140 142 142 140 144 141 142 139 140 140 145 148 147 143 140 140 139 140 141 145 152 157 162 164 166 161 164 167 165 163 165 163 161 166 173 177 186 187 192 193 197 196 193 189 190 190 186 195 198 197 201 200 203 193 195 202 204 213 221 222 212 216 206 196 190 187 179 176 174 174 172 170 174 174 172 168 162 170 164 165 169 172 178 172 180 176 170 176 174 170 168 166 161 161 161 159 163 163 161 164 165 170 174 180 173 182 184 194 200 207 209 218 227 228 224 227 218 214 210 207 207 211 204 207 204 205 201 199 198 198 198 201 198 201 205 214 220 229 241 246 242 246 248 245 240 243 238 17 48 121 107 28 40 61 109 99 32 14 17 40 34 20 21 43 19 134 88 166 194 197 193 189 188 186 192 115 35 21 20 20 11 79 113 78 18 52 55 129 30 122 158 67 12 15 23 40 14 16 6 7 2 26 21 16 11 16 130 37 101 94 21 106 52 36 91 25 59 66 119 101 85 104 39 17 11 18 18 31 67 24 24 21 16 81 58 27 32 29 32 26 34 98 54 36 40 33 37 26 33 101 89 93 65 103 114 90 111 112 121 88 37 22 47 93 105 102 100 104 102 104 103 103 103 103 103 103 103 104 104 103 104 102 100 104 104 100 102 102 102 103 101 102 101 104 101 100 101 103 98 97 98 99 97 98 98 97 94 96 95 95 98 94 94 94 93 92 91 91 89 90 88 87 87 86 89 83 85 86 83 84 86 86 87 85 88 83 82 81 80 83 80 81 82 83 75 80 78 82 77 79 78 74 77 74 75 75 74 76 74 74 70 77 74 74 71 71 71 73 72 68 68 68 68 67 70 70 70 66 62 67 66 58 48 58 64 45 31 37 36 36 29 29 25 23 26 25 23 22 17 19 15 12 26 15 21
133 129 132 131 132 126 123 126 125 127 123 127 123 125 123 123 124 124 124 123 123 123 125 124 124 125 123 126 126 127 124 123 123 121 122 122 122 125 123 123 122 123 122 122 122 123 125 128 127 126 127 124 126 127 127 126 124 128 127 126 128 126 130 130 128 127 130 129 131 133 133 130 135 138 141 142 145 142 141 140 141 138 137 141 144 144 148 147 146 142 143 141 141 140 147 143 145 153 159 158 158 152 161 159 158 159 159 157 160 163 170 175 179 184 183 191 190 193 195 196 195 198 197 199 199 197 201 200 196 199 202 201 202 212 211 207 215 212 204 201 191 180 175 175 172 170 171 173 172 173 176 179 172 171 177 179 176 176 168 172 168 165 167 172 167 160 161 159 157 161 165 164 159 157 159 167 174 171 177 173 186 194 200 209 198 148 123 202 226 226 233 233 227 220 217 213 216 206 212 206 198 197 194 191 192 196 196 196 202 202 207 218 226 243 247 241 249 248 245 239 239 166 28 46 132 35 20 23 113 74 23 20 48 92 60 21 27 21 32 52 39 15 67 206 189 186 194 193 187 179 36 30 22 14 15 61 139 75 43 21 12 57 42 70 84 101 15 17 17 15 7 12 6 18 17 85 74 111 38 9 31 70 7 11 10 14 12 26 11 52 57 58 125 111 52 21 22 20 15 42 62 50 21 62 98 43 17 35 92 20 32 24 72 75 97 42 56 66 26 36 55 106 101 114 108 53 65 42 76 95 101 100 116 107 97 26 28 26 36 106 100 100 101 103 103 103 102 100 105 103 104 105 105 105 104 102 104 100 102 103 100 103 103 103 101 101 102 100 103 101 101 103 101 98 98 97 96 99 97 97 95 95 94 96 94 94 91 92 92 94 94 92 90 88 90 87 87 87 86 88 84 87 87 87 86 85 83 87 79 84 84 83 85 84 81 82 78 80 81 80 77 78 79 77 76 78 75 77 76 77 75 74 72 72 72 74 73 71 73 73 71 67 69 71 69 68 68 71 65 64 67 66 62 62 67 46 34 47 69 74 39 32 33 34 48 28 32 30 46 32 30 20 20 19 19 15 11 21 19 19
132 130 131 132 130 129 129 127 128 127 127 126 124 127 124 122 124 122 123 123 123 122 125 126 124 124 124 124 123 124 126 122 122 123 121 121 122 123 123 124 120 123 123 124 121 120 126 127 123 126 126 124 125 124 125 126 126 126 126 128 129 128 126 128 129 127 129 130 132 131 133 131 132 136 138 143 143 140 141 139 142 138 138 139 140 147 147 151 151 149 151 146 142 146 145 147 147 154 153 152 155 152 153 147 149 152 155 159 157 160 160 172 176 179 185 196 193 189 191 184 185 188 194 197 193 193 195 198 199 198 203 204 199 204 202 204 208 212 210 203 196 186 179 175 171 170 172 173 173 171 176 181 181 183 181 179 178 174 180 171 172 170 170 172 169 164 165 169 167 127 99 177 167 169 169 167 170 172 177 184 193 201 213 223 54 38 33 40 210 231 236 234 237 233 225 222 220 216 210 203 191 186 192 190 186 186 190 197 206 212 218 221 223 230 236 234 236 237 237 231 243 79 63 131 103 21 22 19 94 70 88 87 93 80 32 19 22 39 29 67 55 21 29 94 149 136 59 72 136 76 29 21 24 29 44 142 106 17 22 28 60 25 62 32 23 54 36 17 12 17 38 54 73 119 128 16 10 17 6 53 106 16 10 8 30 14 15 17 13 31 116 121 123 87 15 19 17 16 23 57 77 55 39 40 64 16 29 57 53 15 21 75 114 57 56 100 98 93 30 40 71 67 117 120 110 78 101 37 96 99 114 115 111 73 36 19 23 24 18 83 106 96 104 105 101 101 101 104 102 104 102 104 105 104 101 102 102 104 104 101 98 103 101 102 103 101 101 101 100 97 99 101 99 97 97 96 98 96 94 97 95 93 94 94 95 93 93 92 92 91 92 92 90 90 88 90 85 83 85 83 82 88 85 86 82 85 83 84 83 81 82 80 81 82 80 79 79 80 80 80 78 74 78 77 76 76 75 76 75 73 75 76 70 72 72 69 71 69 68 67 68 66 71 69 72 68 64 68 67 64 63 63 60 58 56 26 44 55 64 64 33 33 29 31 40 44 36 25 22 32 26 23 18 15 8 16 18 12 16 11
129 132 134 131 127 128 129 128 129 127 127 127 124 123 126 124 124 121 121 122 122 123 125 127 125 125 124 125 125 124 124 121 124 123 121 119 122 120 124 122 122 122 125 125 125 123 126 128 126 121 124 125 124 125 122 124 125 125 126 127 128 127 125 128 130 130 128 131 132 130 141 147 148 141 144 148 153 145 144 140 140 138 137 139 140 143 145 149 155 154 151 158 150 148 145 149 150 151 148 147 148 150 148 153 148 150 158 160 172 164 160 173 180 177 181 187 183 184 182 182 178 181 187 189 185 186 192 190 191 196 204 202 204 201 207 198 200 201 202 197 192 191 186 188 183 181 180 181 176 177 178 178 181 181 179 175 179 174 177 171 175 174 172 172 175 171 178 177 77 11 30 81 178 171 170 174 178 189 183 190 194 207 183 141 67 62 49 32 105 243 237 232 234 230 228 225 223 211 205 195 191 190 194 201 199 199 204 210 212 222 222 227 227 231 232 233 232 234 232 233 217 45 84 130 57 33 20 20 78 113 121 64 21 19 22 27 49 80 25 82 49 23 43 33 43 79 42 57 30 15 16 29 28 19 118 111 17 22 68 86 27 18 17 19 53 20 56 35 66 136 131 117 45 42 18 25 83 26 79 35 10 14 11 6 48 14 15 18 11 44 118 116 120 120 93 49 17 14 21 45 36 37 29 13 12 13 14 101 100 72 80 114 105 44 96 50 87 83 54 99 59 87 111 69 66 79 80 27 77 74 99 113 122 32 23 19 17 20 18 25 81 106 103 99 103 100 103 103 104 103 104 103 105 102 103 103 103 104 103 101 102 101 101 101 100 98 99 98 100 98 99 99 96 99 97 96 99 97 93 92 96 95 94 93 93 92 92 91 93 92 92 89 89 87 88 88 90 83 84 78 84 83 86 83 84 82 81 81 80 81 77 81 79 79 77 78 81 81 78 75 78 73 77 73 73 76 76 75 71 71 74 74 70 70 74 70 67 72 69 66 68 64 71 66 64 64 67 67 66 67 64 62 63 45 23 29 52 63 64 57 28 29 32 41 38 69 53 52 23 29 17 24 21 22 13 13 11 15 22 19
131 134 135 131 130 129 130 128 131 129 129 126 124 124 122 122 124 120 121 122 122 123 124 127 125 124 124 124 126 126 124 124 122 121 120 119 123 120 122 120 122 121 124 125 123 123 125 128 126 122 124 125 125 125 124 125 126 126 125 124 127 130 129 127 128 128 127 130 132 140 144 149 157 158 169 165 167 162 152 149 153 145 136 137 140 141 146 148 151 158 154 153 154 152 147 143 148 149 148 153 146 152 148 152 148 151 157 159 171 176 177 176 176 178 172 172 179 176 174 174 173 174 178 174 170 178 183 185 192 192 193 194 196 196 199 195 191 188 190 188 189 185 185 183 184 186 184 185 182 179 185 181 178 187 184 185 183 178 175 169 171 168 170 175 173 176 149 71 35 23 28 25 89 179 172 172 144 98 174 189 194 221 72 81 117 58 101 35 9 161 220 226 227 225 226 224 224 218 212 210 213 207 200 204 203 207 223 222 221 223 224 223 221 226 230 229 229 234 232 213 93 59 114 128 68 54 31 10 70 112 65 15 22 16 31 31 36 21 28 11 54 99 52 58 108 41 30 8 14 13 13 59 62 113 145 42 32 43 97 41 24 25 16 14 23 58 135 139 146 122 108 122 119 111 40 69 79 12 31 7 10 12 7 7 62 12 17 16 55 88 120 117 119 121 112 38 38 15 20 18 37 44 22 64 37 70 59 114 117 112 100 104 116 109 112 115 117 95 52 63 121 79 69 63 78 39 23 36 75 111 62 80 35 22 18 29 21 27 15 15 10 106 106 103 104 100 103 102 102 102 103 103 105 101 103 104 102 103 103 103 103 99 100 99 100 99 99 99 97 98 99 98 96 99 97 97 95 95 95 94 93 93 95 93 91 91 92 90 91 90 90 88 91 88 88 86 85 86 85 81 82 83 83 82 83 80 81 79 80 77 79 79 76 77 78 80 77 78 79 77 74 76 77 78 73 75 73 72 73 72 73 72 72 68 70 67 70 65 69 67 68 66 68 61 59 68 63 67 64 62 65 58 44 36 28 23 40 46 60 46 23 25 57 57 50 72 63 32 19 27 19 16 12 16 12 12 11 15 18 14
131 131 133 132 130 127 128 128 126 128 129 126 124 124 128 123 123 121 122 122 123 124 123 126 127 125 125 125 122 126 125 125 124 121 122 121 121 122 122 123 124 123 122 126 125 124 124 126 124 127 127 125 128 125 129 127 123 125 126 125 127 129 127 126 127 125 129 130 133 139 141 139 142 151 149 149 156 154 158 152 143 143 137 137 138 139 146 145 146 152 154 151 154 155 153 147 159 157 158 146 148 145 146 150 148 158 161 169 170 175 180 178 177 173 173 175 174 177 177 186 183 175 179 179 174 175 181 183 191 192 187 192 191 192 190 192 187 181 185 187 188 188 187 188 189 187 183 189 181 188 188 186 188 191 191 186 180 179 174 168 171 169 168 170 174 187 88 35 29 31 33 71 30 165 187 157 134 136 124 153 209 150 23 51 28 24 74 81 47 63 211 211 216 217 216 216 217 212 208 200 200 194 196 198 209 213 222 227 228 227 230 230 230 228 233 230 229 233 188 62 98 68 77 57 55 24 67 109 110 107 43 28 8 39 56 77 72 69 47 12 50 27 39 53 98 98 96 47 21 30 12 24 67 20 24 87 26 27 35 23 24 20 7 6 55 122 92 122 74 81 92 126 108 130 123 46 9 11 5 10 14 12 14 26 76 17 14 9 12 87 114 118 121 122 118 122 94 58 31 103 68 59 42 35 26 25 69 102 62 54 74 25 49 117 114 120 95 33 21 39 32 39 26 73 25 68 20 16 81 82 75 87 17 15 22 28 49 39 53 74 28 62 94 103 103 102 102 104 100 103 103 107 104 102 101 106 104 103 102 101 103 102 101 101 100 98 99 98 98 96 96 95 96 95 95 94 94 93 95 95 93 91 95 90 91 92 93 91 90 89 91 91 88 88 85 87 87 78 85 79 79 80 83 83 81 79 84 80 80 78 80 77 78 80 80 80 78 78 79 79 77 74 80 75 72 71 71 77 73 71 72 73 73 70 68 68 73 67 68 70 69 65 66 36 28 43 61 64 64 61 64 32 30 50 26 21 38 32 42 27 24 29 31 47 33 52 34 37 22 20 24 19 21 17 12 14 9 14 17 20
133 132 129 132 126 128 128 128 128 128 128 129 125 124 125 124 123 122 123 123 122 124 128 126 124 124 125 124 126 126 125 125 121 122 124 123 122 122 122 123 122 123 124 125 126 126 125 124 126 127 126 127 130 127 128 125 125 125 126 126 128 124 126 126 126 128 129 129 129 132 134 133 133 136 137 140 141 140 137 138 136 139 136 139 139 140 141 142 145 148 149 147 149 153 155 152 153 155 159 150 150 145 148 154 154 160 168 176 178 178 178 181 181 181 188 186 185 182 187 190 190 186 184 184 181 177 179 188 189 187 186 186 189 191 190 186 182 182 188 191 192 189 187 190 191 186 186 184 187 186 184 184 190 188 189 187 183 185 180 175 178 177 177 182 182 196 58 25 26 18 18 39 15 20 109 74 99 99 54 41 74 115 91 94 74 34 16 52 121 114 129 193 194 201 214 192 195 195 194 191 184 186 191 198 209 214 213 213 220 221 225 228 229 230 226 230 230 214 58 92 71 143 127 28 16 23 15 78 119 121 81 74 114 130 130 64 23 97 69 31 20 32 40 31 14 13 20 47 37 28 9 26 69 87 9 23 30 23 25 22 13 65 84 112 133 85 89 38 51 104 122 126 128 126 61 6 10 8 5 9 16 4 8 28 89 13 10 53 95 118 120 122 123 124 104 14 32 24 85 33 50 33 18 16 48 99 100 37 13 22 25 29 103 118 117 74 29 42 19 89 94 55 41 62 62 34 37 35 53 46 94 47 71 79 103 43 101 95 57 90 55 20 19 100 102 101 102 102 102 104 104 103 105 104 103 102 103 102 103 102 102 101 99 101 101 99 98 97 96 96 97 96 95 93 93 94 95 92 94 96 91 91 90 90 91 92 90 92 87 89 89 91 86 87 85 84 86 84 87 82 83 77 82 80 80 82 75 74 74 76 78 77 76 77 80 80 80 77 75 76 73 72 77 74 70 71 71 68 73 71 72 68 69 69 67 67 69 70 68 66 67 66 45 25 29 22 34 63 63 63 56 24 25 32 23 20 23 16 21 21 23 23 24 40 20 28 42 27 23 19 25 17 17 13 15 11 11 14 17 17
135 133 129 129 129 128 126 124 126 127 127 125 126 125 125 124 123 120 125 123 123 124 123 124 124 124 124 123 126 122 126 127 124 122 123 123 124 123 123 124 121 125 126 123 124 124 124 123 126 127 126 127 125 127 130 127 126 126 126 128 124 125 127 130 126 127 130 132 128 131 133 134 129 134 131 135 133 134 134 138 136 135 140 137 136 141 141 141 140 145 146 148 147 147 150 151 148 153 158 154 148 147 151 155 154 163 160 167 172 178 179 177 180 181 180 182 187 186 185 187 188 180 190 180 184 186 183 189 183 185 191 185 186 187 187 180 173 179 183 193 195 192 189 184 189 191 187 180 182 187 188 182 185 186 189 183 181 184 183 183 183 190 187 195 203 139 25 20 28 33 41 48 17 22 10 35 10 12 15 16 15 63 130 115 123 124 106 90 83 129 48 85 148 127 125 178 187 187 186 186 183 183 195 195 198 206 206 214 210 213 220 218 221 220 224 223 213 118 56 52 138 137 124 19 19 21 20 44 23 44 112 146 145 145 155 109 26 82 28 9 18 19 79 34 19 16 17 27 73 99 53 25 114 79 10 21 31 21 30 36 113 131 129 141 75 12 100 104 75 95 124 121 74 64 7 11 11 21 11 9 9 27 60 99 74 33 89 123 121 117 118 125 124 125 123 127 113 42 35 34 23 24 14 15 38 84 103 14 19 56 24 81 117 112 114 103 20 22 17 69 104 40 16 20 17 25 31 31 11 81 26 78 112 38 22 54 47 19 14 96 75 95 27 58 103 103 104 102 103 104 105 106 105 103 105 103 105 103 104 103 103 101 101 102 101 98 101 99 97 96 96 95 93 91 92 96 93 90 90 91 91 89 91 89 91 88 90 89 90 90 88 89 87 88 84 86 84 87 86 81 82 80 78 83 79 78 76 75 77 78 76 77 76 77 78 77 79 76 78 74 76 72 70 71 70 71 75 69 69 70 72 67 70 68 72 70 69 64 66 65 66 66 26 31 29 22 21 47 58 62 34 19 20 30 23 24 25 28 19 18 22 19 18 29 30 49 26 18 23 19 21 21 20 16 18 11 12 13 15 16
132 131 132 131 129 127 129 129 126 127 128 127 125 124 126 126 123 123 123 125 121 125 124 121 125 125 125 124 124 126 125 125 123 123 124 121 123 123 123 124 124 124 124 125 126 124 126 126 125 126 126 127 127 126 127 128 126 127 125 125 127 127 126 126 125 130 132 130 128 131 132 129 133 132 135 135 135 136 137 141 141 137 141 138 145 138 143 145 146 141 142 144 143 145 148 146 143 148 152 149 151 151 154 155 157 158 157 156 156 168 174 175 175 176 176 181 178 177 179 184 182 177 182 179 177 177 173 178 180 181 184 178 179 177 176 174 173 179 180 187 191 190 194 188 190 184 190 187 187 188 190 185 188 184 180 178 175 182 181 182 185 190 193 196 135 17 26 34 27 21 45 42 41 28 18 22 20 16 18 19 34 53 43 37 86 126 139 141 64 87 31 17 71 142 115 137 156 189 194 193 188 189 195 199 198 196 200 206 203 205 203 200 200 208 205 224 126 85 120 143 156 153 85 24 30 19 74 33 120 118 119 155 135 144 129 64 52 17 27 16 15 20 84 50 16 16 27 19 21 90 16 10 85 107 21 19 23 18 33 36 122 127 120 59 19 27 74 91 59 132 129 87 109 34 9 12 13 13 25 19 53 24 99 100 39 57 119 52 24 87 125 128 130 94 136 126 13 14 18 21 17 24 34 21 70 116 101 56 40 116 103 112 109 110 119 54 42 19 26 40 5 45 26 26 39 26 19 12 17 15 33 102 16 44 16 23 10 22 83 106 70 46 49 23 58 109 105 105 104 106 106 103 106 103 105 102 104 104 103 99 103 107 103 104 102 101 98 98 97 96 95 93 94 95 95 93 95 92 93 92 90 89 91 90 90 92 91 94 91 90 88 88 88 89 86 88 84 87 84 80 82 82 82 79 81 79 79 78 77 75 81 79 76 76 78 78 75 76 74 73 70 71 71 72 68 70 70 71 70 70 70 65 69 65 69 66 66 61 64 66 65 37 29 23 23 23 26 30 53 52 24 18 15 20 20 26 27 53 23 20 16 22 20 25 28 14 19 20 23 19 21 18 19 17 18 9 12 13 11 17
134 132 132 128 130 126 128 127 128 127 126 126 124 124 127 127 125 122 125 124 122 122 125 123 127 125 125 127 124 122 126 126 122 121 122 121 124 123 124 125 125 124 124 125 127 122 126 129 126 124 128 126 126 128 127 126 126 128 128 125 125 125 130 129 130 133 134 132 132 131 131 132 131 131 131 132 134 133 132 133 137 137 133 139 136 136 141 145 142 144 137 141 141 144 146 144 144 146 154 150 149 150 154 156 154 151 148 147 148 153 157 161 161 159 166 166 167 168 172 169 172 170 171 165 169 172 173 172 171 176 178 173 172 174 170 170 172 175 181 181 188 184 192 188 187 188 193 190 188 187 186 179 176 180 175 180 180 181 178 183 186 191 192 168 14 23 21 30 40 25 40 39 12 24 29 103 14 20 15 22 29 13 14 25 26 28 48 111 145 134 79 25 55 85 164 150 135 146 181 196 192 194 198 197 202 203 200 199 197 195 198 198 198 195 212 62 35 102 144 150 159 138 47 22 20 16 51 122 138 118 158 149 155 132 61 61 7 10 24 36 10 13 74 68 10 12 35 47 24 18 12 32 120 91 17 20 17 37 22 80 128 111 28 45 40 84 111 129 130 130 130 126 135 17 14 9 11 10 48 69 90 132 84 6 35 43 98 111 94 57 82 135 43 13 71 31 20 12 22 20 18 13 27 21 97 67 15 116 87 114 114 112 110 113 90 17 19 39 90 93 80 90 38 44 16 16 59 47 39 12 66 67 10 51 114 47 80 65 81 117 110 74 45 12 52 102 112 108 107 108 108 108 104 105 104 105 106 103 103 104 107 101 104 103 101 98 99 98 97 95 95 94 94 94 93 93 93 92 92 91 89 90 90 90 90 91 91 88 90 90 88 89 88 85 87 87 82 83 85 83 83 84 81 78 78 77 75 76 78 77 78 75 77 74 75 77 75 73 75 73 73 71 71 70 67 69 73 69 70 69 70 67 68 66 68 66 64 64 64 66 67 28 26 25 25 23 26 23 24 19 22 17 20 21 22 20 19 22 23 21 21 19 21 51 24 18 17 21 21 16 13 17 18 20 17 11 14 23 12 16
132 130 132 129 128 124 127 126 128 129 127 125 125 126 125 127 125 124 126 125 123 123 123 126 127 125 125 126 128 124 126 124 124 124 124 123 126 124 124 122 124 123 124 126 123 126 128 127 125 123 128 128 124 128 128 126 126 129 128 128 126 129 127 126 129 129 130 130 132 132 132 132 132 131 132 129 133 134 132 132 135 134 134 134 134 139 139 139 139 138 140 139 139 145 144 142 147 147 151 145 148 150 153 152 147 147 144 145 147 149 149 153 149 151 152 158 158 158 159 160 155 159 158 160 161 163 164 163 166 165 167 165 165 166 169 164 172 170 177 181 180 180 183 195 194 196 191 189 188 184 181 176 176 177 179 178 176 180 182 184 188 192 208 73 32 35 24 24 49 31 20 15 42 54 30 48 26 49 15 30 28 16 18 21 57 17 116 120 94 99 61 31 100 70 145 157 158 151 154 146 175 193 199 199 200 199 202 210 200 204 200 197 204 210 130 40 69 121 149 154 163 52 18 14 55 41 58 130 153 153 151 157 134 63 22 14 12 15 12 18 10 12 42 112 85 41 17 12 18 16 17 95 118 42 14 52 63 15 108 123 140 48 14 88 109 111 108 135 127 130 125 129 122 15 21 14 10 12 9 15 28 106 98 111 133 70 56 113 95 116 131 129 126 68 16 17 15 11 19 13 18 12 67 77 14 3 67 116 108 111 112 112 110 122 24 36 47 58 17 37 75 120 87 35 23 26 95 64 47 40 60 14 22 40 23 63 64 48 111 113 108 91 46 21 24 55 54 99 111 109 106 109 108 106 106 107 105 102 102 105 103 101 102 102 102 99 97 97 98 100 97 100 91 94 95 94 93 93 95 93 90 91 92 90 93 90 91 90 89 88 89 86 87 88 88 87 85 85 83 84 80 79 81 77 76 80 78 75 76 78 77 80 74 75 81 76 77 74 72 71 72 68 72 70 67 70 70 70 72 67 67 64 66 65 64 72 65 62 65 33 42 27 29 25 25 21 24 21 21 19 15 20 19 12 32 21 23 24 50 46 24 17 47 42 14 14 15 15 20 22 17 16 20 16 18 16 15 14 9 9
134 130 131 130 128 127 128 126 125 125 126 127 127 129 127 126 125 123 124 124 122 124 124 124 125 124 124 126 127 126 128 125 123 125 122 124 123 121 124 127 124 124 126 124 125 127 127 127 127 127 127 128 126 128 127 128 126 130 127 125 126 127 129 128 129 128 129 130 132 133 134 132 132 131 132 130 128 130 134 131 131 132 134 134 131 133 134 136 138 137 139 139 136 141 142 142 143 150 147 147 151 144 150 152 151 148 146 147 150 149 150 148 149 149 152 152 152 153 156 156 154 150 154 149 151 154 154 152 156 154 160 158 164 166 167 165 168 163 167 166 175 177 182 191 191 190 194 189 184 182 182 176 176 176 177 176 178 183 183 187 186 188 163 11 52 53 34 33 48 24 16 10 57 37 25 27 11 103 48 29 22 26 29 12 85 113 70 61 106 112 122 98 46 95 122 138 157 161 167 168 161 174 153 163 115 186 191 203 209 204 208 203 211 183 34 98 107 82 86 93 48 13 13 15 95 138 164 154 153 148 158 104 5 13 13 11 13 22 13 11 10 17 7 75 81 11 16 16 16 16 36 106 90 15 14 52 138 118 125 130 92 41 135 122 113 127 136 136 73 108 125 128 122 129 20 19 14 23 88 98 143 134 98 82 134 132 81 29 95 120 127 122 120 84 33 53 78 104 111 79 47 62 78 74 24 23 112 112 109 104 118 103 91 30 16 14 32 42 78 65 33 33 77 95 75 15 90 12 23 48 17 12 77 10 19 37 20 93 64 115 110 101 71 31 10 20 99 58 49 94 112 111 109 111 108 105 104 104 103 100 99 99 101 100 99 99 97 94 95 98 99 95 96 94 93 93 95 95 92 92 88 88 90 91 92 90 90 89 88 89 89 84 90 88 86 86 84 83 82 82 80 82 80 79 79 80 75 78 77 77 76 78 77 76 80 74 75 76 73 74 70 70 70 71 69 72 71 69 68 68 65 68 66 67 67 62 65 64 56 20 29 30 28 21 22 20 23 22 20 37 26 18 16 19 14 27 27 54 59 59 28 25 40 20 15 16 17 13 12 16 14 14 16 13 13 11 10 16 10 14
133 131 130 130 128 129 129 129 129 128 129 124 126 128 130 128 125 125 125 126 125 122 123 125 125 124 125 128 126 125 129 123 125 126 123 126 123 123 126 125 122 123 127 124 127 127 127 127 129 126 128 125 126 128 127 128 125 128 128 130 129 128 129 128 130 128 128 128 132 130 130 133 133 131 131 127 131 131 135 129 129 130 133 134 132 132 132 134 136 137 139 143 140 139 141 142 144 145 145 144 146 147 148 151 149 146 147 149 149 147 149 150 149 149 151 149 147 148 153 152 154 158 157 159 158 154 161 155 154 153 151 152 159 162 158 157 162 164 160 164 164 163 175 174 175 180 180 178 176 179 184 176 179 176 177 180 177 179 179 188 188 189 59 43 142 130 24 55 38 29 16 10 19 17 28 18 19 47 40 18 23 22 23 27 77 90 129 140 103 93 79 53 34 69 131 119 111 125 135 163 162 153 122 82 47 104 156 169 114 177 204 212 155 40 50 148 62 66 51 34 21 27 86 149 165 149 153 147 135 140 30 10 19 22 18 13 13 13 12 12 16 18 14 83 88 13 16 16 15 46 90 82 80 95 114 88 112 133 126 120 131 131 135 134 130 134 135 136 104 57 125 130 106 119 20 15 18 131 63 105 108 84 57 115 79 35 73 125 114 127 126 123 121 65 14 19 105 106 123 124 90 76 65 49 2 69 113 114 114 108 123 24 25 40 20 17 66 24 44 24 29 30 49 113 108 72 66 4 84 24 7 62 11 23 66 83 104 84 105 120 115 98 121 95 39 11 47 106 98 55 95 113 110 109 108 107 109 105 105 103 102 102 102 99 99 98 97 98 97 96 98 96 97 95 94 95 94 91 96 91 91 89 90 91 91 90 90 89 88 87 85 84 85 84 85 85 85 83 82 81 78 77 79 77 79 80 76 75 73 76 78 74 78 76 80 76 77 73 75 70 71 71 69 68 70 70 69 71 67 62 66 65 66 66 68 62 60 64 41 19 26 21 26 26 23 26 25 20 17 18 21 21 17 18 19 28 13 36 65 58 48 20 27 17 19 17 19 20 16 15 14 15 17 15 14 13 14 12 21 20
133 133 131 130 132 130 128 130 127 126 130 128 128 127 129 128 121 125 125 125 126 125 126 125 125 125 127 129 127 129 126 125 126 123 124 125 123 122 125 126 127 125 128 124 128 124 129 127 128 127 124 125 125 128 127 125 123 129 131 131 126 127 127 130 126 128 130 128 132 131 132 134 133 132 134 131 130 130 133 132 130 127 130 134 132 132 130 128 131 133 134 140 138 134 137 138 141 141 141 144 143 143 150 151 145 146 143 145 144 149 151 151 146 148 143 139 144 142 149 149 152 155 158 159 158 154 160 158 155 153 155 157 154 159 155 158 156 158 156 158 167 168 170 167 169 170 171 174 173 170 176 173 177 177 180 181 182 184 185 188 190 99 63 83 163 97 40 73 20 27 73 33 14 11 14 17 25 20 30 18 40 23 22 52 102 29 90 53 28 54 70 78 17 33 64 108 121 153 132 142 141 143 142 81 43 87 47 130 86 57 167 71 48 36 18 102 75 30 34 76 138 169 156 154 58 86 122 143 114 41 24 14 24 18 14 15 13 19 14 12 11 11 8 74 82 14 17 14 19 34 36 63 131 110 23 93 126 124 128 114 98 91 75 120 129 132 134 120 124 90 78 126 109 126 111 23 85 119 38 124 71 114 114 133 132 104 111 111 129 126 126 127 125 81 82 75 109 92 105 121 116 9 43 50 32 99 110 116 117 114 107 11 16 16 16 8 37 18 88 74 51 106 92 122 59 91 9 41 16 13 40 32 57 40 81 98 104 121 122 119 118 121 123 127 135 31 35 34 92 104 102 70 80 109 107 109 106 104 106 103 102 102 103 100 98 100 99 97 97 97 96 95 96 94 93 92 91 93 96 91 89 89 91 92 88 88 88 86 87 90 87 86 84 85 86 85 84 81 81 79 78 80 78 80 75 74 78 77 74 77 79 76 77 75 78 74 77 76 75 71 70 70 70 68 67 71 70 68 69 62 65 63 65 66 66 60 67 61 19 25 26 20 21 21 25 26 25 21 20 21 16 20 21 19 23 26 14 25 57 57 40 15 29 20 19 20 21 19 17 19 18 15 14 13 12 12 14 11 13 15
137 133 134 134 133 131 130 132 131 127 132 131 127 124 127 127 125 122 125 125 126 125 128 129 124 126 128 130 128 127 128 127 125 123 125 123 125 123 126 124 125 124 126 128 128 126 126 128 129 130 129 128 127 126 128 130 127 130 128 129 129 129 127 123 127 130 130 130 129 130 133 133 132 131 135 135 131 131 130 131 130 128 126 129 129 130 126 123 131 130 130 133 130 133 134 133 137 137 140 140 142 140 145 146 147 150 143 139 143 142 140 140 140 140 138 137 137 140 143 147 148 152 160 154 153 153 147 152 150 146 146 144 152 152 152 152 150 155 152 157 157 164 164 168 162 170 173 173 175 169 175 184 183 182 188 186 189 186 185 198 172 58 51 30 71 38 52 15 21 59 70 44 10 19 55 7 46 16 38 28 23 32 27 65 110 46 36 17 31 18 17 31 14 23 25 70 108 120 125 93 90 86 52 71 44 34 62 102 145 164 57 36 106 33 57 22 40 54 104 137 150 108 128 36 124 159 163 130 50 36 18 15 22 16 17 23 16 15 16 12 8 14 10 69 96 19 20 12 9 15 39 122 33 40 130 130 127 128 96 121 108 104 87 32 101 113 108 139 134 94 60 118 118 127 132 94 79 73 139 86 62 126 130 126 61 33 22 12 32 109 127 127 85 66 110 82 85 29 69 96 76 75 37 8 57 110 113 119 113 106 78 13 12 11 12 27 80 24 90 121 106 112 122 87 102 7 61 45 20 82 38 30 51 69 65 58 107 124 123 127 122 117 84 63 29 19 33 36 18 76 97 101 72 85 84 102 108 104 106 104 101 105 103 101 102 101 100 98 97 94 98 96 98 96 95 93 93 92 94 92 90 87 90 89 87 91 86 87 87 85 90 88 84 81 85 82 83 81 85 81 77 78 80 79 76 74 78 77 76 75 79 75 80 76 75 75 76 77 73 73 73 71 72 67 72 67 67 66 63 67 67 67 62 63 65 60 62 24 27 24 25 21 28 21 16 40 25 19 18 19 24 27 25 20 29 22 16 21 31 55 18 24 22 15 18 21 20 17 14 15 14 13 14 14 11 11 13 13 12 16
140 138 138 136 134 134 134 132 128 129 135 129 128 125 127 127 127 126 126 128 129 128 127 127 128 127 132 132 128 127 127 126 123 124 124 123 122 124 125 126 126 127 127 127 126 128 129 129 128 130 131 129 125 128 127 129 128 128 130 131 131 128 135 150 130 129 131 132 133 130 132 134 132 130 133 133 132 131 130 131 131 128 128 125 126 128 125 123 128 128 129 128 128 128 129 132 134 134 133 134 139 138 139 143 144 144 146 140 141 139 138 138 139 135 136 136 137 138 141 143 142 149 152 150 148 145 145 141 143 141 142 141 146 148 144 147 150 149 148 155 160 161 163 165 169 174 177 179 173 176 190 194 192 182 189 186 187 190 192 199 11 18 23 22 127 42 65 67 76 10 16 15 13 19 56 12 50 11 23 99 67 21 33 31 33 13 21 45 15 25 32 17 11 19 30 122 109 50 70 128 138 82 56 71 66 49 105 88 111 44 75 69 121 91 100 128 160 171 152 75 148 50 95 4 134 152 108 64 13 24 25 15 14 16 18 24 15 18 16 15 11 12 15 41 122 67 25 98 49 39 51 53 101 139 133 128 132 131 82 129 133 138 123 67 6 86 24 81 67 80 106 105 123 130 136 75 38 148 124 106 115 126 128 111 121 97 116 108 118 142 138 67 20 65 62 66 35 20 105 79 47 18 28 64 92 114 124 96 28 46 53 14 16 11 15 29 75 42 110 102 110 112 116 87 34 39 26 23 59 29 30 21 75 51 26 93 63 75 56 53 52 48 8 17 18 29 43 42 68 72 71 93 98 87 83 59 90 115 101 103 99 100 103 104 101 101 100 96 99 95 99 95 94 93 94 92 92 92 95 92 91 92 92 90 90 91 87 87 88 86 85 83 86 82 85 83 82 81 80 82 77 79 76 77 76 78 77 75 79 75 77 76 79 77 77 74 74 75 76 73 75 71 71 73 67 66 65 65 61 65 62 63 62 61 61 63 45 17 24 17 19 26 35 25 18 34 26 23 30 32 18 32 27 20 22 21 20 18 17 22 10 44 20 12 21 21 34 19 16 14 17 16 14 16 13 13 14 12 11 9
141 140 139 136 135 132 133 130 128 130 136 129 126 126 127 129 126 126 126 128 130 133 126 129 128 127 130 129 128 126 126 124 126 125 122 126 125 126 127 128 126 124 131 129 128 130 130 128 128 128 129 126 124 129 129 130 125 128 130 129 122 149 171 175 154 107 128 131 134 133 133 132 133 131 130 131 133 132 130 131 129 128 129 126 128 128 126 126 126 127 126 124 126 128 129 129 130 131 130 131 133 132 133 135 135 135 140 137 139 137 139 138 137 141 139 132 137 135 137 137 138 141 147 142 143 139 143 145 145 147 149 144 148 152 149 152 152 149 148 154 158 162 160 168 166 173 186 183 183 187 194 193 191 191 187 196 198 154 168 161 41 25 14 63 125 16 73 60 50 25 11 12 17 16 11 10 86 31 16 27 45 12 29 46 25 20 23 41 82 119 39 24 19 30 95 118 97 61 37 60 114 142 157 119 22 73 120 127 85 113 58 94 39 97 111 110 124 73 69 51 74 65 68 14 54 127 155 135 21 10 15 15 13 20 17 18 19 20 17 15 12 14 12 18 71 3 33 45 44 24 97 128 132 135 120 105 89 86 102 109 109 112 99 61 47 80 99 90 72 83 127 121 136 137 131 131 141 126 91 91 130 132 134 132 68 119 124 130 135 96 90 68 25 9 22 45 101 42 112 48 52 32 13 76 101 77 41 25 14 43 16 16 19 17 16 22 24 91 68 49 101 119 91 34 33 33 12 16 8 16 20 53 37 9 20 29 45 30 9 10 24 11 10 16 29 14 40 34 17 61 72 86 107 61 57 81 38 47 105 107 103 102 102 100 101 98 99 100 94 97 94 97 92 92 93 90 93 93 94 90 93 95 93 90 89 84 88 84 85 85 85 84 84 82 85 86 81 77 79 80 76 77 79 73 73 78 78 79 72 75 78 77 75 74 76 76 75 73 77 75 76 72 71 68 67 65 67 61 61 58 62 61 62 61 62 35 22 23 37 26 25 28 25 23 20 23 28 43 37 52 22 21 58 19 25 14 23 12 18 21 21 21 20 17 18 23 32 15 17 15 16 14 14 15 12 14 14 13 11 18
136 135 138 137 134 134 135 128 133 130 133 128 128 127 126 128 127 125 128 128 129 129 128 127 130 130 129 129 128 126 125 123 121 127 124 126 127 124 127 130 125 126 126 129 129 130 131 130 129 126 129 129 125 126 130 129 127 129 128 131 155 174 156 159 122 86 107 113 134 130 131 133 135 132 130 132 133 133 130 131 129 129 127 127 128 125 123 125 123 125 126 127 126 127 127 126 128 128 131 131 134 133 135 133 130 135 134 137 135 133 138 138 138 112 135 136 137 134 135 133 134 138 138 137 142 140 140 145 148 145 146 143 146 149 147 144 148 149 144 150 152 160 166 174 175 183 190 193 190 192 193 196 194 198 209 189 85 78 62 42 33 21 20 57 41 23 26 33 16 18 14 11 14 15 48 23 65 102 24 14 54 12 67 136 84 27 30 117 124 127 115 47 46 44 132 100 18 17 28 115 62 102 83 35 58 53 137 47 23 14 10 9 33 66 34 20 121 111 39 14 34 102 34 24 19 6 64 121 28 95 62 32 22 23 14 21 14 15 17 15 14 10 16 31 27 17 10 11 43 121 139 135 132 130 120 104 62 19 52 91 107 133 124 135 145 105 104 130 143 138 110 139 139 140 145 132 93 91 118 123 133 123 127 114 88 28 92 87 114 60 29 15 12 16 12 33 51 25 77 92 32 29 23 104 107 108 60 12 86 98 64 21 12 26 18 28 59 122 65 46 79 101 56 64 15 10 19 12 10 29 22 56 19 31 15 11 11 9 9 9 11 9 12 9 19 16 32 40 15 14 18 14 10 21 29 14 20 12 8 50 96 110 102 102 101 99 99 98 96 97 95 96 89 91 94 92 93 93 95 90 91 90 91 86 88 85 85 85 82 81 85 84 82 82 82 81 82 81 77 80 78 77 75 76 77 77 77 77 77 75 75 77 74 76 78 76 65 57 55 56 67 74 68 70 65 68 68 64 66 62 62 63 59 33 22 36 30 14 67 24 30 22 21 22 21 17 20 37 12 21 17 12 33 35 25 16 15 15 28 22 19 18 18 14 13 15 20 13 12 15 13 12 14 12 10 14 15 13 12 15
134 136 139 136 133 133 133 127 129 129 133 130 129 129 129 130 126 126 130 130 128 129 130 127 129 130 129 131 128 127 127 125 124 125 127 125 129 128 127 125 127 127 129 129 129 131 129 131 133 130 128 132 131 135 132 126 129 134 119 101 106 155 111 116 115 104 82 118 118 140 131 135 135 131 131 133 134 130 129 130 129 128 126 125 125 126 125 127 126 127 126 125 125 128 125 127 122 124 128 128 128 127 130 132 128 129 133 136 136 131 138 135 85 61 54 52 115 135 126 136 132 133 134 133 133 136 135 136 137 138 139 137 137 140 142 137 137 141 144 152 159 168 142 68 68 65 148 188 197 196 201 200 203 205 130 87 65 120 135 59 31 35 13 69 31 24 15 18 13 12 16 11 14 6 89 43 91 52 34 24 86 23 29 88 135 131 127 132 120 127 129 134 131 133 129 69 15 53 124 141 132 90 66 15 29 31 40 66 17 19 14 17 15 26 44 16 23 55 51 114 81 94 7 16 15 12 14 11 16 11 11 17 11 10 9 11 11 10 15 14 12 14 12 14 12 21 11 11 94 131 133 131 119 126 112 117 64 86 113 111 142 97 117 124 100 42 130 132 68 86 59 132 142 147 130 60 73 118 113 108 53 99 58 29 106 86 50 19 21 13 36 9 13 14 21 36 42 67 62 65 12 72 40 28 93 106 100 49 38 66 12 24 104 48 16 14 79 113 36 30 74 33 11 13 21 21 11 29 19 35 40 8 17 30 21 12 9 10 12 10 11 16 12 16 15 18 16 19 15 12 13 16 13 16 14 13 13 18 11 10 17 45 100 106 102 100 97 97 96 95 95 93 92 93 92 95 91 92 94 89 90 90 91 87 87 88 88 84 87 83 87 82 81 79 84 81 76 77 77 78 77 75 75 77 79 78 82 76 55 50 68 66 64 69 55 56 64 68 64 56 52 62 67 69 65 67 65 67 61 63 60 38 20 17 16 17 16 26 25 21 19 17 19 24 22 21 24 21 16 14 15 15 15 50 23 13 15 12 37 20 13 18 16 17 16 15 19 12 13 15 15 14 16 13 12 12 11 12 12 7
135 138 136 133 135 134 135 132 127 133 134 137 128 129 131 127 129 130 132 134 128 130 133 132 131 129 128 128 129 128 132 129 126 126 127 126 128 129 128 127 127 127 129 127 129 129 130 131 133 130 126 131 129 130 134 132 131 101 61 74 160 95 87 126 101 102 102 97 92 104 138 132 136 126 134 131 129 129 130 129 128 129 127 123 123 125 125 124 126 124 126 125 126 128 127 129 127 126 126 125 127 127 129 130 126 128 130 130 129 132 138 72 64 65 45 97 75 130 131 130 130 133 135 135 135 135 135 134 133 137 132 134 130 144 143 149 149 151 156 164 159 72 39 35 25 8 16 21 123 192 199 201 216 71 12 43 27 135 124 15 71 77 61 127 45 17 16 22 14 14 18 11 14 16 29 36 26 40 122 121 30 38 19 39 129 127 128 136 133 127 132 131 129 132 131 128 117 140 135 146 154 156 21 22 15 20 31 18 14 15 11 13 17 26 22 12 6 75 122 144 77 83 14 12 23 37 14 18 25 18 14 10 13 11 11 12 11 16 14 14 16 12 16 46 62 16 36 88 127 124 132 128 83 69 91 113 121 119 89 113 98 87 102 72 68 77 99 131 119 85 99 96 137 96 44 31 86 88 69 21 16 87 21 40 11 79 124 55 23 8 56 71 13 16 19 30 20 25 53 47 46 23 14 23 45 107 40 33 52 108 30 47 37 6 18 21 59 84 12 91 47 16 13 18 22 15 15 34 25 24 19 9 12 17 8 13 11 9 13 12 14 12 7 11 16 10 12 13 12 10 10 12 11 10 12 11 14 13 11 14 13 9 17 61 95 104 105 100 100 98 93 97 96 92 91 94 91 89 89 86 88 89 89 88 86 88 83 85 83 82 84 84 83 78 81 81 79 75 73 73 76 75 78 75 77 74 68 53 45 47 53 53 62 65 73 78 77 74 77 65 48 62 52 61 64 63 66 66 60 60 30 18 18 18 17 15 24 34 21 22 16 16 23 21 19 22 23 17 16 18 14 13 12 25 21 15 10 12 30 26 11 19 13 9 11 13 14 15 12 16 16 15 13 13 10 11 12 12 9 9
131 137 140 139 136 134 134 132 130 132 137 136 130 131 133 132 131 130 134 128 131 132 133 131 129 126 132 127 128 128 130 126 126 126 129 130 130 131 129 129 127 126 128 130 131 131 130 130 132 129 129 133 133 129 133 131 106 87 98 129 149 122 97 169 101 96 88 97 92 97 115 132 117 111 100 132 127 128 130 128 127 126 126 126 125 126 126 124 126 124 125 126 126 127 127 127 125 126 127 124 124 125 125 125 128 125 128 130 131 129 65 124 118 82 51 108 108 98 137 131 133 129 134 134 135 136 138 137 137 135 136 140 139 150 148 148 152 159 172 100 20 62 120 28 21 20 17 66 29 84 174 200 186 25 15 92 45 145 33 44 154 17 32 59 82 18 17 20 18 10 15 10 16 10 45 127 126 129 133 148 30 41 21 11 57 135 130 116 85 120 136 143 145 139 142 125 49 42 68 63 20 48 13 10 29 88 93 81 24 16 95 101 34 58 52 31 23 107 67 15 80 33 18 13 22 34 26 22 24 12 19 14 15 11 11 10 13 12 14 11 11 8 63 40 4 75 128 130 127 126 130 124 115 117 107 128 105 62 129 141 57 109 53 24 56 21 105 112 136 21 46 105 70 13 34 32 77 104 89 38 13 12 9 23 18 37 58 122 18 16 15 9 47 106 31 21 20 12 31 18 12 12 49 19 65 48 28 13 46 81 14 15 21 16 16 13 75 63 52 37 9 21 15 11 12 21 26 34 21 6 12 21 15 4 15 9 8 11 17 12 12 9 9 13 13 12 9 16 10 9 9 10 10 9 12 14 15 11 11 15 13 9 13 9 8 16 41 71 79 89 97 95 96 91 94 92 93 92 92 93 89 89 87 86 85 84 84 79 83 82 81 82 79 78 81 79 80 77 76 72 76 76 75 77 78 72 57 55 64 70 71 73 75 77 77 79 78 62 62 43 44 55 69 63 61 64 59 55 62 28 15 16 15 17 17 16 18 18 22 17 14 13 21 18 19 18 17 15 17 18 14 19 18 18 17 16 16 17 23 39 12 19 13 18 14 11 14 13 15 14 16 9 15 12 12 13 12 12 10 12
127 134 142 140 139 136 135 130 134 133 137 139 135 133 129 134 131 131 128 131 135 135 134 131 129 133 133 129 132 135 133 131 128 127 130 131 133 135 130 131 128 128 130 129 132 134 131 132 131 127 132 129 131 132 116 120 88 99 156 180 199 192 203 234 108 110 94 120 108 82 85 116 167 130 85 135 131 130 131 129 129 130 128 127 127 125 126 124 125 127 126 127 126 125 124 122 126 122 123 125 123 126 124 123 125 125 128 128 135 153 146 100 97 130 65 76 143 40 74 125 133 140 138 140 140 139 141 139 141 142 143 143 140 147 150 157 177 178 203 27 36 36 40 43 16 14 16 54 54 40 76 171 69 8 28 14 122 138 33 138 73 51 100 63 129 79 17 14 31 75 85 34 20 15 33 121 128 134 127 152 68 17 27 21 9 99 139 140 109 106 119 102 97 93 121 102 78 112 106 12 13 95 120 131 136 63 10 14 67 87 78 31 10 87 38 42 24 28 55 79 94 89 32 51 116 124 57 17 16 12 18 14 13 9 12 11 12 13 14 9 7 13 9 5 29 50 38 110 97 126 127 128 111 125 134 125 125 120 123 126 96 137 94 56 22 15 35 128 120 57 97 68 42 47 36 5 47 105 120 41 13 13 11 10 17 17 16 20 19 12 18 11 10 18 20 18 14 15 64 64 52 82 89 38 59 61 111 109 124 34 13 19 19 27 18 15 46 51 85 8 41 27 12 15 18 15 24 6 8 8 22 12 8 21 15 8 12 15 21 13 13 13 14 13 13 14 6 8 10 10 10 11 10 11 9 11 16 11 13 12 12 10 11 12 11 14 11 7 7 4 24 58 89 100 93 91 89 89 87 86 91 89 85 84 86 82 84 83 83 79 81 81 82 80 81 80 79 75 77 75 73 74 76 73 62 50 70 75 73 73 75 74 77 75 79 75 66 70 55 45 50 64 64 64 61 59 62 59 59 19 15 16 16 15 15 17 17 18 22 17 17 12 16 18 16 17 17 18 14 17 15 16 17 17 15 13 15 17 15 34 27 22 19 12 15 15 14 13 12 15 13 14 18 9 12 12 10 9 11 10
134 137 141 143 138 134 136 136 136 137 138 138 134 131 135 133 132 132 128 136 137 134 134 133 135 130 135 132 129 134 137 131 130 131 130 133 134 128 135 132 128 127 128 127 130 130 135 133 129 131 131 129 133 93 120 96 161 163 212 207 200 143 161 188 99 119 108 107 102 82 68 85 173 111 76 105 131 130 133 129 129 127 127 128 127 126 126 124 125 125 123 125 124 126 126 125 123 124 120 122 126 122 125 124 124 128 128 127 115 115 115 101 117 56 157 57 149 121 108 91 118 137 140 137 138 141 139 133 136 135 140 139 140 145 159 175 188 193 173 19 19 33 85 29 20 20 17 12 78 120 114 135 139 148 144 61 113 41 148 124 24 53 9 12 27 30 84 86 120 88 7 7 19 15 91 76 132 134 132 97 74 26 23 34 31 30 85 110 87 104 131 134 142 134 39 10 10 17 26 20 18 107 125 138 97 16 96 67 26 6 16 23 73 134 129 110 113 122 90 58 61 62 13 8 46 25 28 11 10 18 15 11 9 8 9 11 16 18 10 47 22 8 9 25 67 38 6 20 24 118 126 125 119 126 134 134 130 121 125 94 89 110 34 45 34 39 108 139 42 66 124 83 41 4 10 8 74 67 44 112 45 13 29 14 17 23 106 34 22 21 19 17 12 18 20 19 16 19 30 26 28 44 36 27 54 108 64 33 73 13 16 21 20 18 20 20 21 48 11 38 12 10 13 11 20 22 11 8 7 13 13 9 8 7 9 12 14 10 11 15 19 22 13 10 10 10 7 10 9 8 10 11 10 10 11 12 14 11 11 14 12 10 10 14 11 15 11 11 10 11 9 7 8 51 85 93 90 89 89 83 84 82 83 82 83 80 81 80 78 82 81 78 79 76 78 79 77 77 71 73 71 76 67 59 67 46 71 51 45 62 72 69 68 80 79 77 72 71 72 64 64 64 57 49 56 55 52 59 46 16 16 17 18 16 16 15 15 15 16 17 19 14 14 23 18 14 15 16 15 12 15 14 14 15 13 13 14 15 24 30 42 23 14 13 15 23 13 14 12 13 13 11 15 10 11 12 9 11 12 9
135 142 142 146 140 137 138 137 139 138 144 142 143 137 136 133 134 131 135 136 134 134 135 135 136 137 135 132 130 134 133 139 118 97 105 130 134 129 134 132 131 130 131 128 128 127 133 134 131 135 134 133 132 78 93 107 118 203 217 206 176 101 87 60 82 109 126 82 92 79 63 86 145 131 107 90 131 129 133 130 130 129 129 129 128 128 127 126 124 124 124 126 125 125 122 125 126 127 90 82 108 121 124 125 127 131 100 52 37 74 63 45 47 94 105 141 119 163 124 51 80 164 132 137 136 135 136 137 138 145 157 164 156 163 169 181 180 196 60 27 19 29 79 125 18 12 16 15 67 123 67 134 142 147 133 78 97 145 178 47 46 77 17 20 16 29 42 54 23 97 46 11 11 12 53 74 122 133 145 145 13 14 32 55 97 36 77 57 56 43 122 119 97 71 16 43 84 63 82 54 118 37 113 134 128 85 31 12 10 17 27 24 67 55 23 14 5 21 28 89 45 52 11 17 11 33 10 15 13 11 17 13 13 8 12 11 18 13 23 16 6 10 3 50 18 3 30 115 110 24 119 124 123 133 133 139 139 137 91 98 106 129 109 113 17 50 144 44 7 91 66 23 4 10 10 22 113 12 5 69 133 95 33 116 53 104 114 93 112 36 21 14 16 20 22 21 17 27 19 21 26 33 23 11 89 67 43 37 43 13 16 23 12 12 14 19 48 16 21 18 17 7 23 34 12 7 7 11 11 19 9 10 8 9 12 15 17 12 13 11 11 12 12 11 8 7 10 10 9 10 10 9 11 11 12 12 10 10 10 13 11 7 9 13 10 12 10 9 11 10 10 11 12 9 12 86 101 86 78 89 90 84 86 84 83 84 84 80 81 80 82 82 80 81 83 79 76 75 74 76 81 69 49 37 37 71 57 35 39 53 56 35 35 45 52 66 64 66 68 64 64 60 57 54 48 46 52 41 21 14 14 14 17 19 17 18 16 15 17 18 17 20 14 22 16 15 20 15 16 12 16 16 16 16 14 14 14 19 22 38 41 36 13 17 25 13 20 18 13 12 17 16 17 16 14 10 12 9 9 8
142 142 145 144 140 138 135 131 133 135 143 141 138 134 134 134 132 134 133 133 133 134 135 137 137 130 136 134 129 148 124 90 75 81 75 84 122 134 132 132 132 134 131 132 131 131 132 133 135 134 135 140 107 92 68 144 231 208 146 105 77 78 44 52 68 90 124 71 100 79 80 90 129 101 128 90 139 153 132 129 131 131 130 128 129 128 128 127 127 125 124 123 126 123 125 117 97 46 72 149 119 118 128 120 90 90 59 74 70 155 116 26 36 29 42 151 187 151 134 73 39 53 82 134 140 145 139 141 145 158 165 173 169 168 174 175 181 129 15 21 22 30 33 32 25 80 52 7 80 142 138 134 121 113 106 145 166 172 53 16 25 19 17 19 17 14 29 17 14 12 42 45 18 14 28 16 23 31 137 145 136 34 15 41 59 73 83 58 107 140 81 5 4 14 23 79 109 128 79 17 7 31 55 133 137 134 24 20 27 27 21 34 31 29 71 28 15 25 14 12 9 9 10 13 14 17 17 15 13 11 14 15 12 9 10 32 10 12 8 9 10 9 12 7 8 19 86 11 67 15 63 131 128 136 136 132 135 139 131 119 133 117 141 90 64 157 61 23 37 35 4 9 7 6 49 91 52 6 35 16 124 127 122 117 115 107 107 96 80 6 19 20 16 17 19 16 9 18 14 16 33 88 33 8 58 101 15 60 44 16 16 17 12 15 28 20 18 19 17 17 13 18 24 13 9 13 10 13 12 9 8 10 11 10 10 10 11 13 14 12 9 9 12 12 17 7 9 10 10 13 10 9 9 12 13 9 12 12 12 11 11 11 12 10 13 16 10 12 10 11 12 12 17 8 10 16 75 98 35 42 75 89 84 82 86 85 70 76 83 86 84 80 74 78 75 80 82 80 86 72 46 44 45 50 57 59 50 54 64 48 38 34 35 33 33 41 32 34 63 65 69 69 64 59 62 48 49 20 17 18 16 12 12 16 17 19 18 15 17 15 19 19 17 17 19 19 15 15 17 13 16 15 16 15 15 14 14 40 24 23 37 43 38 48 38 23 17 18 21 19 11 10 12 12 10 10 13 12 12 11
137 146 147 144 141 142 137 132 136 140 142 141 139 135 133 134 131 134 135 133 134 134 133 137 135 133 129 141 188 161 77 105 103 83 75 75 63 68 89 115 129 125 131 131 132 133 132 131 133 134 137 130 74 60 72 178 183 79 50 57 61 61 36 51 68 74 124 77 111 81 63 92 131 80 109 88 77 139 140 117 129 130 130 129 129 125 129 127 126 124 125 124 122 126 125 62 42 105 206 235 186 159 79 78 128 48 60 112 116 80 61 27 33 39 51 60 61 70 130 77 31 43 87 161 153 182 116 78 153 176 112 157 175 145 112 152 184 34 29 19 24 9 10 67 141 36 97 80 94 98 85 89 54 127 162 150 166 156 18 26 23 10 12 19 34 33 19 23 45 44 27 8 15 56 48 16 28 12 56 18 78 20 18 16 19 134 75 76 54 100 39 16 29 23 16 63 94 83 53 14 19 81 32 30 9 10 97 80 15 14 16 27 20 18 19 18 4 62 11 14 13 11 15 13 11 18 13 15 16 40 26 7 75 19 14 31 5 10 13 13 13 8 8 6 25 77 33 58 37 13 15 94 128 136 135 134 134 126 131 97 108 131 143 100 132 106 42 44 16 10 11 10 10 8 15 22 15 9 16 10 74 123 119 119 124 117 102 99 107 73 9 13 16 19 23 18 17 16 21 18 12 43 60 42 99 120 112 106 87 23 23 13 17 16 23 15 11 12 16 15 17 15 9 12 12 13 9 16 11 7 12 9 10 11 11 11 9 14 10 9 9 12 15 16 14 9 10 13 12 15 12 12 12 10 13 10 10 12 13 12 9 8 12 11 10 12 10 12 12 11 12 14 9 12 12 11 6 23 43 39 48 48 70 63 48 63 49 44 59 50 59 58 72 90 77 86 85 88 67 45 56 79 52 35 45 60 69 62 47 33 39 35 33 34 36 31 32 33 37 46 55 67 65 62 61 64 48 17 16 12 17 15 14 15 18 16 16 15 18 12 16 17 17 16 18 18 18 16 16 14 15 11 13 11 14 13 12 33 54 19 22 45 54 52 16 13 19 13 13 14 12 10 11 12 11 11 9 13 16 13
145 152 146 142 143 144 142 137 138 143 140 144 142 137 135 135 133 135 138 136 137 134 139 135 134 127 192 210 113 70 73 67 100 119 78 122 75 72 91 132 184 91 156 83 85 109 131 137 130 132 145 111 60 103 102 120 80 79 92 126 146 151 136 98 71 89 125 107 97 86 103 142 106 79 98 64 84 97 78 72 137 126 131 128 128 127 126 130 114 121 124 124 124 128 100 54 91 175 227 233 162 94 109 146 180 92 110 87 31 42 60 133 37 43 54 40 44 98 79 76 47 39 37 134 251 198 70 74 60 172 174 133 148 82 76 81 52 11 22 17 29 117 139 132 112 28 106 144 131 128 97 11 9 137 159 171 159 54 21 23 13 37 22 14 38 33 22 22 9 31 42 67 41 74 67 100 17 21 14 14 18 16 32 17 15 71 66 8 48 33 57 20 32 26 17 16 86 57 27 63 80 38 31 19 12 50 8 64 78 59 21 21 17 11 11 16 16 44 7 11 13 11 12 15 17 25 24 14 6 19 49 54 29 10 8 10 10 12 13 10 10 8 9 6 7 9 8 28 17 12 18 31 127 127 131 116 127 124 136 135 138 143 140 149 148 130 27 11 9 9 11 11 11 8 24 17 12 11 8 9 13 92 118 121 117 118 126 113 116 128 82 16 18 17 12 14 15 19 17 19 20 14 17 7 110 118 118 122 85 23 17 14 18 26 22 13 14 14 19 19 16 11 10 10 10 12 12 9 9 6 11 10 10 15 26 38 13 13 9 13 21 25 23 18 10 9 9 13 12 12 11 13 11 8 11 12 9 10 13 13 10 9 12 12 10 10 11 10 11 9 11 11 8 12 11 9 13 10 18 20 17 25 49 66 44 37 48 41 66 44 50 81 95 90 87 82 85 74 80 73 73 78 48 35 49 66 49 58 41 41 38 50 43 31 36 32 30 32 33 42 52 63 62 53 59 60 18 18 18 15 16 14 13 15 17 15 15 15 18 15 16 17 17 12 16 15 15 15 13 12 12 11 11 11 10 13 11 33 50 40 41 48 50 49 13 16 23 27 25 14 13 12 9 11 10 10 10 10 9 12
148 147 149 144 141 141 138 136 141 143 144 144 144 138 135 133 134 134 135 136 136 133 141 129 150 178 171 91 79 74 78 70 85 88 80 86 69 110 86 138 150 144 118 80 74 84 105 133 120 152 195 164 175 155 99 70 110 124 110 84 81 147 156 77 78 79 64 138 76 75 78 149 82 114 73 72 99 105 106 54 135 180 144 152 130 124 140 104 98 97 129 127 126 120 56 120 189 207 212 125 39 57 124 87 155 113 103 71 30 39 65 136 89 34 48 41 45 42 54 61 71 46 42 30 148 140 179 132 116 163 176 119 136 155 202 70 18 14 23 24 141 170 46 73 81 8 81 65 55 55 101 39 14 108 166 106 106 143 129 145 84 92 50 81 35 37 26 23 16 11 15 9 65 141 140 142 138 142 59 22 26 10 16 30 19 12 14 21 57 26 34 24 7 7 29 6 5 20 25 12 13 19 37 26 34 58 59 36 112 116 102 60 7 18 13 11 35 18 13 13 11 10 15 15 18 21 10 29 31 11 15 7 12 8 10 7 10 14 10 10 9 11 12 10 10 9 15 11 25 25 12 63 120 121 134 132 113 121 140 144 144 133 139 141 151 31 10 11 10 10 11 10 14 9 15 16 10 8 9 9 7 105 119 118 117 118 118 129 126 119 122 108 27 42 55 27 23 10 38 12 10 14 18 64 125 120 117 121 36 18 16 15 13 14 8 15 12 19 18 19 15 16 14 14 15 11 9 10 9 9 9 10 11 12 10 18 12 11 10 16 21 19 18 11 10 12 11 12 11 15 8 15 13 11 10 11 10 9 13 11 11 14 11 12 13 11 12 12 12 10 11 11 10 9 11 12 10 11 11 9 8 15 68 64 70 52 51 37 63 35 45 49 60 91 93 65 78 85 74 64 85 78 61 33 44 34 36 36 31 42 37 35 32 32 32 32 34 35 35 42 54 47 45 50 57 53 17 18 13 16 15 17 12 16 18 17 16 13 17 14 15 15 14 13 14 15 17 16 15 15 14 14 15 11 12 11 10 19 41 24 38 53 44 32 11 14 16 19 11 10 11 11 9 11 10 9 10 9 11 10
148 147 151 147 147 146 142 137 141 133 141 138 147 142 138 136 136 136 137 140 139 138 134 83 181 189 83 81 83 81 82 69 92 166 156 82 53 62 116 83 79 117 67 77 133 139 74 198 188 227 230 137 130 111 39 57 74 176 155 152 149 170 165 77 74 94 78 96 77 70 118 73 67 140 107 105 120 75 136 91 85 195 199 206 197 178 181 110 118 86 108 134 104 70 111 124 89 138 78 64 50 30 93 55 82 166 185 94 34 40 46 138 151 110 40 52 45 34 38 48 70 72 35 62 44 38 55 157 236 234 243 241 245 240 94 14 41 120 91 140 166 133 102 116 128 45 102 110 73 68 13 21 16 59 115 20 54 52 135 143 156 161 154 129 20 21 25 23 21 15 10 79 151 149 140 152 93 98 62 36 22 12 15 12 13 13 17 20 23 24 27 13 39 6 86 112 102 30 24 51 19 16 19 40 30 52 36 16 22 70 67 38 12 13 18 12 61 16 48 12 13 8 36 60 47 12 37 27 28 24 12 17 12 11 11 11 9 8 10 7 7 8 10 15 14 12 14 9 10 26 13 121 112 126 133 134 134 122 129 138 134 135 133 145 56 17 14 12 12 12 12 11 12 10 12 12 9 8 10 10 8 9 103 130 127 130 131 133 130 129 118 75 71 78 136 119 109 55 89 32 66 63 14 80 122 123 125 135 92 11 12 14 10 12 10 13 15 19 20 17 11 14 13 11 11 8 15 9 10 12 11 12 10 10 13 9 13 13 12 10 15 12 14 12 11 13 12 12 12 12 10 13 12 10 11 10 11 11 13 11 16 13 13 15 10 11 12 9 11 9 10 10 9 11 13 10 9 13 13 10 10 10 41 66 82 81 83 81 77 55 70 60 53 72 64 64 77 87 71 84 82 87 74 29 31 30 61 56 30 37 29 36 33 34 31 30 34 34 32 31 47 51 57 52 51 39 13 12 11 14 12 16 16 16 16 13 17 14 15 11 13 16 13 14 16 15 18 14 16 14 12 12 12 11 13 14 11 20 35 17 40 48 45 27 13 9 12 7 9 9 11 11 10 12 10 10 8 6 9 10
148 155 149 145 146 141 138 139 141 144 146 146 143 140 138 136 138 139 138 140 142 144 112 184 173 81 86 86 107 80 84 86 103 114 75 63 68 128 111 61 83 100 115 144 155 175 165 227 234 233 242 75 61 109 101 109 164 168 199 193 180 185 128 59 77 91 88 80 120 158 152 61 71 104 72 66 80 78 105 198 205 204 203 212 215 196 210 124 114 63 80 189 63 65 144 94 62 40 38 43 43 68 87 52 71 73 195 90 139 49 39 48 62 97 122 59 36 40 33 36 46 68 83 56 48 39 48 45 136 247 242 143 59 62 31 19 48 76 140 123 167 158 122 90 60 54 112 58 13 27 14 12 11 35 137 45 19 7 106 107 160 159 154 150 128 81 52 44 52 58 126 145 103 134 44 7 20 62 8 77 31 32 14 17 15 16 15 17 14 29 65 19 73 57 89 24 11 13 18 12 26 13 13 37 68 38 20 12 12 18 34 35 50 20 21 17 109 25 80 41 7 15 38 20 9 15 21 93 12 13 15 19 9 12 10 8 7 8 8 9 9 10 9 11 16 12 11 10 12 10 14 115 115 78 83 60 98 98 89 138 141 137 140 117 9 14 16 11 12 11 11 9 11 10 10 11 10 10 9 11 9 7 9 78 137 133 115 51 96 45 78 7 13 10 32 77 62 64 88 105 86 122 104 123 129 131 129 110 12 10 12 10 11 18 11 14 12 13 16 18 13 14 16 12 13 15 15 10 10 11 11 10 9 9 15 11 12 11 12 13 12 17 16 11 11 12 11 11 10 13 10 9 13 10 17 13 9 11 9 9 11 13 10 15 10 9 10 10 9 8 9 9 7 9 15 13 8 13 15 11 9 8 12 23 86 82 86 89 89 95 90 72 48 48 61 72 84 84 74 76 82 85 79 71 78 72 70 56 29 28 31 25 36 49 27 28 32 30 30 33 45 54 36 34 35 22 13 12 16 14 12 16 13 15 16 13 13 16 15 11 14 12 19 13 15 13 19 17 15 12 11 12 15 13 10 11 14 24 21 15 25 39 53 16 16 10 14 20 17 10 11 8 9 8 7 9 13 9 7 11
151 146 145 145 138 138 142 140 138 147 146 143 142 141 133 135 128 134 139 149 136 125 173 153 91 84 94 94 97 144 118 102 108 64 62 56 75 73 64 57 105 100 103 135 122 216 230 239 244 223 224 205 214 209 209 212 214 175 208 172 89 73 76 62 63 82 72 82 93 204 209 185 87 113 92 78 78 70 74 201 203 220 221 221 167 62 84 80 72 68 65 99 45 31 116 42 46 45 57 36 39 43 71 109 107 138 67 32 133 153 47 41 38 107 83 136 95 84 34 36 32 51 90 105 65 46 48 45 41 151 146 33 55 34 47 34 55 70 76 50 156 145 126 43 29 27 87 39 18 15 15 47 28 20 114 128 121 106 133 82 62 125 172 169 124 140 153 150 110 116 55 17 21 19 9 15 18 12 13 19 14 10 14 14 11 10 21 30 53 17 79 55 32 104 69 13 16 30 31 12 15 29 23 58 38 24 15 14 11 16 96 10 16 19 27 58 113 84 91 121 103 29 8 9 13 9 27 30 17 14 15 13 18 15 10 9 6 9 10 7 11 10 11 8 14 8 10 8 10 5 18 88 96 68 81 40 78 131 140 141 142 140 143 44 13 10 17 10 11 11 11 10 11 10 12 12 10 11 10 10 8 8 8 14 70 118 125 16 16 13 31 71 9 13 12 7 19 17 15 44 93 131 123 137 138 139 127 62 11 13 11 9 13 12 13 11 11 14 17 16 13 14 15 13 14 13 12 12 5 9 12 8 8 11 12 13 14 11 10 11 15 19 15 12 18 13 8 10 14 11 11 13 16 12 11 12 14 11 10 10 11 15 12 13 9 8 11 8 9 8 9 9 9 9 9 11 15 12 13 13 12 9 11 8 27 61 77 87 81 61 76 28 34 34 39 58 80 71 60 46 82 77 83 78 76 57 46 49 24 29 32 28 31 28 27 28 46 39 40 45 50 49 35 34 36 19 14 11 15 16 14 12 16 17 15 12 15 23 19 10 13 15 15 17 17 12 19 11 13 11 11 15 14 12 14 11 10 22 21 12 33 28 46 9 17 13 14 22 12 12 10 10 8 13 10 10 13 10 10 7
156 151 151 145 149 144 144 143 141 148 150 143 134 109 125 210 211 118 152 247 129 123 161 115 133 161 104 164 207 103 73 110 79 90 84 65 59 106 75 68 138 97 107 185 131 213 236 231 223 226 236 247 247 244 219 216 207 186 153 190 69 41 102 108 67 69 91 116 154 204 212 210 180 101 129 96 73 78 77 192 196 208 201 136 202 91 64 62 61 74 83 79 48 33 87 32 48 42 61 36 37 39 46 148 154 136 94 43 58 154 163 152 135 70 73 89 57 82 78 46 60 60 96 68 55 50 29 26 50 31 27 43 35 33 19 25 14 39 37 43 141 157 180 76 26 29 65 44 16 18 14 9 15 27 21 147 42 33 64 25 56 103 163 80 20 33 61 71 33 16 75 45 14 23 17 24 16 16 18 11 14 14 15 12 10 13 23 19 32 20 31 42 59 101 19 12 18 9 18 37 56 59 15 28 26 12 12 35 65 18 79 84 20 7 8 23 133 129 124 121 117 122 53 21 10 12 20 88 50 10 13 11 11 9 8 9 11 11 10 9 10 12 12 9 10 10 11 11 11 12 18 48 76 55 50 140 139 143 146 142 131 129 35 9 15 11 13 11 11 10 13 12 10 11 11 13 11 10 11 11 9 9 9 11 47 57 78 78 42 11 12 55 32 17 68 64 45 67 71 72 99 138 147 118 49 55 21 6 13 12 11 14 13 7 15 16 8 15 17 16 13 13 14 13 15 11 8 11 8 9 11 11 9 10 10 11 12 12 12 13 11 12 11 14 14 12 10 12 13 11 9 8 13 15 10 8 13 10 13 9 13 17 13 8 11 10 10 7 8 8 10 10 9 9 9 8 13 13 14 12 10 12 15 11 9 6 31 76 92 97 80 26 31 56 61 85 89 64 37 28 60 47 30 29 40 57 44 58 27 33 41 31 26 27 27 27 45 53 49 44 46 52 50 50 29 13 17 13 13 17 12 11 13 14 14 13 20 13 13 15 13 11 14 13 17 35 39 16 13 12 11 12 13 14 15 11 13 17 9 14 20 26 55 7 17 17 11 9 13 12 10 10 9 12 11 10 8 9 9 8
156 154 154 150 145 148 141 140 133 170 135 172 187 180 173 187 223 238 238 149 176 180 142 90 85 113 141 200 205 130 149 94 94 92 98 84 54 67 64 105 95 66 69 181 222 241 237 182 113 217 160 236 246 234 230 209 208 119 57 69 98 89 44 138 116 84 149 226 235 219 200 213 133 131 153 141 96 99 84 179 199 197 152 94 98 73 87 61 76 85 47 86 66 38 83 35 44 30 102 67 102 77 53 179 133 48 100 42 43 42 124 117 118 114 58 56 88 50 59 64 93 100 57 50 49 34 42 40 32 23 17 19 34 20 25 20 25 27 42 29 127 172 158 85 19 15 32 59 18 22 22 12 11 32 11 97 158 24 63 88 73 16 82 83 32 35 19 22 22 25 29 29 16 16 21 13 15 17 12 11 11 10 13 10 10 13 15 15 14 34 28 48 78 12 12 16 10 17 31 27 33 46 13 16 14 14 5 56 136 119 56 90 101 57 15 5 48 56 80 96 114 101 62 44 16 18 28 23 11 13 10 10 10 9 9 9 10 9 10 11 11 13 12 11 10 12 11 11 12 11 7 32 116 121 72 48 88 145 128 116 96 27 12 17 12 14 10 11 13 12 12 11 12 12 10 11 11 11 11 13 10 8 10 15 15 27 32 52 47 99 44 7 77 78 72 133 129 99 95 108 121 114 59 10 10 7 7 12 10 9 12 8 28 19 13 13 12 10 17 18 16 14 15 16 12 8 11 6 9 7 8 8 9 11 11 10 12 16 16 13 11 13 13 12 9 10 9 9 11 10 9 9 11 16 13 12 12 9 9 11 13 9 7 11 11 11 11 10 8 7 9 9 9 11 11 11 10 11 13 10 11 13 14 12 12 11 7 6 32 71 94 80 82 80 84 89 79 48 39 27 35 40 52 52 41 50 59 38 26 24 30 27 26 34 34 33 25 26 41 57 51 54 54 41 10 16 12 10 13 16 14 12 15 12 13 11 12 15 11 11 14 16 13 15 12 51 25 12 14 12 12 16 12 13 13 10 11 12 9 8 12 34 27 21 14 13 16 16 12 13 11 11 6 8 10 11 7 9 8 7
154 157 153 150 139 143 163 196 133 208 187 116 100 158 123 213 224 133 136 192 234 182 108 95 96 163 140 203 232 236 238 186 92 72 70 128 94 90 73 78 63 45 77 140 207 131 188 135 168 152 139 158 188 123 221 214 212 203 211 145 79 122 124 105 92 74 147 236 233 218 167 127 68 101 98 117 150 190 157 212 207 132 123 77 78 74 77 129 115 60 48 111 41 51 107 34 50 42 77 68 57 84 48 69 111 39 111 103 39 38 78 116 51 58 72 47 110 84 79 59 51 51 71 54 59 41 35 31 31 38 22 19 19 17 21 20 30 27 28 18 54 154 159 140 45 24 42 28 24 24 17 17 69 71 14 46 135 116 12 51 33 44 39 15 24 16 27 50 15 17 18 20 19 25 17 13 15 12 9 11 10 11 20 11 10 10 12 13 17 17 31 37 22 13 14 10 13 14 15 16 14 39 31 13 13 13 6 121 139 97 135 55 74 117 13 14 12 7 12 6 5 13 21 18 15 17 14 13 10 10 12 7 9 10 10 8 8 9 8 8 10 10 8 11 10 11 12 12 9 9 33 53 60 7 54 127 123 43 9 8 11 18 13 12 14 21 11 10 12 14 11 14 12 10 12 11 10 9 9 12 11 9 11 11 9 21 15 31 109 111 114 115 124 116 127 118 103 87 35 137 91 18 30 14 14 11 11 6 9 12 11 13 13 12 13 15 8 12 16 12 11 15 16 10 10 13 11 12 11 8 7 6 8 9 11 17 15 13 12 12 13 12 13 13 9 12 12 12 10 7 7 8 11 11 12 12 9 7 10 7 9 8 10 11 11 11 10 11 11 10 11 10 13 13 13 15 12 11 11 9 10 9 10 13 10 9 14 8 7 5 15 30 69 83 87 76 55 75 58 43 62 66 78 35 26 37 25 27 25 32 29 27 28 28 22 24 25 25 26 30 38 46 57 31 14 12 11 8 12 12 15 12 17 11 13 12 13 13 12 12 12 12 13 12 11 30 12 10 9 13 14 15 16 13 11 12 14 10 8 11 7 21 45 35 9 6 14 12 7 11 9 7 7 8 10 11 9 10 7 7
157 152 152 146 197 195 209 214 171 211 225 219 120 88 173 230 187 182 245 243 198 124 75 104 156 204 237 237 240 232 244 179 160 163 230 249 239 236 70 64 61 105 220 178 163 131 171 122 127 86 58 109 48 59 78 115 194 237 152 93 103 110 139 176 128 154 84 233 217 89 89 74 71 75 112 99 89 215 207 210 208 137 80 88 76 83 99 100 75 58 55 46 48 38 60 56 50 45 67 69 34 37 42 36 97 76 40 81 95 33 43 32 68 130 56 48 41 57 109 57 65 58 130 81 23 15 28 37 29 24 34 26 15 16 24 19 25 30 17 24 41 80 130 143 74 20 22 54 17 18 15 17 61 125 141 47 57 121 46 13 9 12 18 25 11 13 63 33 17 12 17 35 14 15 14 12 11 7 11 18 14 16 11 10 12 11 11 11 17 27 28 27 11 13 11 22 12 12 13 16 18 22 25 13 13 9 54 90 82 35 77 26 23 27 14 22 24 25 20 16 18 20 13 22 16 10 11 15 11 10 11 12 11 14 10 9 10 9 8 8 10 12 14 12 12 8 12 12 10 37 36 20 38 21 61 17 20 13 16 16 16 9 8 13 14 15 12 12 12 13 12 10 11 10 12 10 9 9 10 14 10 10 11 11 12 12 14 10 34 100 91 89 113 127 124 112 116 130 144 80 51 47 27 8 9 10 9 10 9 18 31 13 14 10 10 14 11 12 17 16 12 14 15 13 7 8 7 10 11 8 8 8 9 12 17 14 17 14 19 13 10 10 12 10 10 14 14 9 9 12 8 7 6 13 12 8 9 10 10 9 10 10 10 11 11 9 12 13 11 11 8 9 6 9 15 14 13 10 8 7 9 10 12 10 12 11 10 9 9 7 6 14 49 89 82 54 70 74 79 77 76 73 47 24 26 28 27 27 24 34 23 24 29 22 22 22 22 26 30 32 31 37 32 22 12 14 13 11 11 12 12 14 15 12 12 15 11 15 14 17 15 13 14 13 28 16 17 16 13 16 16 16 15 15 14 12 13 10 15 12 9 38 45 5 15 20 34 10 11 10 10 11 8 8 6 4 7 9 6 8
152 154 159 221 163 174 217 226 193 177 199 216 215 205 208 132 119 243 244 199 176 94 77 105 188 250 244 252 218 162 131 202 173 156 236 245 252 167 169 196 241 250 233 155 181 186 153 42 59 84 82 199 69 107 50 51 57 111 61 67 81 104 107 227 189 91 78 124 206 92 86 81 73 82 114 185 136 212 213 208 217 183 100 96 161 126 115 97 70 72 81 47 45 42 53 49 45 108 115 74 45 43 52 38 55 90 40 36 50 78 102 57 47 133 130 111 62 54 46 58 46 64 56 14 19 18 39 28 26 52 27 20 16 15 16 29 30 9 23 15 87 81 119 122 127 17 15 49 20 13 16 9 40 114 145 19 44 36 119 38 84 95 28 19 12 14 34 11 16 16 17 15 13 16 16 13 10 11 13 12 12 10 10 11 13 11 18 11 9 13 13 14 12 12 11 13 11 9 15 13 29 14 19 18 11 22 111 25 29 22 25 12 29 13 16 21 13 23 37 19 12 12 14 20 10 10 11 17 15 10 10 10 11 10 10 10 11 10 9 10 12 13 15 14 12 16 11 14 22 38 22 13 22 13 9 66 36 18 15 16 15 7 7 13 12 10 16 13 10 11 12 13 9 8 10 11 10 10 10 12 10 10 10 10 12 9 12 13 10 33 68 57 46 82 85 31 114 123 142 105 20 10 9 9 9 9 12 12 8 53 9 10 11 12 7 10 11 10 16 17 21 10 10 10 7 9 10 10 6 7 8 9 12 14 13 12 14 13 14 11 12 12 15 17 7 13 13 9 9 9 9 6 7 13 10 10 8 10 11 9 9 11 12 11 11 10 11 11 11 8 10 10 12 9 12 14 12 11 12 11 11 11 12 11 12 9 10 9 10 5 9 6 7 31 77 75 71 47 42 79 78 73 52 39 43 32 32 30 45 43 35 40 53 26 25 24 21 23 25 20 24 23 24 14 14 16 14 13 11 15 16 17 10 15 15 15 12 11 18 14 12 13 11 13 31 9 18 20 16 19 16 18 11 12 12 13 14 9 16 11 11 42 17 14 13 61 18 10 14 13 11 12 6 3 7 8 9 6 5 8
164 191 226 218 172 183 226 186 152 137 122 242 243 148 118 177 171 179 150 201 220 70 173 173 244 235 235 195 126 140 193 138 110 210 207 199 246 203 230 202 227 214 121 187 194 91 42 57 79 72 99 160 63 102 36 87 24 67 200 194 90 55 61 184 160 95 85 84 240 123 128 96 90 117 103 192 219 217 214 222 214 226 228 154 192 68 98 188 103 69 72 44 41 69 64 56 91 98 79 76 51 52 54 51 36 58 37 45 41 61 130 113 43 45 87 148 183 93 42 68 45 37 17 18 23 21 24 20 24 31 57 21 13 65 108 21 13 13 16 12 78 161 115 130 126 116 61 96 9 18 23 72 53 119 88 66 23 32 86 78 27 21 12 11 12 18 11 14 12 11 12 11 10 10 11 8 12 11 12 11 13 9 12 12 12 12 13 13 11 14 15 14 15 10 13 16 16 15 16 18 20 16 11 33 23 114 55 29 18 20 16 20 19 25 16 23 18 17 21 38 38 15 15 17 16 14 11 12 10 10 11 9 10 9 11 10 10 8 11 12 12 12 11 12 12 14 12 14 28 15 15 18 8 13 20 17 15 12 17 14 14 16 16 12 12 12 12 11 10 10 10 10 11 11 11 10 10 10 10 13 11 12 12 13 15 13 13 14 11 10 11 5 53 75 88 101 128 133 86 12 12 12 12 11 9 9 12 11 7 12 7 12 11 11 12 10 12 9 13 14 15 8 9 10 8 10 11 9 7 10 9 10 12 9 14 11 12 13 13 12 15 13 13 13 9 12 11 8 11 9 11 9 9 9 8 11 10 9 10 7 10 11 11 10 9 11 10 11 10 6 10 9 7 10 5 10 13 11 14 12 13 11 11 10 12 9 10 7 11 7 8 9 6 4 5 17 28 52 38 37 38 35 23 37 29 40 33 30 36 52 28 30 30 24 27 28 25 19 20 24 24 22 22 11 14 15 12 11 9 13 14 14 12 12 13 17 17 17 15 15 12 14 12 16 13 16 14 16 12 11 16 16 12 13 12 13 16 10 14 9 11 24 11 12 30 30 10 11 11 7 13 7 5 6 10 8 8 5 10 11
195 162 139 235 179 168 102 127 211 236 186 199 173 145 199 187 175 220 252 238 100 89 175 144 182 157 144 132 96 203 204 60 64 155 220 200 225 234 226 224 209 117 209 121 45 44 58 108 74 83 180 179 103 98 90 47 30 27 22 103 220 186 57 84 176 82 83 92 170 248 232 146 215 220 122 149 216 222 160 115 213 215 108 192 91 66 125 118 127 115 86 57 45 102 69 36 63 43 87 68 42 66 52 61 40 35 46 39 42 71 133 98 91 75 55 53 107 145 158 122 47 18 22 20 23 25 24 28 31 30 30 29 47 66 115 126 76 21 13 26 131 132 89 113 103 107 138 159 91 69 77 160 109 76 10 31 24 18 10 11 11 15 11 20 14 15 16 14 10 13 11 9 10 8 13 13 10 9 10 8 13 11 11 11 10 12 14 16 9 12 14 12 18 13 13 15 12 16 10 29 15 9 28 72 72 119 66 21 35 25 22 18 19 19 24 21 15 51 23 26 26 18 15 17 14 12 13 11 9 11 9 12 11 12 12 10 11 8 11 9 11 10 10 15 13 13 9 18 16 11 20 10 28 37 14 19 15 11 14 9 12 13 12 11 10 11 12 11 11 12 12 10 9 12 13 11 12 11 9 11 13 12 11 11 12 15 14 13 13 13 10 25 113 94 139 125 70 88 22 15 13 9 12 13 13 13 11 11 20 9 11 14 12 14 10 10 13 10 12 11 13 10 9 8 11 10 11 8 9 10 8 12 14 12 13 14 18 16 18 17 17 15 12 8 11 11 11 11 10 9 9 9 11 14 17 12 9 6 10 10 11 10 9 8 8 11 10 11 9 9 12 11 10 7 7 8 10 10 16 14 13 10 10 9 5 9 9 6 8 6 11 10 8 8 9 12 9 15 14 23 25 19 23 27 19 26 27 24 31 16 22 24 22 20 25 21 19 21 19 24 22 20 15 13 14 14 12 11 13 14 13 13 35 17 12 14 14 16 14 20 11 13 15 18 16 15 12 16 16 13 13 13 9 14 12 12 12 11 12 12 13 9 8 14 17 12 17 17 15 5 9 9 9 8 8 9 6 6 12 8
184 180 176 147 131 139 218 187 123 174 113 129 124 162 181 207 238 231 237 93 52 133 177 243 198 133 184 68 56 99 139 97 67 114 213 219 198 185 163 163 155 140 59 39 83 86 68 91 133 70 135 173 67 42 58 43 34 33 37 44 83 83 179 103 39 51 189 158 116 240 219 219 219 143 131 91 191 224 222 114 95 192 68 105 108 67 67 103 74 65 103 85 47 37 77 117 60 90 102 85 64 72 60 56 49 50 84 79 50 58 40 187 184 126 63 77 104 142 115 38 21 21 22 25 28 22 20 23 23 22 26 27 33 36 35 56 111 28 54 90 104 62 29 136 125 117 108 137 182 188 157 122 32 10 30 13 13 15 14 23 20 24 18 16 12 21 16 11 12 13 12 12 11 9 10 11 11 10 10 10 12 12 13 12 8 12 12 14 14 14 14 11 15 15 11 15 11 15 14 28 7 17 37 16 9 50 109 24 33 34 25 24 20 18 17 13 17 21 15 8 14 22 21 16 14 12 16 13 10 9 13 10 11 14 11 12 11 9 12 11 11 13 12 12 11 11 12 18 12 11 12 11 92 12 18 11 15 19 20 17 12 15 7 11 10 10 13 10 10 11 13 10 13 11 9 13 10 10 12 10 8 13 10 10 11 13 11 18 20 27 17 108 137 121 39 6 15 17 12 11 9 8 10 8 8 9 11 38 27 8 11 15 17 15 13 12 11 13 13 17 10 15 9 10 13 12 17 14 11 6 11 15 14 11 10 14 20 20 16 15 17 17 11 12 13 9 12 11 13 12 10 9 11 14 16 12 10 9 12 11 10 11 11 11 11 12 11 8 13 10 9 13 11 8 10 9 10 11 13 16 13 11 11 10 12 10 9 8 8 7 6 6 8 4 11 11 12 18 6 8 17 21 24 25 20 22 24 25 25 24 18 19 21 19 23 22 18 18 19 20 20 15 15 14 13 10 10 10 9 12 10 16 32 10 13 16 15 15 16 16 14 12 13 17 15 14 12 14 13 9 17 14 14 13 10 12 11 11 17 14 13 9 8 10 12 15 12 10 13 10 7 10 10 5 9 7 9 7 9 9
245 241 244 252 236 230 232 190 187 179 159 165 207 236 220 226 239 193 113 75 127 237 247 229 138 158 141 79 152 179 161 116 90 121 168 119 113 119 125 132 67 37 54 43 50 48 67 67 81 52 40 55 37 37 40 34 32 42 86 68 51 68 45 140 110 51 50 107 96 138 233 254 227 189 161 111 192 207 225 219 190 158 68 108 89 80 88 88 86 63 52 59 53 112 79 69 60 113 120 105 75 71 51 46 52 40 42 42 34 108 115 99 191 172 64 157 56 52 21 19 22 20 24 25 20 21 21 22 22 23 24 19 30 39 71 22 22 21 20 22 17 25 13 48 76 85 86 57 111 131 69 20 26 32 32 15 12 13 11 10 12 15 13 10 17 24 24 12 8 10 8 13 11 12 11 12 9 7 12 16 12 11 12 11 9 10 12 11 10 12 14 15 14 17 15 12 14 15 13 30 13 16 22 23 13 35 47 27 14 24 30 32 15 23 21 26 20 15 18 19 12 17 17 19 22 20 17 15 9 13 18 10 13 16 10 15 11 14 11 11 9 13 14 15 13 18 14 14 12 17 8 44 50 15 16 17 16 14 13 18 12 13 11 11 11 11 11 12 13 12 11 15 13 12 13 12 10 10 11 10 10 13 11 13 10 13 15 10 36 20 17 84 48 13 17 21 17 16 13 14 9 9 7 9 11 7 10 18 10 11 8 15 16 10 11 11 11 10 10 11 9 12 11 14 14 11 9 12 12 10 11 15 20 16 11 15 21 20 17 17 18 16 12 12 9 14 12 11 8 12 9 8 13 14 13 11 11 11 11 11 12 9 12 9 8 10 11 11 8 8 11 9 11 8 10 8 7 10 10 7 12 10 7 9 9 10 8 10 11 10 6 5 8 7 10 10 10 12 10 7 5 12 23 20 19 26 23 21 21 20 22 19 17 18 19 18 21 19 18 16 18 10 13 13 12 10 11 10 11 11 12 12 11 15 15 13 19 18 13 12 11 15 12 15 16 15 16 15 17 16 18 11 12 12 14 11 12 11 16 19 12 15 18 7 61 15 12 11 13 9 9 8 4 7 8 6 9 5 11 12
108 116 120 145 143 169 163 125 178 198 231 245 239 234 216 187 121 110 121 119 186 241 218 96 191 185 170 142 198 165 150 91 163 145 148 90 121 132 83 38 50 42 46 47 46 55 53 54 54 59 43 43 36 43 37 36 34 50 66 57 45 85 45 58 71 43 27 151 107 88 112 245 253 240 148 134 202 232 223 193 228 95 81 85 91 66 133 138 90 65 71 68 68 117 52 67 77 105 104 97 58 46 33 39 45 56 58 44 35 125 80 39 135 200 147 46 25 22 27 22 20 19 23 22 23 24 25 25 25 20 19 31 31 20 21 17 16 19 16 15 11 14 17 13 10 18 14 17 14 13 14 14 16 13 20 12 13 11 14 18 12 17 14 23 15 13 15 9 10 11 16 13 11 12 12 12 11 11 12 12 10 7 11 11 11 15 11 12 11 12 14 17 16 18 16 19 17 12 22 28 18 16 15 30 57 93 28 27 18 17 13 15 20 31 26 20 14 14 17 23 31 21 22 18 11 13 18 13 11 11 17 16 14 20 21 14 14 15 13 12 14 12 11 15 13 15 15 16 16 11 52 29 16 16 17 15 13 10 11 15 11 11 13 11 14 11 10 16 12 11 14 12 12 11 15 13 12 12 12 12 10 12 12 12 10 14 33 26 22 22 21 13 17 17 19 16 15 11 11 12 10 10 8 10 8 8 8 73 11 13 12 10 10 14 12 15 11 11 11 10 11 11 13 15 18 17 15 14 12 13 12 14 14 11 11 15 20 19 19 17 19 18 15 14 11 9 11 12 12 11 13 9 12 11 11 9 10 10 11 13 10 9 12 11 11 12 12 11 12 14 8 12 11 10 13 11 8 9 9 10 10 12 10 9 10 12 11 15 10 11 9 7 7 9 10 8 7 11 9 7 7 9 13 21 27 22 18 25 19 19 17 20 18 15 18 17 20 19 18 22 22 13 13 12 10 10 10 6 10 13 11 12 12 13 14 14 13 16 14 15 14 12 14 16 13 16 18 12 13 18 18 10 10 10 12 12 12 12 14 13 8 15 12 22 31 6 14 9 11 9 10 7 9 7 8 8 7 5 14 10
130 111 120 159 128 140 224 211 244 231 246 246 249 189 77 153 168 110 129 94 157 245 172 194 186 174 193 175 123 127 132 185 138 69 97 106 95 53 43 40 53 43 50 46 52 71 78 80 57 65 42 44 45 44 43 40 46 42 63 60 67 42 33 74 72 48 30 93 224 216 94 209 244 219 224 199 131 125 219 171 149 87 76 121 133 98 134 117 97 76 91 57 46 118 95 54 86 96 77 64 46 42 39 49 38 41 47 42 89 168 75 52 107 122 88 21 26 22 17 21 19 23 23 20 22 21 21 23 27 24 37 57 67 17 18 16 21 15 17 21 11 12 15 17 14 15 23 19 28 14 22 16 12 14 20 9 16 16 12 44 14 18 19 70 15 12 9 10 10 10 10 10 9 9 15 12 12 10 12 14 13 8 11 10 10 11 10 8 10 13 16 22 18 21 13 18 15 9 21 16 17 24 22 13 22 21 20 28 22 18 27 33 29 14 14 14 13 13 17 12 21 22 27 22 19 16 12 11 13 21 27 16 22 22 18 16 17 11 17 13 16 16 14 14 16 11 17 13 11 21 26 14 15 10 12 14 19 11 11 12 11 12 14 12 11 10 13 11 10 10 11 11 13 11 12 11 10 11 11 14 12 14 14 12 12 14 21 19 19 15 15 17 18 15 15 14 14 11 15 15 12 11 12 9 10 10 21 23 13 12 13 12 16 14 12 14 11 11 13 11 8 5 10 14 13 10 20 18 14 10 14 23 12 10 14 13 17 18 20 16 15 17 19 17 13 12 10 16 18 13 11 12 12 13 19 12 11 7 10 10 11 11 10 10 12 11 10 11 13 13 10 10 10 10 13 10 8 9 9 8 8 9 12 11 12 10 9 8 8 10 9 8 8 10 11 7 6 8 9 6 9 10 8 10 14 20 22 18 15 17 22 17 21 35 26 17 22 15 27 36 12 10 8 10 11 12 12 6 10 10 13 13 13 15 12 16 13 14 14 11 12 16 15 17 14 17 15 13 14 19 17 9 10 15 14 13 15 14 16 20 16 12 17 17 15 11 17 9 8 11 9 8 9 6 10 7 8 3 13 8
243 172 196 227 236 241 190 177 233 245 250 197 114 78 197 153 99 182 142 113 189 177 155 174 79 161 241 203 161 117 113 63 93 116 90 49 40 49 53 44 47 44 46 49 63 81 70 100 46 64 38 41 45 41 35 37 51 53 36 65 72 47 46 46 37 55 59 102 133 75 34 139 252 245 173 132 107 168 174 135 134 88 125 131 94 94 78 104 187 124 105 82 60 88 60 55 91 53 66 92 48 47 40 38 40 42 52 39 53 116 97 54 42 35 23 23 25 22 19 20 19 22 21 25 23 21 22 21 26 37 27 39 77 15 19 19 16 18 19 15 18 14 16 14 17 16 26 28 24 29 16 17 13 17 15 19 23 10 12 41 45 13 14 15 9 14 20 12 11 11 11 11 10 9 10 12 10 12 11 15 12 12 12 11 9 8 10 11 13 10 11 11 10 13 12 13 16 14 14 13 14 18 21 28 37 21 25 42 49 41 41 46 36 15 17 14 12 15 15 21 21 18 28 21 18 15 18 14 18 19 14 11 14 15 15 16 17 19 13 12 16 14 17 15 14 14 15 23 28 24 17 10 13 15 10 10 17 12 13 12 13 10 14 15 17 12 12 10 10 12 12 15 11 12 11 11 11 10 12 13 14 11 14 13 23 16 19 18 19 16 17 16 12 17 15 15 15 14 16 11 11 13 12 14 11 11 14 15 12 11 7 11 9 10 13 12 11 12 17 15 13 9 12 12 15 11 9 15 11 10 14 17 12 9 13 13 17 13 15 14 19 21 16 22 16 15 14 14 16 12 16 14 14 13 18 8 11 9 11 14 11 14 12 12 12 9 10 11 10 10 11 11 11 10 12 14 12 7 9 6 7 8 10 12 9 9 12 15 5 9 7 8 9 10 10 7 9 7 8 7 8 9 10 7 10 15 20 19 18 19 18 15 18 28 36 33 35 25 37 35 10 11 13 11 9 8 9 9 10 10 11 9 13 16 14 14 14 14 11 9 52 17 11 14 14 12 16 14 12 19 16 11 13 12 15 14 18 15 19 20 18 15 19 17 13 10 12 13 12 10 10 9 8 8 8 6 8 5 9 7
238 162 242 192 235 246 157 138 226 187 107 106 91 151 146 85 77 116 124 203 214 147 131 158 108 212 192 135 111 89 75 131 87 66 54 50 50 44 49 42 51 43 49 51 61 72 57 74 83 46 46 38 39 35 39 36 40 67 50 39 52 47 70 35 32 33 53 61 118 199 86 45 147 213 181 129 99 180 120 200 152 155 193 111 115 115 155 113 153 138 110 115 62 94 66 60 66 54 83 142 53 50 54 48 41 70 48 40 42 64 190 46 25 23 23 24 21 23 22 21 24 18 28 39 34 22 20 16 28 30 33 24 20 16 18 20 16 15 15 18 16 15 15 15 17 22 30 44 36 28 24 14 10 16 25 25 14 17 11 62 39 16 13 12 12 22 19 9 10 10 11 11 11 12 12 12 12 10 12 13 12 11 12 17 11 9 13 12 10 13 11 9 14 12 15 12 17 18 16 16 15 16 36 21 28 35 43 75 43 12 40 36 20 15 15 13 16 15 18 23 24 16 16 19 21 18 15 14 18 26 19 15 12 14 16 16 19 15 14 14 13 12 12 14 13 15 14 41 17 15 17 12 12 18 18 18 19 11 14 11 11 12 12 15 12 10 12 14 13 10 10 15 12 12 13 13 12 12 15 16 13 14 15 13 18 15 16 17 18 17 18 18 14 17 15 16 13 13 11 10 12 13 12 12 11 15 15 16 13 13 10 12 12 15 14 14 13 13 14 15 13 12 9 15 15 15 10 13 12 12 16 13 12 9 18 18 16 13 16 15 16 18 17 21 13 15 14 10 12 12 15 15 16 16 15 12 12 9 9 8 12 15 12 16 11 9 10 12 10 7 9 11 9 8 11 13 9 7 6 8 7 7 8 8 7 10 12 14 8 5 8 9 9 9 7 9 7 7 9 11 11 6 7 10 9 7 12 16 19 16 19 18 18 14 17 24 17 21 28 15 9 10 11 11 10 7 11 13 13 13 10 8 9 12 13 15 11 13 17 34 50 8 13 11 15 13 13 13 10 17 12 11 9 11 11 12 29 12 19 16 15 17 12 11 14 13 9 9 11 16 14 13 11 8 10 6 6 6 6 8
119 88 188 113 149 222 215 110 84 89 144 147 117 111 131 112 93 139 161 212 227 219 215 170 176 132 116 91 87 89 93 77 49 50 55 58 59 54 51 45 49 49 50 57 50 56 77 78 72 45 39 41 44 48 38 34 44 48 38 42 40 43 64 37 33 47 66 75 63 227 211 121 83 196 107 94 117 106 156 206 193 218 144 86 137 110 97 99 82 88 84 70 101 61 55 83 83 52 69 114 56 53 44 75 107 61 38 36 63 104 110 23 29 27 26 20 20 24 24 22 24 28 32 31 35 34 22 23 25 23 27 20 19 23 20 19 17 18 19 20 15 18 21 14 23 14 20 17 20 16 26 40 12 12 27 18 13 12 16 42 11 13 14 30 20 11 13 10 12 12 11 9 10 9 10 14 13 9 12 12 11 12 14 15 13 15 11 12 11 11 10 14 18 12 19 13 10 14 13 14 18 26 30 32 20 43 43 27 15 32 38 18 11 12 14 17 12 18 15 16 18 14 17 18 17 18 17 13 18 22 16 17 17 17 18 14 20 14 15 13 11 11 12 13 13 16 26 18 22 17 13 14 14 16 17 19 15 13 19 11 14 15 16 17 16 15 13 12 12 12 15 15 11 11 15 14 13 12 14 14 12 16 14 19 16 19 18 19 19 17 17 14 13 13 11 10 10 15 13 12 14 10 11 12 13 17 14 12 14 12 14 13 12 14 13 15 16 15 12 11 10 11 14 14 14 13 14 11 9 10 17 14 9 10 11 14 17 13 11 10 12 14 19 13 11 10 12 12 14 12 14 16 16 12 16 13 12 11 11 9 13 13 11 13 11 8 9 11 9 13 8 10 9 7 8 9 10 8 7 10 11 9 8 7 9 8 9 12 9 7 10 5 6 7 12 7 8 6 9 12 10 9 9 7 7 6 9 11 14 16 18 16 18 13 17 24 21 23 12 6 10 8 9 8 9 11 13 12 13 13 10 12 9 7 9 11 10 9 8 21 5 11 9 11 10 20 15 11 11 14 9 14 10 10 13 13 30 14 15 18 15 15 9 15 13 10 13 11 8 15 10 9 8 9 7 8 8 9 7 11
96 120 136 197 131 123 70 72 173 86 130 108 134 102 135 105 224 221 219 221 206 212 210 149 79 78 89 93 73 84 68 59 70 75 61 66 71 62 70 42 48 50 48 53 53 56 85 64 55 46 48 39 45 43 42 40 43 54 46 62 44 51 47 37 40 39 33 84 116 44 62 161 73 180 128 106 119 123 121 236 226 209 194 82 96 75 54 89 60 101 64 64 67 57 60 85 60 47 50 56 51 50 54 63 40 68 38 41 88 60 23 23 25 26 25 25 23 26 26 23 27 34 23 29 26 47 29 25 22 22 27 25 26 18 21 20 18 14 19 17 24 28 19 18 17 16 11 14 13 14 16 29 20 21 19 12 24 42 19 11 11 11 18 16 11 11 20 18 16 15 12 7 11 11 12 12 11 10 11 12 14 10 15 11 10 14 12 8 12 9 11 11 14 18 17 22 12 15 20 20 19 29 35 21 15 18 32 43 30 18 10 14 14 12 17 16 16 21 19 14 14 19 16 20 20 25 15 23 16 17 14 13 15 16 19 15 12 11 15 11 12 12 15 11 13 21 22 20 14 15 20 20 14 17 20 19 21 18 19 18 14 13 17 16 18 18 13 12 12 12 14 13 12 12 15 9 13 12 15 16 17 20 21 19 19 20 17 22 15 16 16 14 11 13 14 12 11 12 13 12 11 12 13 10 16 16 16 13 13 10 14 15 18 23 24 15 13 16 20 14 12 11 13 13 11 11 12 13 11 14 21 11 13 11 14 16 15 12 11 11 11 14 16 16 13 12 15 13 11 12 17 12 10 11 13 14 12 10 11 10 11 11 14 12 14 10 11 12 9 6 10 10 10 9 11 12 11 8 7 6 10 11 11 12 11 10 8 7 9 8 9 6 6 5 7 5 9 6 7 8 8 9 10 8 7 6 7 8 8 13 13 18 13 12 13 14 11 11 8 9 10 7 8 8 10 13 9 11 14 13 10 16 15 10 12 13 11 10 11 13 6 8 22 10 9 21 15 15 15 17 12 11 11 15 11 21 36 13 13 19 14 12 10 10 18 14 11 11 12 14 12 11 10 7 8 7 6 4 6 9
141 135 113 86 77 101 89 107 133 142 105 108 127 88 115 76 141 171 191 200 187 182 79 85 96 88 92 65 52 60 62 66 64 68 68 60 62 59 54 47 57 49 48 53 50 48 70 65 48 50 49 43 38 61 53 40 49 42 45 58 48 35 45 38 79 54 88 50 87 47 57 181 67 67 114 156 94 166 162 118 193 216 92 79 83 77 87 75 87 76 61 67 60 92 85 77 59 56 41 51 69 67 59 57 52 39 48 59 41 27 27 41 25 37 25 19 26 20 32 38 23 22 26 22 23 23 23 26 22 23 22 25 23 21 19 22 21 17 19 18 25 25 21 16 14 15 16 14 10 13 17 19 22 25 27 16 20 16 12 12 11 14 17 15 16 25 22 14 14 14 11 14 10 14 13 13 11 10 12 12 11 11 14 13 11 12 13 11 10 11 13 10 12 15 16 21 22 16 17 14 37 46 35 16 13 26 24 20 16 15 18 18 17 17 15 14 21 19 12 16 20 17 22 16 12 21 17 19 15 19 15 15 12 18 11 15 18 13 27 13 13 15 20 23 25 23 17 16 20 22 27 19 21 19 22 21 27 23 20 13 14 12 18 20 18 19 16 16 14 16 15 19 17 19 14 15 14 17 17 18 15 15 18 15 17 18 19 21 16 14 17 20 14 16 15 14 13 15 15 13 11 12 12 13 14 15 17 16 14 13 13 13 14 14 16 18 16 20 22 20 18 14 9 11 9 11 12 12 9 14 16 21 16 14 17 14 15 11 14 15 13 14 15 16 13 14 15 14 12 15 15 13 17 13 14 15 16 11 14 13 10 11 11 12 14 11 10 12 10 10 11 10 7 9 11 11 7 11 9 11 8 11 13 9 10 11 11 9 8 6 9 7 9 9 6 7 5 6 7 6 7 10 7 9 6 8 5 6 5 6 7 13 12 10 15 10 9 6 10 12 9 10 10 11 8 9 11 12 13 9 10 14 13 10 18 15 12 11 12 12 13 10 11 8 11 10 10 10 14 14 11 13 9 8 34 79 53 14 16 23 16 11 11 15 14 12 12 12 10 13 12 9 9 7 5 9 7 4 4 7
113 85 80 77 88 97 93 104 86 111 101 95 117 88 119 118 161 158 135 138 101 68 78 103 97 58 60 52 71 77 76 79 63 54 59 58 65 55 62 50 47 53 49 52 42 65 97 57 46 45 40 47 39 52 74 71 61 48 46 42 50 43 44 68 66 36 86 60 45 76 83 71 63 70 63 94 98 145 240 171 126 244 84 108 100 79 65 109 79 67 72 68 66 95 75 61 60 53 95 132 51 49 60 55 53 45 35 28 38 40 29 31 27 43 31 39 17 30 41 30 20 28 23 20 21 22 26 23 24 22 24 21 20 17 18 18 18 17 27 20 18 17 17 22 15 18 17 13 12 16 15 11 18 30 36 25 21 17 10 15 11 15 21 20 13 17 14 11 9 9 11 10 11 12 11 12 11 11 12 11 11 12 12 11 11 10 13 17 15 12 13 9 11 14 14 14 10 22 36 18 27 22 21 19 22 31 20 14 16 19 17 15 19 15 16 18 17 22 17 16 17 20 19 20 18 16 22 19 17 20 29 19 12 16 16 19 21 15 19 13 17 14 17 27 25 20 14 22 23 22 19 21 27 25 25 26 23 24 19 14 18 19 17 18 17 18 20 15 15 18 28 21 21 17 16 16 16 16 15 17 18 15 15 35 16 23 27 19 17 16 12 12 12 17 13 12 13 17 14 12 16 13 12 14 15 16 17 16 15 16 14 14 14 19 20 15 16 19 20 17 18 12 16 13 12 13 14 11 12 13 10 18 13 16 20 17 15 12 12 11 12 15 18 19 12 12 14 13 13 15 16 16 16 14 13 12 13 13 13 15 14 9 14 12 11 11 14 11 8 9 10 9 10 11 11 11 9 8 9 10 10 8 11 13 11 13 13 11 12 11 11 12 11 9 7 8 6 6 7 9 8 10 12 10 7 7 6 8 9 7 6 7 10 12 10 7 7 10 10 10 10 11 12 12 9 10 6 6 12 11 11 12 9 10 14 11 9 9 8 14 12 11 10 9 11 13 10 11 16 10 12 13 12 33 60 57 36 15 14 16 11 11 12 12 8 5 22 13 11 11 11 8 6 7 7 8 9 3 8 10
82 87 88 94 86 76 116 92 78 87 95 109 101 112 156 170 103 108 134 79 84 88 78 74 61 57 78 91 90 50 54 84 57 59 68 55 58 62 78 58 52 47 49 52 48 163 52 46 44 45 41 48 60 47 55 49 50 52 51 44 49 42 45 59 47 44 50 70 50 39 40 49 52 61 62 101 116 113 174 96 120 241 120 125 75 99 87 106 63 71 84 72 59 68 68 68 71 56 63 74 54 57 73 50 37 29 33 28 42 40 51 50 48 45 52 40 35 40 28 36 22 24 31 25 43 21 25 21 20 21 24 20 21 19 24 24 19 17 23 17 27 36 19 23 13 17 13 19 20 19 19 13 23 23 30 22 17 21 14 11 13 20 18 15 19 20 21 14 10 10 11 10 12 13 14 12 12 11 12 11 12 13 12 12 10 12 13 11 11 13 15 22 25 15 14 12 19 34 33 20 26 21 17 19 20 20 18 19 23 19 16 21 22 26 15 16 14 18 16 22 17 19 21 17 16 13 16 18 16 26 22 21 12 20 24 25 19 17 19 22 16 23 29 23 20 20 17 18 24 20 22 20 18 21 17 28 24 24 29 24 26 20 14 13 15 17 21 17 25 18 28 27 26 19 19 16 15 16 17 21 22 18 14 40 24 25 19 16 19 13 11 18 14 14 19 16 15 18 14 14 13 13 14 13 18 18 18 16 16 16 16 17 19 17 16 19 18 22 23 15 20 17 19 15 17 16 18 15 12 13 11 13 17 16 17 17 15 13 12 11 14 15 15 14 17 14 17 14 19 17 14 10 11 12 13 12 12 16 13 13 13 11 11 12 9 10 14 13 9 8 10 10 11 11 11 10 12 10 9 9 8 10 14 15 10 12 13 12 16 13 11 10 12 12 10 6 8 8 6 8 10 10 13 8 9 7 6 7 7 6 6 5 5 8 13 8 11 9 9 11 12 12 14 13 9 11 9 11 10 8 9 12 12 14 14 10 12 9 12 12 12 10 16 13 13 15 11 11 15 11 10 15 13 19 30 10 11 13 10 11 12 9 15 11 7 47 49 11 10 9 10 8 7 9 7 6 5 4 5 9
98 100 103 79 107 87 127 81 76 75 97 144 109 133 123 83 87 90 90 88 97 86 72 67 75 73 91 76 86 70 65 60 59 56 51 46 55 59 60 70 45 48 52 48 48 170 40 60 47 46 59 73 50 52 50 60 60 50 47 49 42 52 48 38 55 51 45 82 69 43 47 53 57 56 62 72 94 153 155 98 117 76 78 155 77 178 96 168 97 87 94 74 61 126 86 71 60 65 61 61 60 52 38 26 26 38 50 57 36 50 47 35 42 42 40 30 48 35 35 23 26 28 24 28 42 26 26 20 20 26 24 22 22 20 29 27 20 32 30 17 24 20 28 17 19 27 14 22 21 24 32 21 17 18 17 21 18 16 12 10 18 16 20 16 18 13 20 9 10 10 10 13 13 9 11 14 13 12 13 11 11 11 9 13 16 15 15 12 15 19 28 26 22 19 23 34 23 25 42 51 33 30 31 25 17 18 17 21 22 20 22 22 17 22 17 20 15 16 14 19 19 23 20 12 16 21 21 17 25 24 21 20 16 21 23 29 19 18 20 24 26 33 26 24 22 17 18 20 21 19 22 21 32 27 22 27 23 27 26 22 22 22 13 16 22 17 19 23 19 20 26 29 25 24 24 18 18 17 16 17 20 22 31 27 20 17 17 17 14 14 18 19 15 15 17 18 14 13 13 14 14 12 13 14 15 16 17 16 17 11 14 13 17 16 16 16 13 14 19 17 12 20 17 21 18 16 20 19 13 11 12 13 16 18 16 15 12 10 11 14 12 13 14 16 15 11 16 15 18 19 16 12 15 15 15 11 12 15 15 12 11 11 12 12 10 10 11 15 12 7 9 13 12 12 12 11 13 14 10 9 8 10 12 10 8 10 11 11 14 10 11 7 10 10 12 10 7 10 7 9 9 9 10 10 7 8 9 9 5 6 8 5 5 5 6 11 12 8 10 10 10 9 13 10 9 9 9 8 7 10 12 11 10 11 14 10 10 13 12 11 11 12 14 14 18 17 15 11 16 11 15 15 15 18 17 12 15 12 16 14 15 14 12 15 12 12 8 7 8 7 10 8 6 9 9 10 8 10 13 9
95 82 103 87 87 74 102 89 74 110 133 148 119 94 80 94 99 100 106 100 89 61 69 76 89 75 85 73 70 66 93 65 53 58 53 48 57 63 65 71 57 44 52 46 85 115 50 55 62 64 81 71 74 76 66 68 53 56 70 54 43 45 51 42 44 65 46 48 46 43 43 45 51 57 58 72 58 147 127 134 110 87 73 46 90 89 115 96 117 94 104 85 146 146 95 75 68 83 64 85 70 43 29 26 45 68 73 66 54 52 32 25 23 38 40 56 46 37 48 30 28 34 43 45 40 32 23 22 21 23 25 19 24 20 25 24 22 31 24 28 36 50 32 17 29 34 25 36 17 35 37 29 16 13 19 23 17 15 21 20 16 16 20 18 17 11 13 9 9 11 12 13 11 9 14 18 15 13 12 14 11 12 16 11 10 25 12 16 14 12 17 26 19 18 26 25 37 25 40 49 34 32 22 16 20 18 18 24 22 26 22 24 23 21 23 17 16 17 19 22 24 21 15 18 22 19 21 17 23 14 19 18 13 17 23 26 19 15 18 32 34 26 26 22 15 24 22 21 20 21 21 20 28 28 26 27 31 28 29 25 20 19 18 16 18 15 18 17 19 16 23 24 21 18 24 18 23 20 17 16 17 19 30 24 22 16 16 16 16 17 21 13 13 18 23 21 18 15 16 14 14 15 14 17 14 18 17 15 16 11 11 11 16 15 17 13 12 9 12 16 14 16 19 21 17 14 18 15 18 16 15 18 17 15 16 13 10 11 12 13 16 14 17 22 21 16 19 21 20 19 17 18 19 17 18 16 16 15 16 14 12 12 15 12 10 9 10 15 17 10 9 10 11 13 10 11 12 12 10 8 12 11 11 10 9 8 10 9 14 12 11 11 17 13 14 14 11 8 9 8 8 8 10 8 9 11 9 10 7 6 4 5 5 7 6 6 8 11 12 10 10 12 14 11 8 9 9 9 12 9 10 9 10 10 13 11 15 12 12 11 11 13 11 13 21 20 22 16 15 13 18 16 14 15 19 11 12 13 13 12 11 9 14 12 10 13 9 7 6 6 6 6 7 9 9 8 5 3 9 11
95 89 83 81 80 87 103 81 101 110 146 115 94 97 99 112 98 92 94 97 72 69 71 82 87 70 74 59 71 69 83 64 74 68 52 54 56 59 65 64 71 54 48 55 84 84 60 80 82 77 69 72 76 59 63 62 56 51 55 56 47 39 42 45 46 53 51 52 50 95 67 46 43 50 57 71 80 78 111 123 88 82 71 60 192 95 103 95 107 109 98 94 102 144 75 68 73 72 63 33 50 109 52 36 62 83 74 53 37 39 29 28 30 37 35 42 36 33 38 26 27 32 49 33 30 34 28 22 21 24 27 28 22 20 26 22 22 17 22 27 23 21 17 12 15 16 24 23 16 21 26 26 20 16 20 17 20 19 20 20 20 17 19 16 12 10 9 14 12 12 20 13 9 10 19 22 12 15 11 17 13 13 16 17 17 20 19 14 17 14 30 22 21 25 29 36 36 52 48 39 30 29 19 18 21 16 20 20 24 22 22 19 21 24 25 18 16 18 21 24 22 22 21 25 18 17 18 16 17 13 19 15 13 15 21 24 17 20 24 42 32 24 18 20 19 21 22 22 18 20 18 18 25 21 14 23 23 25 28 23 27 19 21 20 20 16 14 14 20 19 19 18 17 19 23 25 30 29 23 18 17 28 24 25 20 19 18 16 22 25 17 12 14 11 19 13 21 15 19 16 19 15 16 16 18 19 17 18 15 12 14 14 12 17 15 16 12 12 13 15 16 19 21 19 17 10 12 14 18 16 16 17 17 18 18 12 9 10 11 13 14 16 21 26 24 23 21 21 20 25 19 15 16 15 14 16 12 15 18 17 15 13 14 12 9 13 12 17 16 10 15 17 10 10 9 12 11 11 13 8 20 18 12 12 12 9 9 8 11 9 11 11 15 14 13 12 9 7 8 7 8 9 8 8 8 10 8 9 11 8 5 5 6 8 7 5 6 4 6 9 9 18 21 21 10 10 10 11 18 8 10 9 14 15 13 8 16 13 12 13 18 16 17 17 17 19 22 17 15 13 16 11 12 12 12 11 13 13 10 14 11 14 17 10 10 8 7 5 7 7 8 8 7 4 7 8 4 3 5 11
89 86 89 84 85 102 83 104 118 106 110 100 106 115 112 99 102 99 88 77 60 70 79 78 86 75 74 82 85 84 76 66 70 61 67 53 66 56 62 67 70 65 61 60 123 101 67 87 84 75 74 78 57 56 63 59 46 49 66 67 77 43 45 47 49 51 59 46 62 71 188 114 55 57 70 77 92 69 88 77 86 95 65 134 119 84 92 95 111 114 102 86 151 109 63 65 70 68 65 64 69 60 52 53 76 70 44 33 44 31 30 39 30 35 36 27 31 36 39 32 25 25 39 35 32 39 30 22 24 24 25 24 27 26 21 27 17 20 26 21 18 18 17 13 18 19 34 21 35 46 35 24 23 18 12 29 33 17 22 22 26 23 20 15 11 12 14 15 15 15 21 13 15 16 19 18 14 14 12 14 15 16 15 17 32 31 26 16 18 23 23 22 22 33 42 23 29 31 37 37 23 26 21 19 22 16 19 23 29 28 23 22 26 23 24 20 21 20 23 24 19 22 22 20 20 16 15 18 15 19 27 25 21 19 28 33 28 27 45 29 33 23 19 20 16 17 21 23 26 20 17 21 21 19 19 17 26 23 29 27 30 25 21 22 19 17 16 17 24 21 18 19 17 19 22 31 30 38 28 20 30 27 27 26 24 18 22 21 22 22 20 17 20 18 16 14 16 10 18 18 21 18 18 18 20 20 18 20 18 14 16 15 15 14 18 19 17 16 15 19 17 17 17 16 13 11 12 12 14 17 21 18 19 21 10 13 14 15 16 18 17 22 16 21 24 27 13 11 10 8 14 17 18 14 19 18 19 21 19 16 18 16 13 11 14 10 14 16 18 14 13 10 14 11 9 12 13 14 12 10 12 10 16 15 9 11 12 8 12 11 12 13 11 13 12 12 8 8 10 11 8 7 6 7 9 9 9 8 10 6 9 7 8 8 6 6 4 6 7 9 8 12 10 13 11 10 9 10 10 8 11 12 12 13 13 9 16 12 11 13 12 14 11 12 12 16 11 10 16 9 12 11 10 13 12 11 11 10 9 13 11 11 10 5 7 7 8 6 7 7 8 9 11 8 10 6 6 4 8 5
89 90 83 101 98 102 95 100 107 115 104 123 116 109 104 94 86 84 66 85 83 73 82 88 78 94 78 87 79 87 87 73 59 63 61 51 54 53 63 66 73 65 69 74 142 91 94 83 80 76 81 68 73 88 66 59 54 45 51 47 49 50 47 57 49 56 54 51 45 41 180 227 127 52 58 69 98 92 80 75 82 85 75 117 121 104 96 96 113 114 113 106 147 116 72 77 58 51 61 55 46 32 52 78 57 32 35 36 26 24 31 33 34 30 26 42 49 43 37 33 41 28 30 23 25 24 28 36 32 30 32 23 27 35 20 38 23 47 41 23 20 20 19 21 20 24 23 55 69 30 21 23 15 19 31 44 38 15 20 26 26 27 16 10 14 15 11 16 13 14 16 17 14 19 16 13 14 17 10 13 17 25 25 27 37 37 36 24 25 31 27 33 31 31 30 24 28 28 19 25 25 22 21 20 17 19 17 25 28 28 28 26 27 30 24 25 23 21 25 24 24 22 21 20 21 19 17 17 15 29 38 31 26 21 29 33 25 38 31 25 29 23 27 18 23 27 27 25 25 17 19 21 25 22 22 26 24 20 37 35 28 24 25 21 21 22 19 17 20 15 19 28 26 30 30 29 33 26 33 32 32 20 31 23 17 21 21 28 32 28 22 23 20 17 14 15 16 19 23 20 18 20 18 18 19 20 19 20 20 18 20 18 14 17 21 19 18 20 17 19 18 21 19 15 13 12 13 15 17 14 19 20 17 18 16 17 13 13 16 18 20 24 24 24 21 13 11 12 12 12 14 16 18 17 16 15 17 20 16 14 16 15 14 16 13 14 17 18 15 19 17 14 14 11 11 11 12 10 11 11 8 10 13 11 10 10 11 9 13 11 13 13 10 12 10 11 11 9 10 11 9 7 10 9 8 9 11 11 11 10 7 10 8 6 5 9 9 8 7 7 8 10 10 15 13 11 10 12 15 13 11 13 15 13 18 13 17 12 12 14 13 17 17 14 15 13 14 12 12 8 12 10 11 9 10 12 10 8 13 13 9 9 9 8 7 13 9 5 8 9 10 11 9 8 7 6 6 5 6 6
104 103 106 100 99 85 97 98 120 119 106 109 113 91 84 78 85 96 91 90 72 75 90 88 103 98 100 100 88 83 86 74 64 73 61 51 57 58 67 76 75 79 80 74 114 76 89 86 84 67 68 69 63 60 65 56 52 58 57 52 53 58 48 52 63 76 67 67 72 50 97 113 108 69 75 76 70 64 76 70 78 81 70 76 103 132 107 94 105 111 122 93 183 185 68 67 41 56 72 41 34 55 56 40 37 41 40 34 26 33 36 37 26 29 31 31 44 36 28 35 32 30 31 26 48 25 36 50 41 30 32 25 33 30 35 47 17 33 22 18 22 22 24 20 41 54 43 35 21 17 19 18 22 28 33 31 30 21 26 26 16 16 14 14 18 16 15 13 14 19 27 20 12 18 13 15 14 14 15 26 36 28 28 38 39 39 40 30 35 28 28 37 33 38 39 37 30 22 21 32 21 22 20 20 18 20 18 29 35 25 29 24 25 32 28 31 31 31 32 29 22 22 21 20 18 20 16 23 21 23 28 25 22 23 27 35 43 43 23 22 25 30 24 25 26 23 26 32 31 26 21 26 30 24 25 33 37 35 30 25 27 20 19 21 24 26 16 20 21 21 21 23 27 33 36 33 33 26 33 31 34 42 24 20 20 21 24 28 27 35 32 30 20 20 18 18 20 25 28 25 17 19 19 19 23 22 27 26 24 19 19 17 15 17 20 23 24 24 19 22 18 16 15 16 12 14 14 18 18 20 21 21 13 22 22 16 17 18 16 19 18 22 28 25 17 13 12 11 13 13 17 17 18 19 13 15 18 18 14 13 12 16 17 18 17 16 16 18 14 15 14 16 11 14 13 16 15 13 12 10 12 10 13 14 11 11 13 13 14 13 10 10 11 12 13 11 9 10 12 10 9 9 9 9 6 8 10 10 8 10 12 11 9 7 7 9 8 8 9 8 11 11 9 10 11 12 16 12 15 15 14 12 11 13 20 16 17 15 11 12 12 14 15 12 19 16 18 16 12 12 14 10 10 9 13 10 10 11 12 13 9 5 11 5 6 10 8 9 4 6 12 6 9 9 7 8 7 3 6 8
110 118 114 128 181 136 105 113 104 109 82 80 85 74 84 78 101 107 103 68 70 59 79 92 109 106 100 85 79 83 80 75 74 65 71 61 57 67 70 71 72 77 75 85 99 105 97 96 83 80 85 63 62 59 61 56 55 47 63 74 48 54 55 48 63 62 62 60 81 66 66 100 92 86 63 79 152 143 72 80 75 70 74 72 69 104 159 102 110 104 122 114 183 242 163 99 46 45 49 66 47 58 40 45 32 38 34 25 35 40 38 52 46 34 36 35 36 42 36 52 48 31 34 29 31 23 40 36 29 29 31 40 42 33 24 27 17 22 69 54 65 31 21 17 40 51 38 19 22 21 30 24 25 31 23 24 28 26 20 18 12 15 18 16 14 14 16 10 12 18 19 13 15 16 12 20 24 19 21 19 15 17 17 21 29 32 40 36 23 39 33 27 33 29 44 42 28 28 22 23 22 28 28 26 19 20 24 29 32 27 23 28 26 31 30 35 32 24 28 23 23 19 20 19 23 25 21 26 24 25 25 19 22 29 43 57 54 25 24 16 27 31 25 20 24 33 30 40 42 38 39 31 25 28 29 44 32 25 27 30 27 18 18 25 30 24 20 29 25 27 26 24 28 31 35 38 35 21 29 28 34 42 28 31 31 25 23 20 31 23 24 26 26 24 20 17 18 26 26 20 16 15 19 19 29 26 26 25 32 27 23 18 16 19 15 24 23 22 23 16 21 18 16 15 12 13 20 21 18 19 17 15 15 21 18 18 18 15 17 21 23 23 21 24 17 15 15 13 12 16 24 18 17 15 18 18 20 18 16 19 17 18 19 23 19 16 18 16 18 19 15 12 11 13 13 14 12 12 15 15 16 13 14 17 13 14 17 17 14 16 14 13 11 13 11 11 11 10 11 9 9 9 9 9 9 7 7 10 10 11 15 12 10 11 14 11 10 12 9 8 9 10 13 9 11 13 18 17 14 15 13 13 16 16 16 15 17 14 12 13 12 10 12 15 19 18 15 14 14 18 15 13 13 12 9 10 10 15 13 13 7 8 11 7 9 7 9 7 6 8 10 9 9 8 11 9 8 5 7 6
119 129 137 151 115 108 97 96 77 89 76 84 81 96 90 91 111 120 112 73 76 87 89 66 82 90 84 90 93 86 89 80 64 60 64 60 65 69 68 65 77 76 74 131 105 101 107 109 92 94 81 70 62 63 67 64 69 50 60 70 65 54 57 51 87 64 53 51 63 73 72 113 89 104 95 68 146 201 106 92 91 71 81 90 79 68 105 116 110 114 114 126 125 234 132 79 53 64 66 49 53 52 42 34 40 35 32 38 47 61 60 53 68 42 51 41 66 45 31 32 59 44 28 50 58 34 41 46 35 34 34 54 49 32 26 12 66 94 126 93 72 20 41 69 77 31 21 23 22 23 32 33 39 33 26 32 21 19 12 17 19 17 16 12 16 17 14 17 18 17 15 16 17 18 15 25 21 17 18 27 47 46 45 22 16 21 36 25 27 46 34 30 45 44 44 30 35 27 22 23 25 28 28 23 27 25 26 31 24 24 29 26 26 33 36 37 32 31 28 26 23 29 28 31 31 26 28 29 24 25 26 25 22 38 77 56 33 29 24 20 20 22 33 35 40 41 39 33 36 33 37 31 33 28 28 30 31 33 31 23 24 24 19 27 24 20 27 30 26 36 33 32 29 27 28 30 26 38 37 28 28 53 32 30 19 20 25 19 18 21 19 25 27 25 17 20 21 21 23 26 21 27 25 27 27 24 29 21 26 31 24 24 19 16 14 19 23 22 20 21 18 14 14 13 17 20 21 21 25 21 19 20 18 20 19 20 20 18 19 21 21 19 23 19 14 15 13 12 15 15 19 17 22 14 17 19 17 16 15 18 17 17 17 20 16 20 14 14 15 12 13 14 15 14 14 13 15 11 15 20 20 15 12 13 11 16 20 17 17 16 14 16 11 12 12 11 10 11 15 16 9 8 9 7 9 10 12 12 14 12 13 14 13 10 11 12 9 11 12 14 12 10 14 14 12 9 13 17 21 22 16 15 13 19 20 18 18 16 15 13 14 13 13 13 26 16 20 25 13 15 9 13 13 12 8 11 9 14 11 12 8 7 7 8 13 8 11 6 5 7 7 8 14 13 18 13 9 7 10 10
162 126 139 131 94 86 92 80 78 102 103 91 89 99 106 111 112 115 106 81 70 66 66 65 103 103 107 102 95 80 81 84 84 78 80 65 63 66 73 72 80 81 94 172 91 113 100 106 102 83 69 69 72 64 72 70 68 76 68 73 66 59 56 75 74 57 62 58 66 65 64 73 92 97 117 109 62 98 117 93 87 77 87 119 103 79 101 105 115 142 153 128 171 100 47 41 69 72 47 46 43 44 40 39 40 32 39 66 56 61 64 38 66 44 60 60 60 44 30 40 36 37 34 44 35 32 41 49 57 42 36 61 31 42 30 84 145 129 100 92 67 55 78 36 35 18 25 20 43 47 52 35 40 33 36 25 17 16 17 23 20 14 15 15 16 15 15 17 17 17 17 15 15 18 13 17 19 29 35 35 52 46 25 15 28 39 25 23 29 30 33 34 42 39 35 40 30 20 23 23 24 23 25 24 27 33 27 36 29 32 39 30 38 40 40 34 34 28 24 24 25 26 23 25 25 28 24 24 27 27 28 30 48 62 54 44 41 31 37 23 26 37 43 40 41 35 41 42 35 40 37 35 30 27 29 31 30 33 30 32 30 27 23 21 26 33 31 37 35 34 34 31 30 31 31 32 32 38 42 23 40 37 27 26 30 29 37 30 24 20 18 30 26 25 24 20 17 19 28 27 20 32 35 31 28 23 27 25 25 28 28 23 22 19 15 18 27 24 21 24 15 12 15 14 18 19 27 25 26 14 17 22 20 19 22 22 22 25 20 19 18 17 22 16 16 17 14 13 18 18 19 21 19 16 20 21 18 19 17 17 15 16 18 21 18 20 16 12 15 11 12 12 12 11 14 14 14 14 17 20 22 20 15 15 14 14 14 12 14 15 12 12 12 10 14 10 12 14 17 16 12 9 11 9 9 10 12 12 10 16 13 13 14 14 8 10 14 10 10 11 12 12 14 18 16 13 15 15 18 23 17 16 15 17 18 16 15 18 21 17 17 15 16 16 19 19 22 23 16 18 13 14 17 14 12 12 9 11 12 12 11 8 9 6 9 7 12 7 4 6 8 7 7 11 16 13 11 7 9 10
175 208 146 82 90 104 106 104 104 99 93 88 105 109 109 111 113 90 76 65 69 61 61 99 105 108 103 96 98 95 88 80 79 65 63 68 69 72 73 79 78 81 80 155 94 97 105 103 91 65 74 72 71 58 61 65 63 76 71 76 62 67 57 73 62 56 66 63 61 63 90 78 76 83 94 109 93 87 90 106 92 68 82 123 99 105 100 83 85 115 139 126 110 57 55 52 57 54 45 44 48 44 42 40 36 40 47 53 41 51 66 53 64 66 72 65 67 54 46 47 33 32 37 57 47 68 75 49 54 39 60 92 53 56 32 45 74 65 45 54 30 43 34 22 26 24 21 23 28 37 41 23 32 30 25 16 18 21 18 18 18 18 21 21 19 20 20 19 17 16 19 19 21 21 22 27 26 29 32 43 55 31 19 32 42 42 30 34 28 28 29 35 26 38 42 27 23 24 27 24 26 26 25 26 29 29 31 35 33 35 40 40 37 37 35 41 41 28 32 24 26 22 24 25 35 36 36 27 29 33 37 34 50 37 41 41 35 37 35 25 27 30 32 42 45 41 43 35 37 41 43 42 38 30 31 32 34 32 30 33 24 25 25 23 26 31 32 33 34 37 36 37 34 33 36 31 32 35 30 34 40 29 26 32 35 42 33 32 29 30 23 29 31 27 26 20 13 25 38 34 39 32 34 36 28 31 30 31 24 27 28 24 26 23 19 17 19 25 23 22 16 14 12 13 21 20 24 23 13 20 20 22 24 24 27 27 27 23 22 20 23 21 19 16 18 19 17 13 20 23 23 34 18 18 22 20 17 17 18 17 15 14 17 21 15 18 12 15 13 14 16 13 12 11 14 15 12 13 13 15 12 13 14 14 17 18 20 12 14 15 17 17 16 16 14 13 9 12 10 11 13 13 12 9 11 13 10 11 12 12 14 15 17 17 13 17 13 12 11 11 11 13 13 11 10 8 13 12 14 15 13 14 14 12 19 20 15 17 15 14 19 18 15 20 19 18 19 16 12 16 14 14 22 17 16 13 13 12 11 12 12 7 14 16 8 7 10 7 8 4 9 7 6 8 11 9 8 12 9 11
166 103 101 112 106 103 114 110 112 121 117 120 114 117 117 111 109 111 112 76 75 88 110 87 102 101 93 92 94 96 95 80 71 71 68 73 70 75 72 73 77 78 181 108 105 116 92 91 81 71 73 75 68 62 60 68 67 69 74 70 69 73 59 64 64 61 68 66 63 66 83 107 85 78 73 80 92 103 105 76 100 106 85 122 95 102 118 106 86 84 104 154 65 67 63 66 54 48 51 47 45 42 45 38 40 48 52 39 42 60 67 74 68 71 88 63 86 63 50 38 38 37 31 35 31 67 73 43 31 25 55 67 77 96 26 43 62 52 39 36 86 22 23 24 20 21 18 22 27 28 23 36 22 24 21 18 19 17 19 19 19 21 17 18 18 18 18 18 18 17 14 21 24 23 22 32 32 26 29 33 38 21 27 29 39 30 37 40 43 42 42 26 29 26 21 28 27 28 27 28 29 24 24 31 28 30 31 38 32 34 37 38 41 41 38 32 38 29 31 25 22 23 33 37 36 35 42 27 36 45 62 48 35 52 46 36 32 32 24 26 30 34 34 29 36 40 49 37 28 41 38 42 36 37 35 30 32 29 32 30 28 26 30 33 32 35 37 38 37 39 38 38 40 36 35 34 28 27 32 49 36 29 31 26 34 40 29 26 31 33 26 30 31 35 30 30 28 26 30 43 36 25 32 28 32 34 32 31 33 25 25 27 29 26 20 15 21 26 24 24 16 15 17 18 23 23 22 17 18 21 21 23 19 24 27 23 24 26 27 30 27 25 22 16 14 18 15 16 20 20 21 26 20 17 21 16 16 16 17 16 15 13 16 16 15 14 13 13 13 14 15 12 14 14 13 12 11 11 11 14 13 11 11 14 17 24 21 17 22 17 17 17 16 15 16 15 16 12 9 11 11 12 12 12 14 11 11 9 8 10 12 11 11 11 13 13 15 14 18 25 20 19 19 19 15 12 14 11 16 15 16 14 13 11 17 18 19 22 16 16 18 19 17 19 22 16 22 17 17 15 12 16 16 15 16 13 13 11 17 11 13 9 17 11 7 8 8 9 9 6 11 8 8 6 8 9 8 7 7 7
106 118 118 119 120 105 121 114 108 119 113 129 129 128 121 110 114 103 95 108 115 109 115 106 105 105 92 89 92 93 86 89 80 77 74 75 75 76 78 78 88 111 158 115 101 116 86 94 77 74 73 73 73 72 70 62 62 68 68 73 73 74 62 72 65 68 65 68 72 73 71 92 99 106 93 90 86 88 99 95 81 96 101 90 98 88 90 99 79 82 84 65 81 60 72 56 52 53 55 53 47 49 51 44 38 47 66 45 43 67 59 61 53 53 67 59 58 45 45 44 41 38 41 50 43 56 39 34 41 44 74 94 58 30 31 37 91 37 38 51 23 22 27 17 19 23 37 31 28 33 27 19 21 19 24 18 18 20 23 18 19 16 21 24 18 18 18 18 18 17 21 26 19 20 25 39 27 29 26 24 26 32 53 30 44 47 47 38 29 25 28 23 23 28 30 27 25 28 34 31 30 26 32 34 31 28 38 34 32 34 32 29 32 39 35 35 35 29 34 27 25 27 33 37 32 38 34 35 38 42 44 49 39 35 44 44 33 20 26 29 31 31 33 28 31 38 38 40 40 38 31 39 36 36 39 36 36 31 36 36 33 35 31 34 35 38 43 46 40 40 40 38 36 36 34 35 40 25 40 52 29 31 34 30 39 41 28 25 27 27 27 28 25 26 29 29 32 35 32 38 32 30 34 30 36 33 31 35 35 30 26 28 31 26 19 19 26 34 26 24 20 27 23 25 24 16 22 18 22 23 24 24 21 22 21 20 18 18 23 22 26 25 24 21 19 18 14 17 17 20 24 26 19 20 20 20 18 17 16 13 15 15 17 17 18 16 16 15 14 13 15 13 13 14 13 12 15 13 12 14 12 13 12 11 12 12 13 13 17 21 21 19 19 18 18 19 21 19 16 10 9 11 14 16 11 16 12 11 10 9 11 12 12 10 12 12 13 11 14 19 22 18 15 14 13 15 13 15 18 17 13 17 13 13 16 17 13 17 13 14 18 13 13 16 20 12 18 16 15 12 9 13 13 13 15 13 13 8 15 14 12 8 14 7 8 9 6 8 10 6 9 8 9 8 8 5 5 4 8 8
129 123 119 116 121 123 130 129 126 127 122 118 113 122 116 102 96 100 103 115 111 109 100 102 101 93 95 83 91 82 87 89 77 81 74 75 78 79 89 81 77 110 107 117 117 103 86 79 83 73 76 71 76 69 72 75 68 73 78 75 71 74 62 77 77 74 71 72 73 77 78 77 89 87 104 120 117 97 93 87 97 87 91 102 115 101 87 75 73 74 101 93 79 69 65 66 63 58 50 50 46 45 52 43 39 48 40 43 53 50 56 57 53 63 113 48 39 39 63 64 55 39 41 43 34 34 37 34 63 95 104 88 73 38 36 31 40 34 29 32 29 25 16 25 33 44 39 25 30 21 26 23 21 21 23 20 20 21 24 22 21 21 19 18 19 20 20 19 20 22 24 23 20 24 29 26 27 21 23 24 44 33 45 30 37 36 27 22 26 27 22 28 30 26 28 33 32 33 32 31 36 35 30 33 35 32 31 34 37 33 28 29 28 32 36 41 33 36 32 32 28 33 37 42 33 38 35 37 38 38 43 44 28 45 48 29 24 26 32 38 35 34 33 32 34 31 40 40 40 36 40 41 42 45 37 37 35 34 37 34 38 34 36 36 38 39 45 47 46 45 46 42 41 40 36 42 40 37 64 37 28 33 39 25 32 34 25 28 31 32 21 27 24 25 29 32 32 35 32 35 32 29 34 33 38 34 29 29 35 28 33 30 28 29 27 31 32 31 27 25 23 27 26 30 20 17 18 22 22 25 26 24 26 26 21 19 18 20 22 21 17 15 17 19 21 23 24 24 14 19 20 20 18 18 20 19 18 19 18 14 15 18 15 17 17 17 14 13 15 14 16 15 13 14 12 14 13 12 12 17 16 16 16 13 15 17 15 15 15 18 26 16 21 21 15 19 18 20 20 12 12 15 16 16 15 14 13 13 13 14 16 15 15 13 15 17 18 16 13 12 16 14 13 12 12 11 15 13 13 14 14 12 13 13 14 13 12 14 12 12 12 11 13 15 12 13 14 11 9 11 11 14 11 8 10 9 12 12 11 10 14 9 13 11 12 10 8 8 11 10 12 5 6 3 5 6 6 7 8 8
128 126 114 124 120 109 131 130 132 119 92 101 119 114 101 97 99 113 109 108 91 97 100 91 104 84 76 88 85 82 90 82 79 83 81 80 81 89 94 87 104 105 104 109 96 88 79 71 81 74 76 77 78 73 74 80 77 75 78 78 93 84 67 75 85 77 76 68 74 83 86 75 83 79 94 110 125 129 117 105 86 91 94 94 105 110 112 85 74 80 81 65 59 58 64 55 52 48 56 58 50 51 44 42 64 40 44 51 49 52 59 57 51 73 100 71 56 79 101 110 86 83 47 43 73 79 71 42 58 50 39 37 31 35 33 36 34 36 24 23 24 31 33 43 28 34 28 26 27 21 21 20 21 21 23 23 23 26 25 20 21 20 19 22 18 18 19 22 21 21 24 23 26 27 22 23 23 30 33 28 31 21 24 23 23 22 28 24 25 26 32 30 30 35 31 33 32 34 35 36 30 34 34 30 31 32 32 33 33 32 33 33 28 32 47 38 42 37 27 35 35 34 36 40 38 34 37 32 32 40 47 43 32 46 32 23 25 30 40 37 36 32 41 36 39 33 38 36 40 53 52 41 50 46 42 39 37 39 40 40 38 39 48 40 43 48 47 49 50 51 52 48 46 41 43 44 51 55 61 33 31 39 34 25 27 27 25 24 29 27 23 32 28 25 24 31 26 27 24 23 23 25 35 35 40 37 36 36 33 32 34 36 31 33 37 34 31 29 27 34 35 31 31 29 22 20 23 22 19 20 25 20 19 19 20 20 20 25 19 20 22 18 21 24 22 20 22 24 22 24 14 14 18 16 23 21 18 18 19 16 18 21 17 17 14 15 18 15 17 15 18 15 16 17 18 18 20 21 17 15 15 18 18 15 17 12 12 11 15 23 23 14 16 18 17 13 11 18 18 18 16 18 16 12 13 10 8 9 11 12 12 10 8 8 9 8 9 11 9 9 10 10 9 9 7 8 10 11 11 13 12 13 11 13 11 15 14 13 17 16 12 16 17 18 18 18 19 14 14 17 12 14 13 10 11 9 11 13 9 12 9 9 12 8 11 10 9 7 11 13 13 12 10 9 6 6 4 4 5 7
117 117 103 108 105 113 109 104 97 108 88 92 116 119 108 109 116 108 97 90 92 86 97 96 91 88 88 89 84 88 82 76 81 84 87 89 86 91 95 92 132 108 98 92 91 84 82 80 82 81 79 70 77 82 76 79 81 74 75 81 80 94 90 82 83 79 80 77 69 72 87 88 76 76 81 96 122 112 135 131 110 97 107 100 95 90 93 86 70 68 67 62 56 59 58 50 53 48 52 52 54 50 33 57 56 38 56 41 57 45 68 60 69 97 101 102 104 86 112 97 58 66 46 42 43 37 37 40 41 43 40 41 39 38 39 40 41 35 32 31 33 47 40 42 32 23 27 25 25 26 26 26 24 28 26 23 24 22 23 20 21 23 27 26 28 26 23 24 22 20 20 23 33 24 23 36 25 30 26 22 24 23 23 22 22 26 28 26 26 31 28 30 34 34 34 34 37 36 39 35 33 40 35 31 35 33 37 35 36 38 32 32 35 33 42 41 33 36 39 41 42 44 45 46 45 43 40 34 41 50 48 39 31 32 30 30 30 26 35 39 40 43 39 38 39 37 40 42 42 44 43 42 39 39 44 37 44 39 40 39 43 49 50 46 45 47 44 47 51 52 49 51 49 51 48 49 41 46 46 45 41 39 36 35 30 33 28 22 25 36 34 29 31 25 27 26 27 27 28 27 26 28 33 32 41 41 27 32 34 37 36 38 41 35 37 38 37 35 32 34 34 27 29 23 23 24 23 23 23 19 21 20 21 18 22 22 18 24 25 21 22 22 21 23 21 22 20 22 22 23 19 21 21 24 23 23 18 20 20 16 16 19 20 19 14 14 17 18 16 16 18 17 16 18 19 18 14 14 16 15 11 12 12 12 14 15 14 17 13 10 13 12 10 7 9 12 10 12 12 11 13 8 9 9 11 9 10 13 9 9 12 9 16 10 11 16 14 13 13 13 11 13 14 11 14 11 15 15 16 16 14 15 16 16 14 15 15 14 16 15 11 13 14 16 17 18 17 14 15 13 15 21 12 10 12 10 9 12 10 12 9 9 11 10 10 8 12 9 14 14 8 9 9 7 4 6 4 4 5 5
118 105 116 118 104 99 98 114 106 105 89 98 111 118 108 107 97 97 94 94 101 92 97 92 88 86 88 82 78 80 86 89 89 88 91 89 94 96 95 100 106 94 81 87 82 86 87 89 85 80 88 84 73 87 85 85 84 89 98 91 90 103 99 106 98 91 86 74 74 76 86 95 91 79 79 86 94 93 113 120 120 107 125 101 85 86 92 83 81 83 68 59 56 53 58 60 50 48 48 58 56 43 54 81 42 41 62 44 72 56 78 62 72 96 106 102 92 73 63 54 40 43 37 38 37 38 42 44 38 37 37 39 44 39 40 40 41 38 36 31 37 32 33 31 24 25 30 29 25 30 31 30 25 27 26 27 25 25 25 22 22 22 25 28 21 24 25 26 21 19 25 32 27 22 23 24 25 22 24 25 23 25 31 26 26 26 28 32 30 32 33 35 35 35 37 37 38 35 38 39 39 36 37 35 39 35 41 39 37 36 34 31 34 32 38 38 32 38 47 47 47 52 44 46 52 46 44 57 62 58 46 32 34 33 33 30 27 35 35 41 42 40 40 39 34 44 47 46 41 39 41 45 48 46 45 46 46 43 47 50 50 49 52 51 58 52 53 56 56 55 54 52 54 47 52 56 48 46 49 55 50 45 48 51 33 35 36 34 30 33 41 41 34 29 34 32 30 23 26 28 37 39 40 49 37 33 26 31 36 42 38 35 37 34 35 31 30 29 28 29 28 27 26 26 24 26 25 24 30 26 25 25 23 26 23 26 24 23 24 24 27 21 23 23 25 24 25 25 22 22 19 21 22 21 23 18 18 16 15 14 15 12 12 11 11 10 11 12 12 9 13 9 11 12 12 13 12 10 12 13 11 10 10 12 14 12 18 17 14 12 16 16 17 13 14 16 14 15 15 12 15 13 15 13 10 11 12 13 11 13 14 13 13 13 13 12 15 12 12 14 15 11 12 11 19 16 18 18 15 15 17 16 16 16 15 16 16 17 18 19 15 15 16 16 13 15 15 14 14 13 15 15 9 8 10 7 8 11 11 11 9 10 10 10 10 8 12 12 9 12 10 9 7 8 8 9 8 5 3 3
116 104 113 116 108 103 103 109 106 103 95 94 104 106 105 110 106 91 90 99 99 95 95 93 91 85 89 85 87 86 93 95 100 97 101 99 91 90 95 91 83 85 90 91 88 81 87 83 87 84 85 87 86 86 86 86 102 93 101 85 96 108 103 104 115 110 98 97 103 80 87 111 113 97 87 84 79 72 77 66 60 70 79 81 76 78 74 76 84 78 69 65 56 57 56 60 58 52 52 50 41 60 81 75 46 47 63 67 72 75 78 84 86 92 52 46 38 39 38 45 42 41 42 40 37 40 39 38 40 43 50 41 37 34 36 42 35 39 37 34 30 30 29 31 34 29 28 28 28 28 32 28 27 27 29 27 30 30 25 28 29 30 28 31 24 28 27 24 21 24 33 29 24 22 28 27 24 25 24 25 25 32 34 31 30 32 33 29 29 37 37 35 32 36 39 40 37 43 39 41 41 39 34 36 46 41 43 43 41 44 35 35 33 29 41 45 45 46 49 49 51 53 53 54 57 58 54 50 49 52 45 39 35 38 33 30 33 38 37 43 43 42 41 33 37 49 46 44 40 39 45 50 49 45 52 57 53 50 48 50 55 56 58 57 59 51 58 55 54 55 53 59 50 49 55 51 49 48 52 51 51 54 57 45 43 32 35 33 33 38 38 41 38 32 38 37 33 31 33 36 41 35 34 33 29 32 33 34 29 30 31 33 33 31 32 28 30 28 29 30 30 27 28 26 27 25 26 21 27 27 26 25 19 22 21 19 20 19 18 19 19 18 16 15 18 12 15 14 13 13 16 14 12 10 13 11 13 13 16 16 15 15 18 12 14 16 17 18 14 17 16 19 16 15 15 18 17 16 16 21 19 15 13 13 13 13 14 13 18 14 14 15 15 14 14 12 11 14 16 11 13 15 14 13 13 16 16 12 11 15 13 14 15 15 14 12 17 15 12 17 12 8 11 10 11 12 12 13 15 17 19 16 18 16 16 17 15 16 15 15 13 14 15 13 15 16 13 14 12 12 12 14 13 12 13 9 9 11 11 10 8 11 11 9 12 10 11 12 14 12 13 12 11 10 9 11 11 7 6 8
113 111 115 105 103 103 104 112 111 101 106 97 113 110 108 111 104 99 93 92 90 90 95 102 101 92 97 96 97 98 110 110 107 101 95 88 101 117 112 94 92 91 95 95 96 92 91 92 89 91 95 101 85 88 84 91 93 89 105 103 103 100 107 108 117 115 120 95 128 102 115 110 86 83 81 71 67 71 64 61 64 67 67 66 64 63 66 68 71 72 67 68 62 59 59 61 60 56 53 44 55 78 58 61 54 46 53 75 82 85 89 89 63 50 44 46 45 41 47 40 43 38 42 41 45 46 51 51 47 49 41 39 41 39 41 38 39 39 37 33 29 31 34 31 34 31 34 31 32 31 31 32 33 32 32 30 26 31 32 30 28 25 28 28 29 27 29 30 28 30 32 27 25 26 30 25 26 29 32 30 30 31 34 36 33 32 38 34 33 37 38 34 37 39 40 36 42 41 45 43 38 36 44 45 43 41 42 42 41 42 45 39 39 46 46 51 54 56 51 54 57 62 62 62 64 58 56 52 42 38 40 38 37 41 41 32 35 41 44 44 46 42 40 43 46 39 46 45 50 52 55 52 59 53 53 59 57 53 55 55 58 56 64 60 60 57 57 63 56 57 56 54 58 54 57 53 54 47 50 44 53 55 51 36 40 36 39 39 38 38 37 42 36 37 36 37 36 34 34 32 30 33 31 29 28 31 28 30 28 27 30 27 28 30 27 25 24 28 25 23 27 18 23 25 18 16 21 16 17 16 18 18 18 16 17 16 17 15 17 18 16 18 18 14 15 18 17 15 16 16 15 16 19 18 18 14 14 16 17 14 13 14 18 17 13 13 16 15 14 17 15 15 17 18 17 18 19 16 20 18 16 15 13 13 13 13 16 13 15 13 15 15 20 20 18 15 12 16 19 16 18 13 16 14 14 13 14 16 13 15 11 13 14 18 15 14 18 13 16 14 18 15 13 13 14 14 15 17 18 16 17 20 17 14 21 18 15 13 15 17 10 12 18 18 12 17 14 15 14 14 18 12 10 10 11 9 10 12 12 11 8 9 10 12 11 11 16 12 10 11 13 12 12 10 12 16 12 9 5 24
113 118 115 109 106 106 105 107 103 110 113 111 112 111 111 109 99 99 95 100 98 99 102 106 102 103 108 112 109 109 112 110 108 104 105 120 121 98 99 93 95 92 97 103 92 96 97 97 96 101 99 104 103 92 98 89 94 87 105 111 111 108 111 106 106 97 103 97 97 97 96 84 74 71 70 74 74 73 73 65 62 59 66 67 64 67 67 68 70 72 78 70 66 69 63 59 64 63 60 54 55 47 41 33 50 48 64 71 69 56 54 54 48 47 47 45 46 44 46 40 36 43 43 48 50 48 44 43 39 38 37 38 36 32 37 33 38 33 31 33 34 36 37 34 36 35 37 34 37 34 37 37 35 31 35 35 35 29 32 31 31 34 32 37 34 32 32 31 30 31 30 31 33 32 33 34 37 37 37 38 37 34 34 35 35 37 37 33 36 40 43 42 43 44 43 46 43 44 44 46 43 44 41 48 47 47 47 46 48 43 44 42 46 53 51 50 58 59 61 63 68 70 69 66 66 62 60 59 61 53 46 46 42 42 41 37 43 47 46 61 55 48 47 44 38 40 47 52 60 55 56 58 58 59 66 63 60 58 64 56 64 59 58 54 59 53 48 54 53 59 58 59 59 57 59 51 59 55 55 50 54 53 45 41 41 42 35 38 36 34 35 33 36 35 31 35 34 30 33 29 33 36 29 29 27 30 26 31 31 29 27 28 24 25 28 26 29 30 30 29 28 27 28 24 24 21 20 22 16 17 25 24 20 19 19 17 16 15 13 14 21 16 16 17 13 14 17 14 15 16 21 19 15 16 16 15 17 17 16 19 20 14 20 20 17 15 20 16 16 18 17 16 18 14 16 18 17 14 15 14 13 15 14 16 19 17 17 14 11 15 15 15 17 19 14 15 14 14 15 13 10 11 15 14 13 15 16 16 13 16 18 17 11 9 12 14 14 8 10 11 12 9 12 10 12 13 17 18 15 16 15 17 17 17 18 18 15 14 16 16 16 16 14 16 17 14 14 16 10 12 13 12 10 14 12 9 7 10 11 12 8 10 13 15 11 17 13 12 10 12 15 13 13 9 9 13 10 5 4 8
118 130 112 108 105 103 105 104 112 117 117 116 110 113 111 109 107 106 106 100 100 110 112 110 108 109 101 96 97 98 105 102 107 109 109 99 94 95 97 98 101 98 96 97 103 102 96 97 98 99 100 99 101 98 102 99 99 100 105 114 114 117 113 98 96 82 88 83 84 89 83 81 85 84 84 77 71 69 71 66 76 72 73 75 78 74 77 70 73 75 75 75 72 67 67 59 56 58 54 60 37 27 27 16 23 13 34 47 54 46 45 46 47 47 51 49 48 46 52 42 45 49 44 46 41 43 42 42 40 42 34 34 37 34 37 36 36 30 32 29 30 32 33 34 34 36 38 36 35 36 41 38 34 39 35 37 38 37 36 34 31 33 34 32 33 32 36 38 38 35 38 35 39 33 38 37 38 40 37 35 35 37 41 39 38 43 39 37 37 44 50 48 52 45 49 47 46 43 49 46 40 34 39 36 37 36 36 33 35 35 39 35 38 40 37 36 34 38 42 28 41 32 42 27 29 23 19 25 22 30 28 24 18 24 34 45 42 40 48 56 56 48 48 44 51 52 58 56 62 57 58 61 57 59 68 62 53 60 59 48 57 56 56 50 43 44 47 42 41 46 49 50 57 47 45 41 40 46 43 50 45 40 38 36 30 33 34 35 30 35 34 37 37 30 30 29 26 29 25 22 21 24 24 22 19 19 24 21 19 20 21 23 21 22 22 17 15 18 20 21 21 15 15 20 19 13 17 16 17 19 17 18 18 15 15 12 13 13 14 18 16 14 17 16 20 23 17 20 23 18 18 15 14 17 21 20 19 20 21 16 13 15 16 19 19 20 21 20 15 14 15 17 12 13 15 13 16 14 14 13 15 17 17 17 17 16 17 20 13 10 12 10 12 11 14 15 11 9 10 9 15 14 12 13 12 13 13 11 15 17 18 11 11 12 9 13 17 12 13 16 12 11 13 10 12 14 15 20 19 19 18 18 16 17 16 15 11 13 16 16 13 14 15 18 17 19 16 16 12 13 13 11 10 11 10 12 12 12 11 11 8 12 14 13 14 15 14 12 12 11 13 14 15 8 7 11 12 8 5 10
124 125 110 106 107 106 104 125 117 113 119 114 109 116 112 114 115 113 108 103 104 111 108 106 104 104 99 94 100 104 107 107 111 106 105 101 102 100 107 100 96 101 100 96 99 101 96 99 101 103 100 101 93 96 93 94 96 97 96 101 96 94 97 99 98 93 89 91 88 92 93 90 87 88 82 77 73 71 84 78 82 78 84 80 79 76 76 71 68 67 56 56 71 67 64 59 55 50 44 25 16 13 13 9 7 7 11 34 44 42 37 40 45 40 48 53 52 50 48 50 49 44 47 46 46 43 41 38 39 40 40 44 35 34 34 36 38 38 37 39 32 30 28 31 31 33 36 37 40 41 42 42 38 39 34 36 37 35 40 35 33 28 29 34 34 36 36 32 33 31 34 39 36 36 37 36 32 33 31 34 36 35 35 33 30 33 31 31 31 29 27 25 26 24 25 21 21 23 24 20 19 21 17 17 19 18 19 19 18 20 21 14 18 20 20 19 21 20 16 18 14 19 15 14 20 20 15 21 15 17 18 20 18 15 16 24 24 48 53 49 45 46 54 56 54 44 56 55 59 56 55 52 58 42 40 34 31 33 41 35 38 40 32 39 34 34 38 39 40 34 32 27 36 25 26 27 28 29 29 35 31 29 33 34 34 38 33 32 27 25 23 21 27 24 20 16 19 18 20 22 19 21 21 27 25 19 18 18 24 22 25 23 17 16 13 14 19 23 18 17 18 19 15 15 17 19 20 20 21 19 18 18 18 13 11 12 18 16 20 21 21 17 20 16 14 21 20 15 16 11 12 18 21 20 24 14 13 11 12 18 20 19 22 22 19 15 16 11 8 11 14 12 12 15 14 14 13 13 12 14 18 19 17 14 9 14 15 14 14 17 15 12 14 14 11 13 11 11 13 12 13 17 14 15 12 10 10 12 20 14 11 12 13 12 14 18 15 12 11 12 11 14 14 15 16 19 25 17 22 18 19 15 17 17 17 13 12 14 16 15 14 15 17 17 15 13 14 13 12 12 15 9 11 10 14 15 13 12 11 12 12 12 14 16 22 18 13 15 12 11 12 12 9 10 11 12 10 8 11 13
122 114 113 111 104 113 124 126 115 110 109 113 99 97 25 76 111 107 107 111 112 106 110 106 102 104 105 104 102 109 108 105 105 106 105 104 106 101 102 94 94 100 98 94 99 102 102 96 99 103 103 103 98 96 101 103 109 108 106 101 101 101 92 20 77 63 90 92 96 89 90 92 89 90 84 71 76 73 70 65 67 57 63 66 69 58 58 57 57 52 56 50 51 44 47 45 47 48 45 15 7 9 7 6 7 5 3 19 48 46 45 44 39 41 46 50 52 52 56 55 49 51 51 47 46 38 41 40 42 33 34 35 36 32 35 38 36 37 38 39 41 38 34 36 32 31 34 33 31 34 36 30 30 32 32 29 27 25 27 28 29 27 27 28 27 26 25 26 25 27 25 28 23 23 23 26 23 23 26 25 23 25 25 25 19 24 27 28 26 26 29 32 28 20 19 20 15 20 17 24 18 17 19 24 17 20 19 19 20 22 28 24 28 22 26 19 21 19 18 16 16 16 19 32 22 29 23 32 22 26 28 19 19 11 14 15 12 17 34 47 43 27 31 41 45 43 44 42 37 44 43 44 42 33 20 31 29 33 34 36 32 33 26 28 26 24 28 30 28 28 24 24 24 18 21 26 34 26 25 24 29 29 25 36 31 31 26 25 20 24 24 25 20 15 16 16 17 24 21 19 21 21 24 19 21 21 27 19 18 19 20 21 14 19 15 23 22 25 24 29 24 18 20 23 27 22 26 22 19 22 20 15 12 11 17 18 22 25 21 21 23 16 20 17 18 19 18 13 18 20 18 20 18 16 17 18 13 21 24 24 19 21 17 20 18 14 15 13 15 11 14 14 16 14 16 14 14 17 17 17 13 13 14 14 12 11 11 11 14 16 15 11 11 12 10 12 10 11 12 12 17 15 11 13 19 18 20 20 16 14 14 12 15 19 15 16 15 11 13 17 17 16 15 16 17 16 20 13 16 18 14 21 16 16 18 15 16 16 18 12 13 16 17 15 15 13 15 16 14 14 13 11 14 13 12 11 11 12 16 16 17 12 13 15 14 17 16 14 12 13 11 12 11 9 6 13 12 8 8 9
121 120 117 113 123 118 123 117 91 110 112 107 75 92 27 30 107 110 117 112 115 111 113 110 110 110 111 105 106 106 103 109 108 109 108 108 105 110 102 100 98 96 104 95 94 104 98 100 105 98 107 112 95 88 62 93 38 65 107 92 97 89 61 7 8 2 16 61 78 80 77 66 80 82 84 80 81 46 9 28 35 58 36 41 61 61 62 65 63 55 56 57 56 52 53 50 47 46 45 32 8 5 6 6 3 6 6 38 54 50 57 35 19 44 63 60 52 51 46 54 47 42 37 38 29 29 37 31 33 23 22 21 18 20 20 21 21 23 22 22 17 20 15 18 20 19 20 19 22 26 24 19 20 19 21 21 20 22 20 19 18 19 19 19 19 21 21 21 22 23 24 23 23 20 21 22 20 22 21 19 19 26 19 21 19 21 23 29 30 25 34 21 24 19 23 20 22 25 30 33 36 31 28 25 32 25 20 29 25 24 37 31 22 25 35 35 23 25 27 22 34 33 35 41 34 43 37 47 44 47 48 46 51 51 51 52 48 47 45 46 43 42 37 30 28 26 22 24 33 31 28 27 27 25 32 27 26 27 30 27 25 28 23 27 29 31 27 25 26 26 23 22 19 19 24 24 22 23 29 31 28 33 36 30 22 25 18 18 18 22 21 24 20 18 15 24 26 19 20 24 23 19 18 18 18 22 23 18 16 21 21 14 23 22 24 17 26 24 23 22 17 23 28 24 28 23 26 23 22 17 14 13 17 22 25 26 21 21 23 20 18 17 19 17 17 13 18 27 22 22 19 21 21 15 18 20 17 23 17 21 16 20 19 19 21 17 16 15 13 11 16 13 16 14 13 16 16 23 22 12 14 14 13 18 11 11 12 14 16 16 16 16 13 16 13 7 7 14 15 17 11 11 13 9 20 17 18 19 16 16 16 19 19 14 12 12 14 11 15 21 15 18 14 14 15 16 20 17 34 24 29 22 20 19 18 18 16 15 18 19 15 15 18 16 20 15 13 12 10 14 15 13 14 12 13 15 14 12 16 13 13 16 16 12 13 18 17 12 13 14 13 13 6 14 11 7 10 5 7 11
128 121 131 120 101 127 108 92 42 104 122 89 12 18 19 11 56 94 117 109 100 103 107 107 109 107 108 108 107 109 110 110 110 104 107 105 106 105 95 103 98 97 104 106 106 106 106 108 106 108 101 90 38 40 16 78 10 31 47 15 46 79 40 3 6 7 4 13 61 71 49 68 76 76 45 59 73 30 11 13 11 6 10 13 28 49 28 29 30 62 62 63 53 59 57 51 57 43 11 10 9 5 5 4 5 7 11 21 42 29 18 13 11 17 36 45 26 25 14 20 22 24 22 28 28 28 21 17 21 20 28 19 22 24 21 20 21 25 24 24 22 21 22 20 24 24 24 25 23 23 21 20 22 21 24 23 20 23 26 19 20 20 20 20 20 19 24 22 19 20 21 20 20 22 22 21 23 32 25 29 24 28 31 37 32 35 38 41 33 32 34 23 26 26 37 39 37 41 52 49 50 50 52 50 57 56 55 55 61 61 64 61 56 59 53 52 49 51 53 48 48 43 46 44 46 45 39 39 36 36 34 37 36 29 33 34 29 28 31 32 35 29 25 29 30 28 33 33 29 23 30 30 28 24 26 25 26 24 23 26 24 21 25 36 29 29 29 25 21 21 22 21 29 29 24 22 30 27 31 33 36 36 22 23 24 23 20 24 25 30 23 22 23 26 24 30 23 27 26 21 21 20 24 25 28 29 22 17 17 14 19 25 30 24 24 24 30 25 26 27 28 27 28 27 27 24 26 24 16 15 22 27 26 26 31 27 27 27 23 20 17 20 17 17 20 22 28 21 21 21 20 20 17 22 27 24 20 22 21 19 18 19 19 17 21 18 15 15 12 15 24 17 16 19 23 21 20 14 14 16 16 16 14 18 15 14 13 12 26 19 15 23 18 15 14 11 15 19 19 23 17 9 13 17 15 18 20 17 18 17 16 15 16 11 18 20 17 16 17 18 15 15 17 15 16 14 21 22 26 18 26 21 22 17 21 18 17 18 18 15 19 19 18 15 18 15 16 16 13 14 14 12 12 14 14 12 13 15 13 13 10 13 17 17 16 15 13 13 12 14 15 11 14 8 10 14 12 11 9 9
75 88 94 25 2 21 30 46 10 19 70 24 16 13 19 11 18 5 79 106 103 110 110 107 100 104 104 108 112 115 100 96 90 108 112 108 109 108 103 103 106 106 104 102 98 95 93 88 99 104 34 43 13 14 5 39 3 5 32 1 9 32 20 4 4 6 7 5 35 65 24 18 64 33 16 53 53 7 8 7 9 7 5 6 8 7 7 6 2 21 57 44 21 46 56 52 50 22 5 8 4 7 5 4 5 6 18 18 17 10 7 8 12 18 33 28 8 12 7 7 19 30 28 28 26 23 23 26 24 23 24 23 24 21 21 21 23 27 22 21 24 23 22 21 19 18 17 21 28 21 23 26 22 20 21 14 19 19 19 19 13 14 17 21 16 18 18 23 22 27 30 37 37 42 41 47 54 59 59 63 64 67 67 70 70 66 69 69 63 63 62 62 58 53 52 51 49 44 47 41 36 40 41 38 40 34 34 26 25 34 38 30 24 26 30 32 37 36 39 37 41 33 38 34 40 32 24 29 25 29 28 35 34 32 31 29 32 43 38 39 31 27 26 26 33 38 32 21 25 30 27 24 24 25 22 22 18 18 27 29 20 26 23 30 27 30 31 21 20 22 28 30 27 22 28 31 32 33 40 42 34 26 31 29 23 21 23 23 23 25 19 25 24 22 26 27 22 24 17 25 25 27 37 29 20 22 22 24 25 30 36 31 28 29 32 30 34 34 33 31 31 29 29 27 27 26 25 19 22 23 28 27 26 25 26 27 26 24 24 19 18 24 20 26 29 27 24 25 20 21 21 18 27 28 21 19 23 19 18 19 19 18 20 19 18 16 13 14 16 19 26 14 15 21 18 16 19 18 18 11 18 16 16 16 10 13 13 12 15 12 12 23 17 15 19 13 17 17 16 12 11 11 13 11 13 17 20 19 19 17 20 13 16 14 20 20 20 17 18 19 21 20 21 28 27 37 29 30 24 17 23 22 20 17 19 16 11 15 16 17 13 19 16 16 16 15 15 12 12 16 15 10 11 12 12 12 13 13 14 14 12 13 16 15 17 15 12 13 12 12 16 17 12 17 13 17 15 15 13 16
8 17 19 13 10 10 18 20 15 4 19 12 16 12 13 8 8 3 23 80 110 82 68 114 123 131 109 115 118 118 90 99 114 97 95 110 120 123 108 107 106 75 105 105 106 101 107 104 102 78 15 54 8 9 10 10 4 4 17 2 5 5 6 5 6 4 4 5 5 27 15 3 16 7 5 36 23 4 8 9 7 5 4 4 4 3 4 4 2 8 9 3 10 5 11 20 23 3 6 7 6 6 5 5 5 5 5 6 12 9 9 8 4 28 34 23 9 11 6 8 14 17 21 21 26 16 27 23 27 23 21 19 17 19 18 21 19 25 24 23 27 23 29 34 44 36 42 39 47 48 53 57 51 53 54 54 58 63 62 65 66 65 67 66 65 65 64 60 63 60 57 56 51 48 43 42 50 45 42 41 31 28 33 36 31 34 38 29 30 28 27 29 25 22 28 30 34 32 46 35 34 35 32 33 30 26 26 30 35 34 23 22 22 27 32 32 35 39 40 36 42 37 35 38 29 26 27 30 31 33 29 33 36 29 26 33 41 46 35 28 31 30 29 35 33 30 31 32 30 24 23 23 28 21 29 22 21 26 24 25 23 25 34 28 27 25 27 27 31 35 27 30 29 33 37 34 42 41 33 29 26 28 27 33 29 23 26 24 29 29 26 30 28 26 28 25 26 32 33 34 37 36 27 30 27 36 38 38 34 32 31 30 31 35 35 33 35 32 35 32 33 29 32 28 29 31 33 29 29 24 29 27 28 24 26 24 21 22 22 23 25 28 29 31 24 27 25 23 22 26 23 28 25 22 21 22 23 17 23 20 20 20 24 23 22 18 18 21 21 18 24 21 18 18 21 22 19 17 19 16 16 17 19 21 19 16 14 17 15 14 17 17 12 12 15 23 17 11 18 14 11 17 20 20 22 20 22 18 19 19 14 18 19 25 23 20 17 18 21 19 13 28 19 19 22 20 21 18 23 19 24 24 23 19 21 18 15 19 21 21 20 22 19 22 19 17 14 11 11 14 13 18 12 13 11 13 10 16 12 11 9 9 12 12 14 20 17 11 14 15 14 19 18 15 12 14 17 15 10 9
18 11 9 10 9 13 17 11 16 10 55 6 13 38 26 9 15 9 12 25 113 41 12 114 119 113 99 113 116 120 122 111 102 93 88 102 100 96 93 80 30 8 53 79 64 60 68 63 58 21 19 19 18 14 15 12 13 11 18 14 15 17 20 18 17 17 17 16 13 20 21 16 22 11 15 22 22 20 17 18 14 14 16 19 17 12 14 12 12 12 13 13 10 10 7 9 30 13 3 3 6 7 7 5 4 5 5 8 13 9 7 5 19 42 35 15 7 8 7 6 7 6 7 14 16 5 31 69 67 63 62 65 70 70 66 72 70 71 74 72 69 70 70 69 66 66 65 58 59 52 53 48 42 47 41 40 38 32 32 30 31 33 34 30 32 30 34 28 30 34 24 25 22 34 39 33 32 23 30 34 35 35 29 32 39 36 32 27 29 26 24 26 27 25 25 28 27 28 37 34 35 32 36 28 28 32 38 34 29 26 26 26 28 35 34 40 41 37 39 36 39 38 35 27 35 33 25 31 32 30 33 33 36 26 36 36 38 31 33 32 31 33 38 36 31 37 30 29 26 33 30 27 25 27 28 29 25 25 26 27 26 28 36 29 40 37 37 36 33 29 38 34 37 41 47 49 40 32 29 31 26 28 28 33 27 31 34 34 33 30 34 32 36 34 36 37 28 30 31 34 42 41 35 38 39 40 46 39 35 32 36 35 39 36 36 34 35 39 32 37 35 36 39 37 33 33 32 30 30 30 34 30 28 30 35 30 28 28 26 26 28 32 33 29 26 24 30 31 25 27 30 29 29 27 26 24 26 23 25 20 21 21 22 27 25 22 25 26 20 21 24 24 26 27 26 26 25 26 24 21 23 23 24 20 20 21 25 26 20 20 18 14 17 16 15 15 23 22 25 33 30 20 22 23 23 22 20 20 16 21 21 23 22 24 21 23 19 20 24 21 18 18 18 20 21 25 24 27 25 25 28 19 21 21 20 20 19 18 22 21 15 18 22 23 15 16 15 14 11 14 15 12 13 13 18 12 13 18 17 24 16 15 18 26 18 14 17 18 16 16 18 18 15 14 13 15 13 13 13 15
20 6 8 11 14 13 19 37 58 11 85 29 28 49 27 18 34 42 56 50 37 23 33 46 66 48 25 40 38 43 39 26 32 22 27 32 21 34 27 35 33 35 27 27 33 32 30 31 24 34 34 28 29 31 26 26 28 23 15 10 11 11 14 16 12 12 13 12 11 15 14 14 16 17 18 11 13 19 21 19 15 18 17 12 10 10 7 10 10 12 13 15 18 17 14 15 12 11 13 8 6 7 7 5 4 6 4 10 10 7 6 5 44 52 72 15 8 8 8 5 8 8 7 9 6 9 5 38 44 50 51 49 45 38 34 33 30 31 40 42 36 33 28 26 24 22 33 33 35 28 35 33 34 35 31 29 32 33 37 35 40 35 31 32 34 30 31 24 22 21 31 29 34 40 28 27 31 28 31 28 28 30 33 34 31 32 31 32 25 26 26 27 28 25 27 32 30 30 32 29 36 35 33 31 38 37 35 26 27 28 34 38 35 35 39 38 37 40 48 47 42 36 36 41 35 30 33 35 37 33 34 33 31 39 39 34 39 35 38 44 40 32 25 33 40 31 25 25 33 27 28 26 28 29 27 29 31 28 28 28 32 35 38 36 31 30 34 39 39 37 36 46 47 48 49 36 36 35 29 31 33 34 41 40 44 42 36 37 39 37 38 37 34 37 34 33 36 36 38 43 36 42 33 39 35 36 38 41 42 44 46 36 39 37 42 39 41 40 42 47 45 41 41 42 41 35 34 35 33 30 36 34 31 31 32 29 32 32 34 34 37 30 27 26 28 33 32 28 34 28 33 29 30 31 33 32 31 32 33 29 29 29 25 28 30 28 24 28 28 28 24 22 24 29 27 23 26 23 23 24 21 24 25 22 21 24 25 19 26 25 25 23 26 28 39 37 44 29 20 23 23 26 24 21 21 21 22 24 21 24 27 27 27 21 26 29 25 18 20 19 20 23 21 24 27 31 30 33 30 25 24 21 23 26 25 25 25 23 26 27 25 22 24 22 20 21 17 16 15 14 16 14 15 16 20 16 15 22 16 19 24 19 19 24 22 25 21 19 23 27 24 25 23 23 26 29 23 22 21 25
22 26 21 22 24 36 29 26 22 20 16 19 17 18 20 16 15 18 14 15 16 12 14 16 13 16 14 16 15 12 13 9 15 14 13 13 10 17 17 14 16 17 10 12 11 8 10 14 14 11 12 12 14 12 13 18 13 12 10 15 12 13 15 13 21 19 21 22 20 20 21 22 29 23 26 26 23 29 25 27 31 32 29 22 23 24 24 25 22 18 15 16 20 21 23 22 16 19 17 11 5 6 5 4 3 6 4 12 7 5 6 5 29 23 26 8 5 9 9 7 7 7 9 8 5 7 9 30 31 33 29 31 34 34 27 28 27 39 49 45 32 30 31 26 25 29 32 27 32 30 31 25 29 31 25 29 33 31 27 32 32 35 32 29 27 27 28 25 24 24 27 34 37 29 25 31 34 29 23 29 36 34 34 35 32 29 30 32 34 36 33 30 28 30 36 32 34 26 31 31 34 35 34 43 37 32 30 34 34 41 37 38 37 39 42 40 42 50 50 41 29 39 37 36 36 32 40 38 38 39 34 37 37 37 38 34 41 48 51 38 29 25 37 37 30 29 30 35 29 32 34 25 30 27 33 30 31 32 33 40 42 42 33 34 36 40 44 43 42 49 51 52 48 48 39 36 38 40 40 37 45 48 44 41 42 42 37 38 38 35 39 40 41 45 41 40 39 38 37 40 35 38 37 39 45 45 48 51 46 44 44 44 42 39 45 48 53 46 47 40 40 38 36 36 36 38 40 37 32 30 36 34 38 39 39 36 33 28 33 29 30 32 37 36 32 26 32 37 32 30 34 25 33 31 29 26 30 31 30 28 31 32 28 24 26 27 28 24 25 25 26 25 25 28 26 27 30 26 27 24 27 31 28 29 29 31 30 31 33 30 40 40 46 35 29 28 28 31 28 29 27 23 25 39 30 25 26 25 22 21 25 27 32 33 31 25 25 20 26 26 26 29 29 29 30 30 35 34 41 34 41 30 32 33 31 28 26 27 29 31 30 27 29 31 27 28 21 20 22 22 23 23 27 36 29 26 31 38 31 34 33 28 33 33 32 30 32 36 31 35 35 33 32 31 34 33 30 28 28 31
17 12 7 11 14 18 12 10 10 11 11 12 11 13 19 13 14 16 14 12 14 15 19 20 22 25 13 19 15 18 22 26 26 23 25 21 27 28 25 24 20 24 17 13 16 15 15 17 14 17 18 15 20 21 20 21 28 28 29 19 22 22 22 20 21 19 21 20 20 20 23 19 28 25 25 21 17 24 25 25 25 33 30 26 28 26 22 29 35 27 24 22 26 31 25 38 31 8 7 12 11 8 4 5 6 5 5 7 8 8 9 7 23 21 16 6 5 5 7 5 6 7 6 8 9 9 7 13 10 10 22 31 33 22 25 28 28 42 44 28 20 21 22 22 24 28 32 31 32 29 30 28 29 33 38 35 29 38 38 39 32 29 26 30 27 26 29 23 25 26 33 30 27 27 35 46 39 42 43 43 39 41 32 36 37 34 35 36 40 42 41 33 30 34 37 36 34 33 31 34 32 38 41 40 46 46 41 44 46 48 45 44 47 47 49 50 51 47 41 39 39 39 37 37 40 36 44 39 47 37 35 42 46 41 45 45 50 53 32 26 32 41 39 36 33 35 35 32 35 35 36 32 33 36 35 38 37 38 42 46 42 40 44 45 43 48 47 50 54 57 54 50 46 43 42 43 39 41 44 52 49 42 42 41 38 42 45 39 43 46 45 47 48 44 41 46 42 44 45 38 41 39 49 54 52 52 50 43 43 41 46 49 46 50 54 56 46 40 39 38 37 32 28 37 37 41 40 36 39 41 43 39 37 38 38 34 30 33 34 38 40 45 38 31 28 29 32 39 35 35 35 34 35 31 32 28 32 32 29 30 33 30 27 20 29 36 34 31 28 26 30 33 28 30 31 30 29 27 27 28 37 37 37 36 39 36 35 31 43 59 57 31 29 33 30 26 29 20 26 24 25 27 29 28 25 33 33 28 32 28 30 38 28 26 31 28 31 28 26 31 36 31 36 38 37 41 49 55 41 45 48 38 41 40 40 40 37 42 40 39 35 38 35 38 33 31 32 32 29 34 29 33 31 33 29 32 36 33 39 35 35 39 39 41 39 38 33 26 32 32 31 31 36 28 27 27 27 26 25 29
20 20 22 20 14 13 13 21 21 20 26 21 19 26 27 26 22 16 25 17 15 12 17 18 23 22 32 30 28 35 29 25 34 30 30 28 28 31 29 27 27 26 21 17 19 21 24 26 23 21 23 23 29 20 24 25 23 29 27 29 20 25 32 23 16 16 23 25 21 23 29 28 35 36 29 28 26 30 38 37 37 33 37 30 35 31 36 35 32 36 26 30 25 31 29 37 58 31 7 5 4 6 6 7 6 6 7 9 7 7 11 4 23 12 7 9 7 7 7 5 6 7 6 7 8 7 7 6 7 8 30 37 18 7 33 34 35 29 31 29 27 27 23 25 26 29 26 31 29 29 27 30 36 30 36 34 35 39 38 41 41 34 32 28 30 33 30 33 34 38 43 46 44 45 42 45 45 44 48 51 35 40 47 43 41 43 40 43 37 35 41 37 33 45 39 39 39 45 47 50 50 49 49 49 47 45 47 53 48 49 50 52 53 56 61 55 54 53 47 42 40 37 38 43 44 43 45 44 48 44 42 42 42 40 56 60 55 45 47 46 41 43 42 37 36 38 41 39 40 39 41 45 36 44 45 39 51 48 45 45 44 45 48 47 50 53 61 62 59 58 52 47 44 41 47 44 48 50 53 47 43 43 47 45 47 48 50 45 47 43 51 45 44 46 42 45 46 42 45 42 48 52 56 50 50 43 44 42 43 57 56 59 53 49 46 52 46 43 34 35 40 41 40 46 54 47 47 48 43 42 43 38 37 37 32 36 39 40 49 44 38 38 38 38 30 36 43 41 39 37 44 37 32 36 40 39 38 42 44 35 33 31 30 28 27 28 31 35 37 33 36 30 27 27 24 34 35 41 45 46 40 39 44 40 37 44 57 54 32 31 30 27 27 28 30 24 29 33 33 33 35 33 35 30 23 32 35 32 33 28 30 33 32 34 38 32 33 34 31 32 34 39 46 45 44 51 56 61 55 50 52 47 48 48 42 40 34 41 43 42 44 42 43 38 33 33 38 34 34 34 31 30 32 37 33 32 36 33 33 31 33 33 30 33 37 30 28 24 26 29 32 33 31 35 34 28 29 27 32 35
26 23 18 28 24 27 22 27 25 31 29 23 27 33 26 24 29 23 25 24 22 17 20 25 29 28 36 40 36 35 38 28 37 32 37 40 37 34 37 42 37 29 27 26 23 27 29 29 32 28 28 28 32 28 35 28 29 30 26 32 33 25 29 22 28 33 29 32 31 31 37 28 37 36 37 39 35 35 38 38 43 42 45 41 36 41 33 37 38 46 23 23 19 35 27 32 53 33 17 13 10 3 6 8 9 7 6 7 7 7 10 5 15 6 6 6 4 6 6 6 7 7 6 7 10 6 7 5 5 6 21 37 15 6 27 34 33 32 34 32 31 32 28 30 30 28 33 38 36 39 34 33 30 35 41 41 39 41 37 38 35 31 32 34 40 46 52 54 53 52 51 53 49 44 45 48 47 43 54 49 48 40 54 39 36 40 45 40 43 43 47 38 30 33 43 43 48 58 60 61 54 49 48 48 53 55 52 60 54 50 51 54 51 47 49 47 50 49 37 36 43 40 46 43 52 51 48 49 49 48 48 49 53 57 59 51 41 47 36 36 38 44 41 40 41 37 65 70 43 44 50 51 52 54 48 50 49 56 53 54 48 51 58 59 55 61 57 58 53 59 58 53 65 61 61 62 58 55 54 58 57 59 56 60 61 61 61 55 54 59 56 58 55 55 54 52 56 51 57 57 60 59 58 57 56 56 43 53 56 56 49 57 45 44 50 48 43 43 46 47 52 69 63 62 62 54 52 49 48 43 46 46 51 51 51 47 48 53 42 40 41 42 47 46 45 46 54 52 43 46 51 38 46 44 46 48 47 44 41 42 42 39 41 46 42 45 50 53 54 49 51 57 56 50 55 55 55 51 47 43 46 41 40 41 62 53 32 37 41 39 41 40 38 34 36 40 38 37 38 35 35 36 35 42 41 40 40 37 40 44 40 42 45 44 48 44 37 39 45 43 42 53 51 54 50 52 55 45 55 46 48 48 45 41 43 44 45 52 54 48 50 46 41 40 40 36 37 36 30 30 27 20 16 16 17 21 30 30 31 32 30 44 40 44 42 42 37 37 33 31 32 30 27 29 26 26 24 18 23 26
44 27 5 25 27 28 31 28 25 30 31 35 26 34 31 31 28 32 34 39 31 25 22 30 30 34 32 36 35 38 48 36 39 30 38 37 41 35 43 43 40 34 35 33 31 34 35 33 29 25 46 41 35 33 44 42 36 30 34 37 32 28 34 27 26 33 30 30 29 32 35 36 41 37 39 45 45 35 39 36 36 34 44 43 37 40 41 38 40 50 44 26 18 30 29 37 62 41 29 35 27 17 7 8 6 6 6 8 8 9 8 7 8 11 7 8 6 8 6 7 7 7 5 7 6 9 8 5 5 10 14 12 5 8 25 35 35 33 31 35 33 33 34 32 33 37 41 37 40 39 39 43 41 41 44 36 40 36 35 46 56 43 50 54 56 51 50 47 52 48 48 49 49 52 57 66 64 59 60 55 54 59 57 58 56 57 63 61 64 63 64 63 64 65 65 63 57 57 55 60 60 57 59 56 54 56 55 55 52 53 54 50 50 52 53 51 47 47 47 42 50 51 51 48 54 55 52 57 57 59 58 56 61 59 64 57 59 56 65 60 62 61 61 63 63 66 71 68 65 62 70 71 67 64 67 63 65 64 67 67 66 64 66 66 63 69 64 64 64 69 69 67 69 65 72 69 70 69 76 76 68 70 73 70 66 68 69 62 65 67 71 66 66 62 67 66 66 62 69 65 66 70 69 70 69 66 63 68 65 65 68 65 65 65 68 67 66 64 63 61 64 65 62 63 65 65 64 64 61 61 68 63 63 64 65 59 59 57 59 58 58 57 62 58 55 52 54 54 53 61 64 60 57 53 58 60 58 56 61 58 60 59 59 56 64 62 59 64 59 57 61 57 56 55 56 59 58 56 59 53 49 45 51 49 52 46 47 53 53 51 48 52 64 52 56 53 59 58 59 59 57 58 57 57 61 59 59 56 58 59 57 59 56 56 58 51 52 52 42 37 49 49 47 48 52 45 43 42 43 45 49 42 43 42 39 39 41 41 42 40 39 39 42 40 31 32 27 26 24 25 24 26 32 39 42 40 40 39 44 47 48 48 44 46 44 37 28 24 25 21 23 23 20 27 24 24 27 18 20 26
36 51 32 28 24 27 28 27 32 37 31 35 36 38 47 33 35 33 39 41 34 36 24 23 23 24 25 29 37 49 54 52 41 37 28 36 38 40 35 36 41 38 40 39 40 35 37 34 45 31 38 33 34 34 40 45 39 39 37 30 27 37 30 30 24 26 33 38 36 31 33 30 36 42 37 41 42 37 41 38 41 43 36 35 47 51 33 40 42 48 54 30 14 27 38 46 53 39 25 49 49 24 26 8 7 5 9 11 10 8 7 10 9 4 6 8 8 9 8 6 6 9 5 5 5 6 8 8 7 10 11 9 6 8 19 48 48 40 44 44 43 46 46 49 55 58 54 60 61 62 64 70 64 66 72 70 71 70 73 74 69 70 69 75 74 69 68 67 71 61 65 66 64 64 64 58 59 59 58 62 62 63 60 56 59 51 55 54 52 49 60 55 44 53 50 52 43 49 49 46 42 40 38 42 39 41 45 47 48 49 55 52 51 46 46 49 47 50 45 52 57 49 56 61 58 53 55 53 52 46 43 46 56 46 45 49 51 55 54 54 57 66 55 60 63 65 67 67 61 63 63 70 72 70 70 68 72 73 72 70 74 70 69 74 71 74 77 65 65 64 67 68 68 67 67 72 67 61 68 73 67 69 72 65 65 68 71 63 64 56 56 48 53 52 50 45 44 51 52 50 54 53 47 48 50 48 59 61 53 63 59 60 58 60 65 68 68 70 74 71 74 66 67 61 69 65 67 61 70 70 69 68 65 68 71 74 71 75 70 72 70 69 72 72 72 68 70 70 67 69 67 67 63 62 65 63 66 59 61 63 64 58 61 57 61 58 61 55 57 49 58 51 60 54 56 51 49 55 59 58 56 54 55 62 50 54 63 57 53 53 56 65 57 58 72 63 60 57 58 56 56 58 57 59 60 56 62 60 63 66 65 68 69 65 65 60 57 52 46 54 51 44 42 41 46 40 42 44 45 47 43 44 42 38 36 38 43 43 39 35 39 40 50 33 27 33 28 30 34 38 42 41 40 32 38 43 41 50 44 50 44 41 40 46 36 35 25 33 28 27 29 27 26 21 22 21 18 20 18 22
33 33 34 42 43 25 19 23 28 34 38 47 32 35 40 27 31 35 37 42 35 32 30 30 23 29 27 28 21 32 41 48 49 41 42 41 40 39 46 44 45 45 44 43 39 41 48 41 44 40 39 36 36 35 40 42 40 35 41 41 42 31 31 29 44 51 36 33 35 34 37 38 33 39 44 40 44 48 42 37 35 50 49 45 46 41 48 51 53 48 50 47 42 29 35 43 58 28 16 33 60 40 31 10 6 5 8 6 11 10 11 11 4 6 10 9 8 7 7 7 7 7 8 8 6 5 9 7 10 11 11 9 5 7 26 75 70 70 66 73 72 71 68 64 67 64 60 57 59 59 61 59 52 53 44 47 47 41 47 51 44 41 43 47 36 33 42 40 43 45 53 44 48 50 47 56 48 36 50 60 49 58 69 63 54 44 40 41 43 43 42 34 30 45 39 40 41 44 42 45 47 50 48 53 42 42 47 48 46 48 54 45 52 53 56 54 59 57 49 50 48 47 53 43 58 57 57 57 56 50 56 61 60 62 67 55 55 53 54 53 57 56 59 63 57 57 57 58 57 62 63 64 63 54 52 44 41 38 43 40 35 40 37 39 43 48 48 43 18 37 40 31 47 41 32 35 42 40 46 49 43 46 50 39 48 46 42 33 44 46 49 45 43 52 49 45 42 47 57 46 51 44 51 43 50 46 50 49 55 53 52 52 58 56 58 58 59 59 56 56 50 47 55 62 50 48 51 44 41 46 47 48 41 46 52 56 46 53 52 50 54 55 57 58 50 49 57 57 55 56 60 66 62 56 61 61 64 76 77 75 64 60 58 62 65 68 62 67 70 65 69 65 63 62 70 71 69 74 69 73 70 74 73 72 70 70 66 68 71 61 64 63 63 61 54 62 69 67 71 64 71 68 68 70 68 70 72 66 72 66 65 71 60 58 60 54 49 47 50 49 41 41 45 46 50 46 49 46 43 44 44 41 40 39 34 34 38 34 42 39 38 38 42 38 37 35 37 37 33 35 32 33 38 43 39 38 40 52 44 47 44 40 47 54 49 46 41 24 33 32 32 34 34 34 27 29 29 22 32 41
31 39 43 43 43 33 21 23 38 35 33 38 32 33 34 36 42 35 39 41 43 38 39 42 33 25 31 25 22 25 35 49 45 40 38 31 43 45 40 48 51 43 45 50 48 45 46 38 35 36 38 44 38 33 39 41 37 32 37 35 39 40 36 17 39 60 49 44 43 32 39 43 44 38 42 49 46 48 47 47 41 39 47 47 41 51 37 36 54 47 48 53 34 35 47 45 61 32 25 40 60 37 30 11 8 6 6 8 11 10 12 9 10 7 8 7 8 9 9 10 5 5 6 7 8 10 8 11 10 10 9 7 7 9 9 32 46 29 37 30 28 35 28 46 47 62 87 96 94 65 56 56 50 46 41 40 54 56 49 50 42 47 54 45 50 47 54 57 55 52 51 54 52 52 43 50 56 53 43 47 47 34 41 36 28 28 30 33 27 33 37 34 33 35 35 35 39 42 40 39 38 44 43 45 49 41 49 53 49 48 53 55 56 59 70 61 51 40 40 54 50 51 56 61 65 53 60 57 55 52 53 56 57 54 53 53 51 49 46 54 50 49 58 50 57 54 60 61 58 53 48 47 37 41 50 58 39 34 44 41 40 49 44 43 37 43 43 39 20 31 45 47 46 38 40 36 40 39 45 40 48 60 50 49 46 50 48 44 61 51 60 50 48 62 53 56 48 49 50 55 53 55 56 53 54 53 66 60 57 56 56 62 55 59 60 56 62 57 57 64 58 57 51 45 39 51 54 47 49 48 46 49 53 50 49 45 49 46 44 44 44 51 57 54 63 67 59 48 52 55 58 58 61 57 63 101 122 118 120 114 96 99 106 95 94 88 84 79 83 78 82 80 78 80 76 68 58 60 66 70 62 66 62 66 68 68 65 72 70 72 71 69 65 68 66 71 72 66 71 63 62 61 61 60 61 66 64 61 54 65 71 63 62 60 62 58 57 57 62 53 53 54 57 56 58 59 57 53 54 53 54 55 54 51 51 43 45 47 45 48 43 44 49 41 44 35 38 32 38 36 34 41 46 37 39 43 41 43 51 47 44 41 47 44 35 38 37 31 32 36 42 41 37 42 31 37 41 30 30 32
47 37 36 36 33 7 5 12 19 29 32 33 34 26 35 36 36 32 40 43 44 39 32 34 27 32 27 33 25 27 33 43 44 45 35 35 44 49 42 37 45 47 39 44 52 43 38 41 43 33 45 37 40 38 43 38 44 39 41 44 43 34 35 30 18 40 45 38 41 49 31 41 41 40 35 34 39 39 40 55 52 45 52 57 37 48 28 8 33 42 43 29 31 54 48 59 56 33 21 25 29 38 14 8 6 6 5 18 11 8 9 7 7 6 8 6 6 8 10 9 9 11 8 8 10 9 8 10 14 13 11 9 10 7 16 13 8 17 18 18 18 15 12 25 55 57 38 38 43 49 57 48 42 39 41 44 47 47 41 41 33 40 49 43 48 50 42 42 52 40 46 45 45 42 37 39 37 35 45 38 22 27 24 20 32 27 27 27 27 24 25 16 21 22 32 37 39 39 40 38 43 48 52 48 48 48 44 52 48 59 62 63 60 60 59 50 52 56 62 63 62 56 59 62 62 65 59 62 60 57 63 60 59 57 60 55 60 60 59 58 59 58 66 59 58 56 63 47 44 48 53 52 51 46 60 53 42 44 49 35 35 41 41 46 50 53 48 36 18 19 42 39 52 42 46 49 49 49 44 42 47 46 52 47 47 57 56 55 47 54 60 58 57 58 52 53 51 58 52 63 51 65 63 54 56 58 63 59 62 65 69 62 56 62 67 66 65 62 61 54 55 51 43 62 49 44 48 41 42 47 52 51 64 70 53 49 57 48 47 48 50 64 68 59 67 52 50 45 56 58 65 69 57 98 114 110 109 104 108 96 110 103 104 108 108 112 104 100 109 119 114 115 110 113 111 120 111 108 108 107 98 96 103 93 96 92 87 82 89 84 79 77 71 74 71 67 63 61 72 63 65 74 71 65 71 68 50 78 69 71 76 69 75 73 80 82 77 62 72 69 66 67 69 66 65 62 70 63 62 70 67 62 58 60 59 52 51 55 61 56 57 38 39 52 52 48 54 45 46 46 48 49 48 45 42 38 38 42 44 48 56 48 55 55 46 48 48 40 43 39 43 37 28 42 28 24 19 12 28 29
37 33 31 43 31 13 10 18 26 22 23 21 25 25 29 30 35 36 31 39 46 34 38 41 34 36 37 35 39 35 37 40 40 45 48 44 44 68 40 40 38 40 42 39 44 44 44 49 26 46 38 50 52 55 52 38 43 39 37 53 39 10 19 28 17 16 28 46 43 46 50 49 46 45 31 39 42 48 46 48 52 54 51 36 12 24 30 12 22 43 50 24 49 49 53 54 30 20 19 19 12 29 10 6 7 5 8 11 12 7 10 8 10 7 8 6 7 9 11 9 7 9 8 8 12 11 8 8 11 8 6 7 10 11 10 11 10 10 15 11 17 13 6 15 33 31 30 34 29 25 40 28 44 53 38 38 32 35 40 39 41 28 48 29 38 39 37 33 33 37 35 37 46 27 32 28 25 22 36 31 21 20 20 27 37 30 27 16 18 15 25 28 35 32 39 36 60 57 58 63 63 64 71 73 66 74 61 56 56 60 63 65 64 62 61 53 49 63 57 60 53 59 62 70 68 64 57 67 68 75 72 59 72 79 70 50 53 51 44 46 44 35 40 42 38 39 37 36 52 62 55 42 50 52 42 48 47 51 48 52 55 59 53 55 52 62 55 60 45 44 53 64 63 60 60 57 47 47 46 51 44 49 54 51 58 63 56 51 55 50 54 43 57 49 46 57 63 50 56 52 54 58 69 64 53 63 60 74 66 54 64 62 60 69 60 64 67 71 62 60 52 52 51 58 54 47 45 46 43 49 48 59 66 60 57 59 51 60 60 64 54 61 60 58 58 54 59 55 63 71 68 95 116 113 109 109 113 105 101 111 104 102 100 101 110 107 102 102 104 110 116 115 108 106 112 110 99 77 104 105 112 113 115 113 121 114 120 125 128 118 89 62 88 91 117 98 109 108 103 93 98 67 66 57 52 26 14 33 47 43 59 52 57 48 50 59 61 53 59 54 60 61 66 69 63 55 48 66 47 54 54 66 66 72 71 64 76 67 70 48 51 61 59 56 67 53 37 41 60 43 31 49 47 39 65 88 79 84 65 59 38 35 31 37 35 50 34 16 36 32 52 71 47 58 35 28 30 31 30 48
33 47 18 24 13 16 25 29 34 35 23 15 23 19 27 32 40 27 37 36 45 47 43 45 40 42 40 41 41 38 43 41 48 45 41 37 41 60 57 67 39 42 43 42 35 34 43 41 40 42 39 30 42 59 44 26 30 32 40 43 27 12 17 20 11 11 13 36 47 41 45 39 41 49 43 44 46 52 57 55 45 57 23 31 45 20 16 23 31 41 47 24 44 39 54 51 20 15 13 10 7 23 21 17 11 5 10 10 11 6 9 8 6 7 6 8 7 8 10 9 6 6 9 6 8 10 6 8 8 6 9 8 10 10 11 11 9 8 10 10 15 10 6 8 31 34 45 32 48 37 60 54 44 41 49 34 34 33 37 29 27 27 29 32 36 48 48 42 47 56 57 57 59 60 61 59 62 66 68 69 72 69 75 76 68 56 76 87 95 86 60 52 38 38 36 46 68 69 76 80 73 76 62 49 97 100 82 70 78 66 72 52 79 75 55 65 73 60 75 63 72 71 83 66 68 73 88 99 101 98 97 79 106 98 56 36 34 40 37 45 35 44 40 53 42 43 48 62 54 43 33 35 39 30 26 41 37 47 46 49 37 34 22 31 43 40 38 44 44 47 39 44 41 43 43 36 52 41 52 51 58 59 84 62 51 55 57 52 57 48 54 48 52 61 51 55 50 51 31 44 62 56 55 55 43 54 45 54 47 35 59 72 62 75 74 78 65 57 69 53 44 61 48 59 62 54 54 50 55 54 61 59 52 59 59 56 57 57 62 67 64 56 60 60 58 63 67 83 65 95 86 116 102 107 103 115 111 111 111 108 105 97 107 114 111 109 106 100 107 114 112 96 106 118 114 106 108 101 105 111 117 111 115 118 101 108 124 119 97 88 93 75 68 59 113 121 124 116 111 121 58 76 94 79 72 13 14 54 56 48 89 89 86 79 82 51 71 64 87 67 74 68 94 78 40 73 57 67 53 53 55 78 87 92 43 44 60 78 54 23 64 84 63 49 76 49 76 65 88 62 51 64 71 87 84 82 99 90 78 73 72 46 48 81 71 68 69 30 67 79 92 86 87 88 62 50 54 54 80 89
44 18 23 10 22 26 32 19 17 9 28 24 10 9 23 27 27 17 34 36 39 44 45 47 42 33 43 38 32 31 41 42 37 47 62 54 61 47 66 71 70 60 39 35 39 29 33 29 37 41 48 41 48 42 46 27 22 33 48 36 13 9 5 12 16 19 18 27 43 60 56 45 46 47 54 45 47 46 59 54 43 33 13 8 33 34 15 16 15 8 21 15 25 29 41 28 18 14 14 17 15 7 21 13 11 8 8 10 8 6 8 9 7 8 6 9 8 8 10 9 7 9 12 10 11 6 9 11 10 8 10 8 8 8 10 10 8 8 9 12 12 6 8 10 32 53 64 58 57 49 49 41 50 36 39 47 64 64 59 46 41 57 50 48 62 66 62 71 90 83 90 83 71 75 64 70 83 74 71 82 78 74 72 79 75 81 58 64 63 39 53 50 39 53 48 50 75 76 74 61 62 53 59 102 108 79 103 89 63 80 78 76 64 57 44 80 69 83 85 83 77 74 103 90 94 102 104 101 99 102 104 120 126 71 33 39 38 43 47 44 40 40 47 53 52 57 48 40 34 29 32 31 28 22 24 27 33 42 56 35 24 27 26 22 33 21 51 56 38 44 24 33 30 30 33 36 28 60 56 76 66 71 77 62 53 54 57 56 49 56 57 62 61 52 58 55 54 55 23 31 46 46 46 52 43 44 40 32 35 38 50 65 67 75 74 53 53 54 55 39 40 45 38 39 43 46 53 47 49 54 60 69 68 63 63 61 65 73 58 63 64 59 70 70 85 87 91 76 105 116 52 90 110 122 76 111 113 108 98 93 96 101 113 111 100 98 98 99 117 111 108 113 117 116 117 112 106 109 113 112 112 114 115 116 110 128 124 112 125 106 113 105 61 113 124 136 123 118 123 112 100 96 85 81 73 13 17 60 60 60 98 88 95 101 41 49 91 87 78 57 87 89 92 92 81 94 85 94 60 42 76 96 78 39 29 27 87 88 92 97 112 81 75 79 91 87 97 95 90 73 63 62 74 48 54 114 95 62 72 44 34 87 23 16 79 56 66 83 100 88 89 91 95 85 55 63 93 78 78 106
50 23 28 37 38 43 35 18 18 15 21 32 22 9 22 29 29 20 20 35 31 38 37 38 31 32 39 39 34 30 35 42 45 37 42 50 56 33 52 48 48 55 46 27 39 31 27 25 39 48 42 44 49 46 44 44 37 30 23 29 22 18 15 16 14 24 25 33 26 32 57 60 52 67 69 52 56 54 51 48 22 24 10 10 27 27 13 8 6 8 11 13 8 32 41 26 12 15 13 8 17 13 14 9 8 6 11 9 7 8 8 6 6 8 9 12 8 11 12 10 4 8 10 11 9 9 10 9 8 9 9 9 8 7 11 10 9 8 8 8 8 6 8 8 23 32 52 42 42 34 28 35 42 37 33 33 28 29 42 41 30 41 47 44 52 42 47 55 56 61 58 57 61 60 52 58 69 60 53 67 63 71 87 89 66 58 44 55 56 70 56 46 35 39 42 44 70 67 73 73 74 95 113 103 78 95 66 68 69 51 58 63 53 57 58 66 66 59 70 59 57 61 80 97 107 86 91 86 103 114 129 136 101 38 40 37 40 44 51 51 45 43 65 40 57 47 51 35 30 28 27 32 29 26 20 33 37 34 42 42 27 61 47 31 33 25 55 38 52 67 35 65 51 27 26 30 63 64 71 52 82 79 66 62 55 52 55 73 61 61 62 73 64 39 52 64 60 52 44 46 58 51 46 47 44 43 47 38 28 40 44 51 56 57 56 46 55 43 34 37 50 49 54 49 37 29 38 56 85 76 71 61 39 44 70 72 64 72 61 62 67 67 67 63 80 73 84 104 102 105 94 120 100 113 105 118 106 98 97 95 106 111 105 94 88 90 104 111 108 117 113 117 123 115 118 114 114 111 117 114 122 112 121 123 126 130 115 114 108 102 110 90 124 112 121 88 115 126 114 94 97 82 87 69 53 13 30 26 52 87 89 90 101 98 95 102 110 93 57 40 76 106 109 101 111 96 104 106 33 69 109 106 49 70 91 97 88 96 96 92 87 65 76 84 86 94 101 94 90 74 98 75 36 57 102 108 61 68 30 52 110 95 63 79 77 101 115 75 70 78 89 96 97 77 29 93 110 64 101 91
44 41 33 32 24 34 20 7 9 11 16 22 11 36 28 12 17 12 10 18 28 30 35 34 31 33 34 38 44 47 39 41 39 29 32 43 54 42 60 55 50 55 30 15 12 32 40 27 34 45 43 37 41 20 32 39 17 13 18 22 24 9 9 14 16 19 16 7 12 11 40 44 58 56 63 45 46 59 50 46 39 21 21 18 12 10 10 26 13 10 11 11 7 19 25 15 10 10 8 16 21 12 10 11 10 7 11 9 7 7 5 13 23 13 12 11 11 10 12 7 6 11 10 10 9 9 7 10 10 9 10 7 5 5 9 10 8 7 8 7 8 6 7 6 23 36 49 54 51 29 21 22 26 31 16 26 18 19 30 30 30 35 45 41 45 45 29 40 51 54 54 55 42 54 52 53 48 50 52 55 45 43 48 61 53 35 46 51 51 55 47 45 36 28 31 49 63 60 60 70 98 113 102 87 110 66 74 81 56 51 57 46 57 58 56 59 66 63 65 66 63 61 78 101 80 76 82 96 121 127 136 109 48 40 38 37 39 45 59 40 43 42 59 47 40 35 42 35 28 29 31 38 34 29 33 56 32 37 60 41 34 57 37 46 35 30 35 52 52 57 66 57 74 32 33 46 67 62 58 39 54 69 62 46 53 57 74 68 54 56 47 55 51 38 49 57 58 52 45 52 49 50 36 44 39 44 48 41 43 41 40 36 45 49 44 29 66 48 64 44 49 54 58 55 31 30 45 87 69 41 54 37 57 50 59 53 57 54 63 73 71 65 57 47 64 78 106 110 104 117 112 111 106 109 117 101 97 100 110 108 108 111 108 105 109 109 108 105 113 115 126 121 117 113 121 113 115 112 121 123 128 130 129 135 130 134 104 109 100 129 116 113 117 128 113 110 126 114 103 97 67 81 70 93 69 14 18 32 81 88 105 106 102 106 105 108 93 89 43 49 92 99 111 109 98 101 109 79 61 46 82 57 47 60 101 91 90 79 95 82 91 63 48 63 67 106 87 108 110 115 91 72 89 113 109 78 37 40 100 120 83 77 89 94 99 121 111 94 98 102 96 97 95 65 70 76 72 79 75 91
35 44 31 22 11 10 8 15 9 6 13 13 5 11 41 27 11 11 12 13 14 27 27 13 33 28 44 42 45 51 52 37 49 40 33 34 49 45 63 50 31 32 11 13 10 49 38 23 25 25 17 34 35 31 35 36 35 10 10 19 16 15 11 9 6 11 13 15 13 11 20 24 29 30 47 25 35 47 32 25 8 14 12 6 8 7 8 14 14 9 5 8 7 16 24 18 17 15 13 15 16 7 10 11 10 13 17 16 15 12 15 22 24 18 10 8 9 11 10 9 11 16 12 8 12 14 9 8 9 8 9 8 7 9 8 9 9 7 10 8 10 7 8 11 17 24 39 36 30 29 24 25 22 33 31 42 42 24 28 32 37 39 42 47 56 56 45 52 62 51 65 52 52 56 58 71 82 81 62 92 79 75 65 52 40 32 33 43 45 40 39 52 37 19 29 35 41 49 73 107 87 98 90 92 77 85 104 72 82 102 82 88 101 78 99 108 88 63 81 108 100 110 107 105 93 95 93 106 122 130 129 82 47 45 39 40 46 51 49 35 38 34 56 36 30 34 32 30 28 23 25 33 35 27 35 62 27 55 76 53 43 46 34 58 44 43 42 44 28 47 73 58 51 34 50 48 72 55 45 38 53 67 44 47 46 65 52 36 41 36 62 36 34 49 47 47 39 36 39 48 42 36 36 47 40 45 44 35 41 35 34 31 36 50 47 28 50 50 51 30 48 42 42 48 29 28 64 75 58 43 29 38 59 47 46 38 55 54 58 57 49 73 58 39 87 100 110 115 116 128 115 99 109 109 104 100 111 115 114 109 118 110 102 108 112 115 118 117 125 121 119 112 114 118 122 119 118 130 122 127 122 132 115 102 105 119 97 119 122 136 134 117 129 111 124 121 94 73 75 81 76 83 101 106 84 48 70 90 100 92 103 99 105 105 106 91 112 63 48 87 114 113 106 91 110 119 109 96 92 93 99 55 99 115 112 106 119 111 113 113 106 99 113 111 109 107 113 120 117 100 78 93 116 112 81 26 37 77 124 107 85 93 104 113 121 102 99 87 99 99 62 54 73 71 27 69 100 100 110 99
52 50 37 18 15 20 16 12 9 12 9 10 4 4 10 8 6 6 11 9 13 19 31 6 31 36 45 51 31 49 49 26 39 26 33 48 52 53 59 58 43 39 38 11 11 19 22 35 28 21 18 20 22 24 26 28 32 32 13 11 12 17 15 12 17 14 16 21 10 10 7 13 7 8 26 41 49 20 13 21 8 11 15 14 13 11 10 16 9 9 7 8 11 16 36 44 41 19 5 14 18 17 19 15 8 12 25 43 34 22 19 31 40 13 13 9 13 12 11 10 10 14 17 12 25 24 10 6 10 10 9 10 8 7 7 6 8 9 7 11 13 8 8 11 15 24 42 35 41 52 46 50 49 55 56 44 31 33 49 55 51 46 56 48 56 48 47 58 48 57 61 62 51 49 49 54 65 60 72 66 67 63 63 43 34 35 39 44 43 47 54 42 31 35 36 36 54 103 121 122 84 46 88 73 94 103 95 60 70 102 106 105 112 118 116 104 114 95 118 115 115 117 120 101 88 74 107 113 113 121 75 81 44 48 53 49 45 61 52 30 38 30 46 35 24 23 20 34 36 26 23 29 27 26 29 60 27 45 63 32 38 44 38 43 25 31 32 37 26 33 48 42 41 25 43 61 76 65 50 39 68 62 34 49 32 40 37 31 39 26 59 27 26 45 43 35 55 41 33 41 42 34 33 35 40 39 40 34 36 38 28 28 33 55 35 45 43 59 56 43 56 41 47 46 27 34 57 70 58 51 33 33 44 54 50 50 62 52 63 53 67 73 59 58 111 114 126 132 127 109 114 106 110 102 112 112 117 120 117 116 111 102 107 112 117 118 117 125 116 115 112 117 116 121 119 123 120 123 117 127 120 110 88 113 99 111 122 138 138 132 120 135 120 124 127 120 83 104 75 56 89 102 80 86 56 58 108 112 106 106 97 92 105 107 79 109 97 54 99 90 71 94 68 95 103 84 66 72 103 69 38 52 110 106 99 115 120 110 106 83 98 108 101 86 118 118 121 120 106 92 108 120 112 116 56 51 57 116 96 96 111 110 123 119 115 113 104 102 107 79 36 42 63 56 88 68 116 61 100 103
66 65 46 35 32 28 12 10 2 12 9 8 8 7 7 13 11 6 12 45 35 22 12 7 13 38 41 47 29 36 40 33 15 11 19 13 14 16 34 58 48 68 39 16 9 13 19 18 16 9 32 22 14 16 25 25 25 26 37 26 11 11 11 12 16 17 20 10 12 13 10 16 16 30 24 28 52 68 63 33 21 24 16 9 18 21 10 17 14 9 8 7 6 6 16 39 43 13 14 19 19 19 15 13 12 15 19 32 26 20 18 31 37 15 13 14 13 10 12 10 12 19 15 17 20 13 19 15 14 12 8 9 11 5 8 7 10 9 9 12 9 5 5 7 12 10 15 18 33 30 34 36 42 53 51 39 46 43 42 40 47 48 54 50 52 37 37 45 54 43 56 57 44 46 44 58 64 71 67 54 48 61 46 46 76 57 55 42 53 45 29 35 36 44 48 49 71 97 76 67 49 69 67 47 50 51 53 36 59 75 78 67 75 61 89 109 85 81 121 120 108 119 117 113 104 100 129 116 91 91 79 51 62 67 47 49 55 65 58 24 42 28 42 32 24 29 36 52 31 22 22 27 23 26 31 54 32 46 39 32 38 43 34 39 58 38 34 29 22 29 29 36 37 36 42 61 60 61 52 36 69 48 32 37 26 40 35 31 41 23 44 21 34 37 39 29 51 47 37 40 38 37 35 39 38 38 45 38 30 36 30 25 28 49 33 51 36 49 47 41 51 37 44 44 33 42 45 50 54 50 31 35 54 57 58 52 51 46 59 66 74 74 59 79 115 142 134 124 118 110 112 113 113 109 113 119 121 122 114 109 101 106 117 120 122 125 123 109 94 115 118 120 116 116 126 121 111 117 135 143 131 139 90 90 121 138 141 137 115 119 111 116 88 117 100 100 50 50 40 54 86 96 41 39 67 103 103 86 44 112 73 56 82 62 76 99 111 110 101 61 58 73 61 94 66 49 56 102 83 41 45 105 89 98 113 117 112 102 94 88 105 120 111 115 124 126 119 113 93 110 121 117 120 97 31 79 77 96 77 97 123 126 121 125 116 107 107 109 76 49 32 27 56 70 109 129 64 105 120 105
42 50 79 47 45 41 22 9 7 9 9 9 6 6 11 12 16 15 16 31 23 12 15 21 10 9 36 37 40 41 30 14 17 18 22 13 10 12 10 21 42 42 14 23 13 13 17 13 13 7 22 39 25 24 32 37 28 21 25 26 23 18 22 12 15 19 12 21 13 11 12 13 10 17 33 40 45 34 46 74 47 20 20 15 21 9 18 30 33 32 14 8 11 8 18 42 48 15 8 13 18 13 9 6 8 10 16 17 20 19 20 32 37 18 12 15 15 9 11 10 9 21 16 17 19 14 17 18 16 15 10 9 9 4 7 9 8 11 7 9 7 7 9 8 8 10 13 11 19 23 44 31 26 34 33 40 41 41 41 37 33 40 56 51 49 34 42 59 55 46 67 66 58 49 52 60 61 66 40 40 52 40 34 45 53 56 39 37 66 69 60 66 70 80 66 59 49 62 47 36 35 64 53 55 46 62 58 60 57 57 68 64 56 34 45 76 60 31 54 94 92 109 102 103 77 77 127 119 79 57 62 71 68 60 65 37 45 53 42 23 48 36 42 31 24 27 49 39 28 22 41 64 37 54 49 38 38 46 33 22 49 72 33 58 61 41 38 55 37 35 40 37 45 43 38 53 43 48 43 53 56 50 30 43 33 37 55 33 39 25 39 25 28 32 41 29 46 46 33 27 31 41 32 35 43 43 43 37 30 37 37 48 22 45 37 41 35 35 41 44 51 39 33 41 33 33 23 32 50 48 29 36 49 60 62 54 57 49 68 91 80 112 103 137 149 141 128 122 125 121 121 121 120 125 126 124 127 120 114 112 117 126 129 130 131 125 123 112 127 121 119 125 120 122 126 116 121 133 143 138 141 132 129 139 137 143 110 113 135 131 127 88 55 77 68 58 71 64 67 65 66 48 80 47 75 84 97 55 70 69 86 88 52 41 121 128 123 81 54 81 72 89 87 73 43 63 88 50 76 62 108 80 95 116 106 119 114 113 102 108 116 117 128 132 126 122 116 80 96 115 114 112 94 54 105 123 111 59 82 125 117 115 111 112 108 111 95 92 54 42 40 68 55 56 84 79 120 63 70 93
25 35 46 59 62 35 16 17 12 12 13 16 20 20 7 4 13 8 7 6 6 8 10 20 49 29 33 23 38 24 32 24 17 17 20 14 14 12 10 13 16 16 12 12 7 11 11 13 13 13 20 33 61 43 18 25 18 19 16 12 14 20 12 13 14 14 14 19 13 11 12 13 13 13 24 18 33 20 24 61 65 57 27 28 18 22 13 32 28 39 45 19 9 10 13 46 53 26 10 13 13 10 10 9 6 6 15 16 18 15 17 27 31 34 24 9 15 8 8 7 9 15 15 16 12 14 18 18 18 18 23 17 19 11 7 7 7 10 10 10 7 7 8 7 9 12 13 13 11 17 27 35 22 35 61 59 67 59 45 49 39 49 53 62 50 38 53 36 27 61 38 45 60 62 41 53 48 60 56 29 36 28 29 32 54 54 61 42 54 66 56 57 53 103 85 62 60 61 78 158 93 77 77 70 65 53 55 58 100 86 55 72 73 105 81 59 78 88 87 110 70 83 111 103 80 88 139 115 95 77 89 72 57 94 104 47 46 45 38 26 77 36 64 52 48 46 68 42 72 48 74 74 60 72 51 36 36 51 64 39 57 56 59 59 64 42 37 59 40 44 58 37 48 39 42 41 46 46 47 53 58 50 33 45 26 49 74 41 44 29 39 31 28 27 34 22 29 39 36 32 22 35 43 32 58 44 36 47 29 45 76 50 35 64 40 40 39 40 35 39 42 40 33 35 40 38 45 34 44 49 30 28 62 59 76 57 59 66 75 66 112 93 101 160 138 101 131 130 124 119 122 129 136 131 140 126 122 139 140 129 131 132 99 75 104 124 119 120 121 120 124 130 128 117 117 128 142 145 146 138 132 136 137 144 133 117 120 127 146 125 129 116 85 94 73 56 65 77 50 52 59 60 75 78 90 121 82 95 58 89 74 67 59 89 135 128 104 73 84 81 68 61 52 55 79 117 80 51 33 108 72 66 107 112 101 103 101 76 87 94 117 131 134 122 116 83 91 66 76 75 80 103 106 122 113 105 76 39 94 119 125 112 115 102 107 81 56 74 61 46 77 52 71 51 52 89 84 77 110 94
11 25 26 38 52 64 35 19 16 12 13 18 17 20 14 11 11 11 12 14 14 14 16 15 15 18 50 16 19 22 14 28 11 13 15 11 11 12 19 26 18 15 12 9 12 11 11 17 13 11 30 40 57 71 61 17 17 21 18 28 20 16 10 13 15 13 14 10 6 8 9 10 9 18 33 24 22 20 40 61 65 46 14 19 24 20 25 15 8 23 22 28 7 16 11 46 61 49 10 13 12 6 5 6 8 11 10 12 15 12 16 22 15 24 28 14 14 15 11 12 18 24 14 14 10 14 16 14 12 9 24 16 46 31 13 10 7 10 13 10 8 7 9 9 8 10 11 15 9 18 24 17 19 50 48 70 54 47 55 53 70 53 49 46 44 42 51 43 55 41 31 53 64 50 54 50 36 40 50 27 28 35 41 63 46 60 63 62 72 51 67 67 59 69 62 69 75 68 84 65 61 68 68 70 67 62 77 74 69 63 77 67 71 70 67 70 80 82 86 78 78 98 107 102 78 81 83 215 121 74 86 79 67 73 92 115 78 68 102 99 59 72 90 40 62 60 66 84 63 88 70 66 64 74 47 36 28 42 53 67 51 59 55 48 58 53 41 57 34 38 60 44 42 35 55 45 50 51 36 51 57 35 44 68 61 79 81 69 73 80 83 52 63 40 42 40 82 52 45 34 36 55 44 61 63 43 36 48 39 43 45 34 62 57 74 56 43 42 56 38 33 46 36 27 35 53 54 56 41 61 55 79 96 109 126 62 69 64 82 109 124 70 96 127 76 39 123 132 127 130 140 146 143 148 132 133 138 149 141 145 133 75 62 64 51 85 127 125 128 138 140 118 117 117 139 151 143 149 148 146 146 149 155 135 125 91 131 119 136 105 100 101 86 101 92 63 70 63 68 67 66 48 61 73 70 72 71 72 80 71 67 93 78 94 113 108 75 77 78 68 69 62 48 50 64 66 39 68 69 75 66 104 89 84 73 61 55 50 34 56 127 112 72 48 69 80 60 50 58 55 52 46 50 57 72 86 86 121 120 119 117 116 102 92 100 83 86 57 72 75 70 54 48 64 69 41 76 118 56 67
9 9 14 14 30 57 38 12 10 11 13 15 13 19 16 14 12 18 29 18 18 17 18 15 14 12 21 69 34 8 10 16 31 17 16 13 15 13 18 31 13 17 21 17 14 10 14 13 14 17 30 22 15 26 43 29 26 20 21 22 16 11 11 12 12 17 22 18 9 10 11 17 14 24 26 12 13 16 31 61 53 62 23 9 21 20 23 27 19 21 20 17 23 11 13 48 62 59 28 7 8 6 6 5 5 9 11 10 15 13 18 19 14 10 17 26 17 11 12 13 21 18 10 13 12 12 12 13 18 19 23 28 61 46 40 26 9 10 15 9 6 6 9 9 12 9 8 16 10 16 13 16 21 30 19 27 24 21 27 71 43 45 55 48 57 51 44 62 57 39 45 54 42 40 47 35 49 49 48 48 60 61 54 50 51 68 70 52 70 55 65 78 63 64 64 40 69 76 81 70 64 66 54 67 75 63 67 68 49 54 67 61 61 65 80 70 77 73 67 59 66 65 53 76 63 64 77 96 71 51 69 58 64 59 58 70 47 64 69 62 58 59 46 32 59 70 43 55 47 65 61 64 49 60 35 33 33 39 38 52 41 37 42 35 42 55 38 52 39 38 44 35 35 30 39 44 41 41 33 40 36 40 42 58 66 55 70 61 78 79 75 62 62 61 76 82 78 62 44 53 84 80 45 70 67 70 51 40 64 68 66 68 59 55 54 35 55 70 67 37 48 46 44 33 49 55 47 47 51 68 43 82 97 73 93 76 87 100 135 144 154 57 81 84 68 46 112 135 130 143 159 157 157 140 155 173 157 158 160 151 86 61 63 56 51 71 128 125 121 115 117 122 142 150 147 147 156 156 149 147 158 140 110 94 118 132 122 117 105 88 90 80 64 64 59 68 74 50 36 29 53 85 74 39 33 64 58 54 82 72 68 59 73 62 67 69 61 63 62 45 38 50 45 52 54 45 37 73 66 69 80 69 71 57 51 49 69 80 60 68 75 60 43 52 67 52 30 33 45 50 48 46 31 44 49 62 67 80 77 91 98 93 119 115 77 72 60 72 74 58 47 58 71 64 52 96 107 95 92 72
7 11 12 9 8 25 47 22 14 16 14 12 11 10 12 18 13 22 27 23 17 22 25 26 24 28 29 53 63 27 15 17 31 31 37 21 14 11 20 22 12 16 18 13 18 20 24 19 11 14 22 17 13 16 22 38 23 28 19 20 14 14 11 10 10 22 25 21 15 9 10 14 17 11 16 19 19 12 13 17 17 27 47 45 21 18 17 22 15 15 21 38 32 22 15 8 50 55 40 14 11 11 9 10 7 10 10 11 20 16 16 14 9 10 11 16 14 10 11 10 13 11 12 10 11 10 12 9 22 22 17 37 54 40 37 36 23 16 13 12 9 8 9 10 12 10 12 14 15 17 15 15 11 16 13 16 15 16 16 41 39 23 50 58 60 50 53 50 69 53 45 46 47 47 41 28 64 58 24 43 57 49 62 65 54 60 53 60 66 55 63 70 57 59 62 65 72 66 57 42 58 67 63 70 56 49 63 52 58 63 68 67 65 65 76 64 72 62 62 69 77 78 79 77 63 67 58 51 68 62 73 59 52 62 72 62 58 76 70 51 55 59 46 32 43 33 29 39 30 48 54 59 47 46 30 28 28 39 31 47 35 32 38 30 37 43 37 42 36 34 45 35 41 35 44 43 41 53 37 42 31 47 45 55 71 48 49 52 55 43 66 76 56 45 71 66 60 51 42 40 65 50 50 60 38 86 89 51 114 104 116 125 105 123 112 116 120 119 106 99 89 81 69 65 71 78 80 75 84 81 75 82 80 69 74 81 104 118 120 106 89 49 92 71 67 51 84 119 143 161 164 160 149 169 162 162 157 166 163 163 75 57 61 47 53 72 93 73 72 82 89 139 157 148 159 171 162 154 170 160 134 121 139 116 133 106 113 90 107 59 53 69 67 60 62 64 55 36 33 33 72 75 54 37 30 70 62 79 77 63 46 55 57 47 38 63 61 48 34 39 52 69 68 78 59 43 48 78 82 80 77 75 58 58 49 59 76 54 56 43 62 49 53 57 64 39 28 30 35 32 35 36 35 41 51 66 77 77 71 57 65 71 69 80 57 43 50 82 54 59 61 68 82 85 108 103 110 109 105 97
10 26 12 10 14 16 28 24 16 12 17 18 13 10 14 18 21 19 18 15 20 20 30 28 20 21 26 27 37 31 50 27 13 22 41 31 21 16 14 12 14 18 24 20 15 24 19 17 14 16 16 20 18 18 17 16 35 52 29 21 19 20 12 9 14 21 19 18 27 18 15 17 19 15 17 23 19 18 13 10 12 13 12 22 20 13 9 14 19 16 15 23 23 11 29 25 35 63 54 32 15 11 11 11 12 8 8 8 22 13 11 13 13 11 11 10 9 9 14 14 18 14 9 11 13 13 18 11 21 15 19 16 30 35 31 37 45 15 12 10 9 7 6 13 11 10 12 14 18 14 14 13 12 17 15 14 15 13 16 15 37 36 66 59 66 79 73 64 55 64 25 55 38 43 57 31 48 59 54 70 70 60 61 70 52 56 52 57 50 45 68 62 55 44 50 62 55 64 45 32 51 56 68 64 57 52 49 54 63 44 59 49 55 63 75 83 58 63 63 76 81 71 71 71 79 62 72 69 66 69 81 64 64 75 67 70 82 62 71 60 52 66 59 32 33 28 27 28 30 42 62 41 58 42 36 31 28 32 27 42 30 35 52 44 36 43 42 41 31 43 42 37 36 34 45 38 49 50 41 58 36 47 40 55 49 51 40 44 48 34 44 74 70 64 46 56 39 49 44 38 44 35 45 56 36 66 68 40 76 78 98 121 101 106 85 98 170 169 103 126 146 139 137 134 127 119 121 125 115 116 111 116 116 113 119 124 127 97 103 116 70 88 103 106 88 61 90 148 170 178 155 160 174 169 155 163 172 172 159 120 68 57 55 76 78 88 88 81 99 85 75 142 156 173 142 151 157 169 149 125 99 103 138 132 91 104 99 89 94 45 34 51 40 48 80 62 45 72 69 45 74 59 62 60 61 55 55 77 61 41 32 35 40 36 74 91 74 31 35 35 75 57 66 73 78 56 62 80 68 70 68 64 47 65 80 69 61 45 43 41 52 56 44 53 67 44 29 31 44 43 29 45 43 40 39 64 68 65 84 65 74 77 64 43 41 36 27 27 77 108 59 48 97 93 106 108 113 105 79 114
17 27 15 22 31 14 10 26 38 21 14 15 18 19 17 15 12 10 13 18 17 21 21 16 20 22 22 24 18 13 35 54 30 25 33 27 14 11 13 16 13 11 15 17 21 23 27 16 10 19 18 20 21 22 20 13 15 38 52 36 10 14 20 16 13 16 19 21 10 12 15 18 15 12 13 19 16 17 21 13 10 14 18 15 11 16 11 15 15 15 19 26 33 39 31 37 36 64 53 50 12 13 11 9 7 11 17 18 15 17 20 15 15 10 11 13 10 9 14 12 17 15 10 15 18 14 17 15 17 12 16 18 17 26 31 26 39 24 9 13 13 6 8 11 11 8 10 16 13 11 14 12 10 15 18 15 15 13 13 18 40 24 46 57 60 62 58 35 50 49 43 57 25 17 39 25 33 41 63 56 53 60 44 53 45 43 52 35 60 64 53 52 47 32 25 45 49 52 54 27 60 40 39 63 48 37 41 39 37 44 57 41 78 82 68 63 36 65 65 75 80 68 62 67 59 71 80 62 71 77 47 49 76 43 71 66 54 47 56 84 36 53 46 31 32 27 20 24 28 30 71 40 57 35 38 29 25 33 34 37 35 29 36 37 24 35 39 38 48 42 40 38 35 39 46 44 47 47 51 48 43 39 35 52 42 37 41 46 47 31 30 75 78 56 47 52 40 36 34 25 33 64 73 53 46 55 52 27 84 55 67 93 77 88 80 76 105 117 80 71 145 185 186 179 174 175 181 182 172 175 171 174 169 174 152 156 157 156 168 168 155 136 135 126 122 128 144 165 135 120 165 173 172 160 145 136 115 113 157 135 65 51 72 67 64 82 88 56 62 63 82 83 79 146 156 160 150 148 156 102 89 90 137 110 91 79 97 84 83 39 27 48 37 52 92 64 28 63 53 44 52 31 44 56 62 49 35 58 57 34 28 30 34 65 101 100 72 73 56 33 79 74 64 64 65 77 74 67 62 54 65 43 55 82 86 52 68 70 58 46 35 39 38 35 52 54 57 67 60 63 74 57 45 45 60 49 45 64 73 64 49 47 41 22 34 44 44 44 70 59 103 106 58 93 112 113 89 91 128 95
19 10 16 34 26 53 37 18 23 26 16 12 20 33 30 25 21 14 10 9 13 16 17 14 10 12 10 14 10 18 37 70 37 19 30 28 21 9 12 15 15 13 12 18 19 19 26 30 21 17 16 15 12 14 14 15 12 16 21 33 16 16 19 21 20 14 19 17 13 13 10 12 21 13 13 15 16 19 16 12 17 14 28 25 12 16 16 12 14 10 12 17 23 37 23 22 16 25 50 55 32 14 13 10 9 11 10 13 15 19 25 23 25 15 11 19 16 13 19 19 13 13 12 16 11 11 12 14 17 18 17 14 14 16 17 27 45 54 31 27 15 14 12 12 11 13 13 17 15 12 13 15 9 13 18 15 15 14 14 17 15 13 31 39 55 69 70 51 58 65 42 53 47 40 29 32 30 37 27 62 65 63 41 42 48 41 28 33 57 32 40 47 50 31 23 48 47 51 43 52 54 29 40 59 46 29 45 30 37 43 46 56 71 65 71 61 23 63 81 78 79 69 71 77 51 71 73 70 64 68 59 41 64 31 60 60 43 30 38 73 36 35 34 33 32 27 28 32 24 28 43 35 40 42 34 26 27 35 39 34 35 33 44 34 26 38 41 42 40 36 41 31 34 37 45 38 45 33 38 41 48 35 35 38 32 29 40 50 55 26 37 69 63 52 43 49 35 34 33 32 45 79 73 46 42 46 55 26 85 44 60 90 76 72 64 93 79 83 83 68 91 114 208 202 198 201 200 199 197 199 194 197 196 197 203 203 199 193 200 196 194 187 181 172 158 148 152 171 155 134 148 156 149 125 145 121 88 84 106 124 86 59 75 65 50 78 77 64 52 54 72 70 69 137 148 145 142 158 148 105 90 75 80 70 79 67 79 73 66 30 59 51 34 63 70 49 29 46 44 42 52 45 75 51 40 36 39 41 69 31 25 53 82 82 78 69 70 73 83 73 66 69 52 50 48 44 52 51 52 65 56 83 66 67 75 51 66 48 53 54 27 31 32 25 38 66 79 57 57 75 49 37 42 43 32 35 28 41 48 43 26 26 33 47 57 46 50 41 82 99 85 87 96 98 100 103 102 67 60 73
29 6 7 21 16 31 30 19 12 19 24 22 17 13 17 24 26 19 16 11 12 16 14 14 11 11 13 15 16 26 30 75 50 32 24 20 27 17 19 18 16 18 16 18 17 18 15 24 24 16 15 17 13 13 21 16 14 15 10 15 12 20 26 15 16 13 18 21 16 16 7 15 22 18 14 13 15 12 12 13 20 15 14 22 20 15 19 18 15 13 14 17 19 15 28 26 29 12 34 67 54 15 14 11 7 9 11 11 13 21 29 40 19 13 12 15 16 14 17 15 17 16 12 10 11 11 13 14 16 13 16 13 12 15 19 34 26 59 58 47 43 14 16 13 16 18 14 10 14 11 13 14 9 10 16 15 13 13 13 16 8 12 22 33 55 59 54 56 37 38 45 60 46 53 57 50 33 53 47 49 42 31 32 22 27 20 15 28 60 28 26 35 57 47 26 36 41 53 55 66 45 30 41 65 58 38 54 28 28 57 50 36 71 78 68 53 39 72 83 68 53 48 60 66 56 71 68 72 81 63 61 52 53 33 42 86 54 36 26 56 31 51 64 30 28 23 29 28 23 29 32 31 31 33 35 24 31 36 40 32 21 34 43 37 26 38 41 45 48 36 31 33 31 32 37 35 44 30 34 47 37 33 31 41 38 25 42 54 46 34 42 59 49 56 52 46 36 35 29 26 35 51 54 33 35 60 36 25 61 33 67 90 72 67 82 76 70 84 97 95 88 79 136 178 190 203 206 212 205 209 207 203 208 205 206 201 198 197 197 198 195 196 197 189 193 193 194 192 192 192 186 170 152 137 140 100 67 50 102 97 78 65 78 66 45 68 85 63 75 82 95 67 50 108 145 141 137 154 156 93 74 64 74 76 68 49 69 68 64 25 65 49 52 84 75 47 42 45 43 52 56 58 30 42 35 32 34 25 68 28 21 83 87 62 58 48 55 59 69 60 41 68 50 50 34 35 43 38 44 48 64 50 54 70 61 64 46 44 37 41 28 28 28 38 52 72 49 52 36 69 36 34 36 40 30 39 29 29 28 35 41 32 41 52 44 44 41 41 42 70 63 93 57 95 81 79 82 51 54 70
54 49 51 30 11 16 22 25 15 12 21 29 27 14 14 18 21 18 18 16 13 14 15 18 16 23 25 19 16 12 17 64 39 12 19 22 26 21 23 18 19 18 17 17 24 21 16 26 20 24 24 16 13 14 11 14 17 17 15 14 16 20 23 11 10 19 16 13 19 19 14 14 17 21 13 14 15 11 15 15 16 15 13 19 17 13 13 14 9 14 12 10 13 17 21 31 30 24 39 43 52 30 15 10 11 12 12 14 15 17 36 40 30 32 48 13 15 20 18 19 12 12 10 11 10 10 13 14 13 14 14 11 13 13 14 16 13 34 61 63 70 52 19 19 20 17 13 11 16 13 11 15 11 12 14 16 12 11 12 10 13 10 15 20 43 57 40 51 30 50 71 43 48 59 51 55 63 49 47 31 30 25 31 35 44 43 41 62 61 49 46 51 67 62 48 32 70 73 62 52 59 73 38 62 66 65 41 24 21 52 61 40 58 67 51 75 67 70 64 50 41 39 60 66 75 76 73 69 73 49 47 40 45 34 25 57 42 34 27 37 28 78 59 34 62 39 32 35 43 29 30 26 24 35 33 32 30 33 48 51 36 30 41 32 31 43 35 46 43 32 34 53 36 34 35 32 36 26 29 47 41 36 53 53 32 30 39 47 46 37 51 46 44 42 37 40 35 36 28 30 33 43 40 26 37 42 33 29 57 35 55 78 64 64 92 87 73 83 75 70 82 70 80 123 142 185 208 207 206 207 209 206 211 208 203 202 202 198 199 195 196 194 193 192 192 197 192 193 193 187 192 193 198 197 191 166 139 140 123 105 86 72 74 61 49 54 99 70 86 61 97 69 47 79 131 129 144 154 112 72 46 63 64 66 47 57 63 63 87 59 83 44 68 72 81 49 48 34 33 40 28 37 21 33 28 29 32 31 51 45 36 72 71 46 52 37 53 63 56 43 36 57 43 37 38 39 44 46 42 47 48 53 55 54 55 65 38 40 34 40 32 33 65 49 43 80 73 43 28 45 21 24 31 25 42 53 52 30 34 32 35 26 42 33 34 36 35 36 38 70 73 77 52 83 81 62 52 42 32 50
23 13 17 27 29 12 13 21 17 27 34 18 25 29 17 23 16 10 13 17 15 17 11 12 13 18 21 19 13 15 29 68 41 12 17 11 13 16 29 17 19 18 17 24 43 36 34 17 17 26 17 21 18 13 17 25 18 17 14 13 12 16 19 21 15 23 26 15 19 17 17 18 12 16 16 12 13 12 16 11 9 10 17 12 14 13 9 9 14 14 13 14 56 33 16 56 67 69 70 47 37 45 25 8 17 22 11 10 16 14 31 50 48 41 28 27 16 16 19 14 14 12 9 10 9 8 11 11 11 12 13 11 9 15 11 11 27 60 70 73 71 72 61 21 14 24 11 11 15 8 14 14 12 14 11 12 11 11 13 10 9 9 15 19 33 45 42 52 31 54 54 39 45 55 36 43 45 43 28 45 47 53 67 67 66 63 64 53 43 41 48 62 49 54 70 73 56 47 44 62 65 46 31 52 55 45 30 22 22 53 59 65 58 52 35 72 44 62 65 51 52 61 71 48 69 64 49 47 62 47 42 30 52 35 44 42 32 25 23 30 55 58 49 32 48 45 53 46 77 84 55 41 65 62 63 65 49 41 60 48 68 43 50 39 39 49 31 52 42 30 42 45 44 35 32 26 29 27 40 37 49 45 50 43 45 54 42 37 44 43 44 34 38 41 38 40 31 32 27 32 29 39 48 27 30 37 37 32 40 40 79 53 42 65 88 77 79 70 63 73 88 87 85 111 121 127 140 166 181 197 191 191 206 204 200 203 196 189 186 192 192 196 196 200 197 195 205 199 197 193 198 198 200 199 200 201 198 198 191 169 141 116 109 99 64 86 85 55 78 64 90 98 82 69 90 138 119 132 108 51 42 61 58 68 56 76 89 70 67 93 89 74 71 69 65 47 50 30 31 33 21 24 17 36 22 29 32 43 39 27 33 73 56 46 56 30 44 59 54 39 34 57 48 34 47 46 45 35 29 52 77 77 51 38 72 65 46 45 52 36 53 58 47 39 32 67 61 31 25 32 19 33 30 17 44 51 57 53 61 48 39 45 48 52 46 47 45 31 41 82 66 58 59 60 59 59 53 40 31 37
19 12 24 26 39 32 14 15 14 25 35 14 11 19 37 25 15 12 14 15 15 25 15 17 18 16 14 12 14 14 27 31 27 23 18 20 16 10 20 31 27 24 12 24 26 31 33 38 31 14 12 20 25 17 18 17 20 23 19 25 26 14 18 21 13 10 20 26 20 20 16 11 12 24 14 20 18 15 13 11 12 9 13 11 20 19 17 12 13 20 28 25 75 77 42 22 57 63 36 34 50 75 72 40 11 19 17 9 15 14 29 62 54 35 21 15 16 14 17 13 14 11 7 9 11 10 11 12 12 10 13 11 9 11 13 12 50 56 57 71 74 82 79 72 28 20 17 13 15 19 21 13 11 14 14 12 10 11 10 10 8 11 12 12 23 22 24 26 25 41 47 41 50 47 42 36 53 53 58 58 68 33 56 44 69 64 56 46 27 32 46 50 54 52 49 50 55 74 62 57 52 56 28 51 49 49 32 25 51 69 62 59 66 36 33 56 58 66 69 75 65 58 71 71 61 55 40 43 43 41 37 27 52 62 79 61 50 31 28 47 47 38 56 60 55 41 38 42 45 56 70 58 62 69 47 52 53 49 50 47 63 66 49 54 49 49 43 64 49 44 45 51 44 41 44 32 31 26 47 50 50 45 51 57 57 58 46 37 46 43 35 32 37 34 34 47 30 28 28 34 30 31 36 30 32 41 32 30 28 31 63 48 52 64 65 67 61 59 66 62 59 73 126 177 206 211 198 199 200 192 194 195 201 199 197 197 200 200 202 198 204 207 200 200 205 207 200 200 203 196 193 198 202 205 205 204 203 203 210 205 166 117 112 108 138 126 82 56 53 58 61 100 88 62 68 96 66 80 84 77 91 85 84 82 50 51 77 73 43 66 60 66 53 61 55 44 34 26 44 25 16 41 43 35 21 21 34 43 30 25 31 60 55 39 53 39 44 51 52 26 41 74 64 54 41 39 44 29 32 55 60 56 42 27 49 53 38 45 49 65 68 43 35 31 27 48 44 26 24 27 32 36 30 16 52 49 55 60 54 49 49 44 50 54 53 47 45 23 34 46 57 46 43 42 28 37 35 37 33 56
10 8 16 26 27 18 19 26 18 19 24 19 11 8 19 35 25 24 34 28 24 29 26 14 13 18 16 17 18 19 22 27 33 58 35 21 16 17 14 22 30 32 23 24 16 20 26 36 45 25 16 10 16 27 20 15 12 13 13 15 20 17 10 21 18 13 15 17 20 20 21 14 14 20 19 14 18 16 12 13 12 15 11 13 23 16 15 15 14 16 20 17 21 61 38 32 20 24 14 13 35 35 77 56 19 9 20 15 16 18 27 57 57 49 63 38 14 11 14 14 12 11 6 5 8 10 10 13 13 10 13 14 10 11 16 17 30 38 73 89 77 90 90 82 75 61 24 17 26 28 31 12 11 14 10 11 11 11 11 10 11 11 13 11 18 17 17 18 15 24 38 48 48 56 59 49 43 59 66 69 48 37 43 38 54 45 54 59 72 63 61 66 74 63 50 60 63 66 65 65 60 52 61 71 66 72 69 63 62 55 47 43 41 36 34 56 57 62 49 45 70 62 63 59 55 52 48 53 37 43 43 29 59 54 51 60 49 59 74 78 57 34 65 53 53 51 54 62 36 77 78 71 68 63 56 54 49 46 50 47 61 59 49 61 57 44 74 64 52 41 61 58 56 57 47 48 58 52 72 43 42 43 51 50 45 47 39 38 39 53 37 29 31 35 34 36 29 28 31 29 34 33 36 25 32 39 29 29 27 29 58 32 50 54 55 60 59 56 52 52 84 120 157 175 193 191 194 193 198 195 194 193 191 200 201 196 199 198 204 204 205 201 201 206 206 206 203 204 205 199 198 202 207 207 210 218 202 195 157 131 121 108 86 85 106 109 93 128 104 114 109 83 72 81 88 101 68 51 47 65 89 49 60 81 56 40 58 56 34 49 44 62 43 61 56 40 30 39 45 25 16 53 51 39 18 15 59 52 31 24 23 35 37 45 60 61 48 48 33 35 56 69 57 58 34 54 36 36 24 32 31 40 32 22 42 39 50 52 50 43 39 32 30 29 38 44 33 36 22 39 40 28 31 17 36 40 37 49 66 69 51 44 42 49 51 46 39 35 37 37 49 34 35 32 20 19 28 27 27 35
11 11 17 25 29 11 21 28 26 17 16 20 16 15 12 14 20 18 30 35 29 23 22 17 11 14 21 18 21 25 28 28 28 58 58 22 17 13 31 26 18 23 24 30 21 19 20 19 23 27 21 13 21 22 19 12 8 14 12 12 22 23 16 15 15 16 12 14 15 24 27 15 13 16 25 21 19 22 19 19 16 15 15 15 16 14 11 14 13 12 11 22 16 40 20 23 39 28 19 21 27 37 33 27 78 40 12 23 14 15 29 70 78 84 63 65 22 12 13 11 10 11 10 6 8 9 9 12 9 9 13 12 10 10 22 20 26 52 65 91 90 87 99 85 79 74 51 27 25 22 26 10 11 19 11 12 12 10 12 12 11 11 10 12 13 16 14 16 17 20 26 44 36 35 43 42 31 51 40 57 45 53 50 71 60 35 39 69 57 60 66 69 65 59 57 56 58 58 64 64 64 56 69 64 64 61 61 51 49 51 46 49 55 53 49 48 56 57 53 72 82 83 76 43 39 56 51 47 36 48 77 71 67 55 49 60 69 72 83 58 60 46 47 39 48 64 61 56 42 63 72 57 73 67 56 70 53 42 55 40 52 51 48 43 50 46 65 51 49 42 53 61 45 49 60 65 62 73 55 35 42 41 44 48 45 40 42 49 34 49 46 26 27 43 35 37 29 30 26 29 31 28 31 30 31 34 29 26 26 25 50 26 46 56 82 73 74 63 71 105 180 191 197 190 194 195 201 201 198 202 205 205 204 204 206 209 208 210 211 213 212 210 207 207 209 211 208 208 208 210 205 216 196 181 157 136 118 128 128 103 101 103 108 102 106 74 97 93 98 88 74 58 59 69 103 85 89 93 78 102 79 38 47 64 44 38 47 41 38 30 42 49 43 49 49 29 27 43 39 20 14 60 45 38 17 20 53 58 32 27 28 39 27 38 80 72 71 47 45 74 74 67 46 59 32 44 31 24 29 25 35 37 25 26 26 36 51 41 46 35 26 34 26 34 45 46 27 38 33 38 49 31 28 31 57 51 23 33 44 44 56 37 31 42 48 37 32 29 36 32 35 43 39 37 23 17 24 22 23 35
22 20 24 22 23 15 18 20 35 19 18 17 14 13 8 9 7 18 17 17 31 24 12 12 13 12 12 9 11 24 30 27 48 49 65 26 11 13 23 23 22 30 21 15 17 21 17 16 17 23 18 22 16 16 11 14 11 7 13 12 9 14 16 14 13 18 17 14 14 15 24 33 23 15 13 18 16 16 11 13 14 19 15 13 16 14 17 15 8 13 21 27 23 24 26 35 41 13 29 19 25 18 17 13 49 38 45 28 12 15 14 55 82 90 73 54 17 9 9 12 11 10 11 15 6 11 14 12 13 12 14 12 12 13 22 33 54 79 69 86 103 91 97 98 90 80 73 48 18 16 26 15 11 18 10 10 14 13 17 18 9 11 11 14 16 12 13 14 18 19 29 33 17 24 62 72 58 62 53 53 54 53 42 53 43 16 27 60 60 58 61 52 46 40 58 50 45 48 55 45 60 58 60 69 64 48 52 50 72 67 42 42 43 54 59 35 48 64 39 76 75 46 43 33 35 59 68 58 52 76 70 65 57 61 42 55 57 67 67 65 58 39 53 48 58 75 74 79 53 62 88 84 74 70 75 55 64 51 44 40 43 47 40 43 48 37 42 37 40 40 48 47 47 60 65 43 45 47 51 35 38 36 37 39 46 40 38 44 28 42 49 29 24 36 28 34 26 25 29 27 31 23 32 32 26 33 27 27 37 48 63 70 76 67 73 87 108 135 169 204 209 212 210 215 209 210 213 211 208 215 215 209 216 213 212 211 213 212 213 216 211 212 216 210 207 199 193 198 186 153 158 131 87 106 114 113 112 108 95 85 91 97 97 77 103 105 87 87 109 82 88 71 61 68 118 108 96 99 62 86 86 68 47 50 30 32 36 79 70 28 45 45 32 31 32 38 33 76 63 37 25 50 59 34 18 19 56 57 49 57 48 33 42 57 71 58 59 59 60 56 83 74 69 53 28 30 28 17 24 23 33 38 33 20 59 56 40 29 29 35 34 30 34 40 48 46 41 37 36 34 35 25 28 49 61 44 25 48 48 30 48 25 27 35 42 27 24 28 23 27 24 46 45 48 42 30 18 21 21 27
22 13 22 21 19 25 23 15 30 35 35 39 17 16 16 16 16 19 36 26 27 23 16 10 11 15 17 10 13 28 33 24 57 40 43 49 26 28 29 20 21 36 17 19 16 19 18 13 15 17 11 19 15 17 14 20 21 14 14 10 9 10 13 13 17 15 23 20 17 13 20 36 27 21 16 15 19 25 22 24 17 19 22 20 18 14 16 23 15 15 19 23 14 19 19 23 32 19 11 35 22 18 15 12 24 14 19 11 7 11 11 38 86 75 82 69 23 9 15 12 9 11 7 15 15 21 21 8 11 9 11 11 11 12 24 41 54 90 90 88 96 97 99 103 101 83 73 39 21 19 17 20 19 21 13 9 10 11 19 18 12 12 14 11 12 13 11 13 17 19 25 17 17 39 69 62 58 56 52 50 43 40 31 45 40 20 19 45 54 50 50 46 60 52 61 56 63 54 68 48 59 40 59 70 68 61 77 82 59 61 66 63 53 49 42 39 67 51 34 52 60 40 29 25 32 44 47 51 31 53 46 48 49 59 39 41 54 62 59 68 64 38 56 53 63 72 80 68 70 76 73 71 58 74 61 51 58 44 37 35 66 45 38 41 46 43 47 51 43 43 58 44 61 61 39 38 39 36 42 33 31 34 39 35 34 43 36 40 34 33 28 22 26 30 31 34 28 27 31 25 29 23 28 30 25 29 27 24 41 49 79 94 97 100 150 190 198 202 205 210 211 215 211 211 213 215 218 216 214 215 214 211 215 214 215 213 215 211 214 215 217 207 193 190 166 139 131 106 102 96 109 134 99 105 102 92 87 98 99 94 91 92 83 106 100 61 88 91 97 99 88 80 72 98 136 91 89 68 51 57 84 84 56 52 41 37 27 84 58 60 76 55 31 27 64 63 82 89 65 49 38 61 60 37 55 73 73 70 57 86 87 65 85 59 65 72 58 67 60 35 55 73 68 58 34 27 27 47 20 27 56 48 34 33 73 44 38 60 58 65 40 74 66 51 43 39 48 34 32 35 34 28 26 42 49 28 37 57 55 42 42 27 25 29 30 29 26 23 30 24 26 37 33 39 31 31 22 25 25 30
18 13 21 20 12 25 24 27 28 24 37 33 24 24 31 22 17 12 25 39 34 20 19 20 19 18 22 15 15 37 38 31 61 69 57 33 32 31 13 17 16 23 21 28 30 18 26 27 18 16 14 15 12 19 19 16 14 14 15 15 15 11 13 13 17 14 12 15 20 14 25 38 28 25 23 16 17 14 21 28 28 20 30 27 15 14 16 24 43 18 18 14 28 18 15 18 41 37 25 25 15 15 13 10 16 43 22 18 14 11 12 23 66 78 81 61 25 16 18 18 12 22 42 16 19 8 21 12 9 7 11 11 16 21 32 57 73 85 81 93 93 98 101 100 103 92 91 76 47 32 42 33 19 19 15 11 12 19 21 16 14 13 12 10 11 13 11 12 11 15 24 19 12 26 46 44 45 42 43 37 31 33 29 39 34 19 33 55 63 34 43 48 56 49 49 64 65 34 56 46 50 31 40 66 60 69 67 70 73 68 70 75 64 55 67 50 70 46 25 49 59 44 27 25 29 51 58 54 37 55 38 62 66 67 23 34 53 79 75 79 77 77 57 49 71 72 57 81 87 90 81 50 85 66 56 45 46 41 43 32 44 42 36 37 43 42 48 42 44 55 45 68 62 49 41 34 50 33 37 32 32 28 37 37 31 36 32 30 39 29 24 24 23 31 29 30 29 26 34 21 28 34 29 29 26 35 33 31 39 42 95 116 154 192 205 199 201 202 204 209 209 214 216 211 215 213 214 209 211 214 214 213 215 212 215 219 215 215 215 201 193 172 156 139 115 78 95 92 90 84 107 110 70 79 109 101 101 85 66 53 78 105 71 85 78 53 68 62 67 77 77 65 72 91 93 88 82 72 42 48 74 81 47 45 56 57 63 69 74 84 88 83 37 57 96 57 85 74 66 60 45 81 76 77 79 72 50 50 54 83 75 64 62 70 77 56 66 66 38 37 40 62 44 50 28 42 76 65 27 66 75 47 66 69 55 35 34 65 79 49 36 54 56 48 36 32 41 32 29 38 46 25 23 33 52 28 55 39 47 46 37 36 26 31 31 31 27 21 23 22 22 27 32 30 26 31 22 23 24 31
11 15 18 15 14 21 17 22 22 16 34 37 26 26 19 22 20 16 18 28 35 34 28 21 11 18 18 20 18 28 33 29 58 64 60 36 38 33 16 18 21 24 19 24 38 30 23 29 36 26 19 13 14 20 20 19 20 20 18 17 13 15 13 14 17 22 18 18 20 25 21 17 16 30 30 34 21 19 18 29 30 17 13 16 12 10 11 21 22 15 12 17 18 11 13 23 21 20 22 18 12 15 13 13 11 22 19 19 19 11 13 20 33 50 50 55 25 25 17 28 15 25 57 42 21 22 33 18 18 15 12 16 31 24 50 30 24 69 67 72 91 103 107 106 97 100 93 85 79 49 73 73 48 19 32 32 15 36 17 16 15 14 14 17 13 11 12 16 13 14 23 21 12 20 43 28 31 34 37 29 23 40 35 40 30 22 44 57 49 29 44 53 49 45 41 46 51 21 52 45 46 36 53 74 57 59 58 60 68 69 66 70 60 56 63 38 51 39 29 49 46 66 44 27 32 56 52 45 55 57 52 51 57 49 23 28 52 62 72 70 72 78 60 44 64 73 60 79 76 74 65 36 60 55 47 46 38 37 39 37 39 43 39 40 42 39 44 35 42 37 41 55 40 39 49 37 39 37 34 32 35 29 28 35 31 33 36 36 33 30 24 24 24 31 25 29 36 36 37 21 28 32 23 29 45 40 39 32 37 58 135 168 172 189 186 191 201 206 211 210 206 210 212 208 214 208 212 208 209 216 218 214 212 215 215 218 218 208 191 177 167 145 109 116 90 97 74 75 76 75 84 137 88 48 66 51 101 86 87 94 90 86 85 98 106 125 169 92 47 44 45 75 90 82 78 70 65 59 26 49 73 73 43 33 33 70 84 74 61 60 77 77 48 75 70 84 70 64 64 58 51 83 62 70 75 62 54 55 69 65 66 83 83 85 84 79 78 60 41 32 45 59 47 49 66 76 71 49 62 82 69 51 76 68 59 36 30 57 53 39 37 44 40 43 37 30 30 25 33 45 45 26 34 43 42 35 53 43 37 42 34 33 23 20 28 28 26 33 22 29 22 24 31 27 27 29 22 19 19 24
11 9 12 11 11 16 13 13 25 25 37 33 28 38 15 15 23 27 17 23 35 44 28 31 18 18 19 24 22 19 28 36 50 68 69 67 28 23 20 29 41 25 26 33 17 17 14 10 17 24 23 18 13 17 14 24 16 18 20 16 11 15 14 14 16 25 26 18 18 17 11 13 16 10 17 19 23 23 27 26 27 20 13 17 14 11 10 16 19 17 11 18 13 14 16 22 17 13 15 11 9 14 12 12 12 15 23 19 17 12 11 18 28 29 17 39 31 33 23 17 19 21 47 58 43 21 26 43 32 40 22 29 57 53 65 61 20 72 91 66 99 100 108 107 101 105 91 93 77 89 92 86 78 50 26 25 32 34 18 18 17 15 15 23 19 12 10 12 10 20 24 14 15 34 37 25 25 28 30 25 19 27 29 40 41 31 44 47 40 33 41 46 53 45 36 46 52 29 48 42 37 35 51 55 42 49 63 48 68 66 58 55 51 57 65 63 70 38 25 37 32 55 74 59 48 44 53 53 49 52 40 54 46 47 27 21 49 47 73 74 89 83 73 48 61 86 69 76 86 70 53 29 46 43 42 39 39 34 41 36 36 43 37 43 40 31 34 32 35 26 44 48 35 38 41 36 32 39 28 28 26 28 30 38 31 32 53 65 31 30 26 19 22 32 30 25 36 41 36 26 34 31 33 45 57 75 71 76 98 118 143 176 187 196 188 199 200 199 204 206 204 205 203 210 207 210 210 208 212 213 214 213 213 217 217 203 175 167 182 160 141 132 113 107 93 64 83 91 89 90 81 95 99 91 85 55 62 81 95 106 91 78 68 57 141 166 144 46 59 64 65 94 85 83 69 65 63 80 36 70 88 67 74 43 55 55 81 60 75 78 73 72 76 72 69 75 53 49 58 53 60 68 58 54 65 64 53 55 65 64 90 96 87 72 63 72 67 87 79 80 72 83 69 79 77 55 64 58 64 82 67 60 68 54 56 33 43 83 65 39 39 39 32 32 29 24 23 26 43 49 36 60 68 66 49 27 46 41 34 35 36 27 23 23 23 19 43 42 43 42 37 32 26 26 25 25 18 24 24 31
14 16 12 10 14 11 13 13 18 19 24 24 32 22 29 27 34 38 32 26 28 39 26 24 28 26 13 11 21 22 28 29 40 77 77 61 13 17 23 28 28 26 28 35 17 12 11 10 13 31 27 27 32 24 18 16 24 23 16 23 26 16 13 15 13 23 21 15 16 30 17 12 14 10 12 12 13 18 23 17 13 18 16 16 13 13 11 15 13 8 8 15 18 17 11 11 15 9 20 12 10 13 14 10 15 12 15 17 16 12 16 17 26 30 17 21 26 24 22 14 12 18 27 10 27 18 27 58 45 73 61 17 69 72 34 66 54 73 91 103 105 101 103 104 105 103 109 111 76 97 104 97 86 69 69 43 21 20 19 14 25 42 22 21 21 13 12 13 18 26 22 17 15 44 33 32 30 28 27 25 24 21 30 30 42 39 44 43 39 29 42 39 45 47 38 52 44 43 39 56 39 32 29 41 27 40 54 43 55 59 52 48 50 62 63 67 57 38 26 55 27 38 54 61 61 33 43 41 38 49 45 50 43 40 31 24 38 40 56 44 69 71 88 53 49 61 80 67 69 60 46 29 43 38 34 33 32 30 36 34 32 36 29 40 36 31 31 32 35 38 51 74 43 37 32 37 30 28 32 26 25 23 33 41 27 31 52 54 33 40 25 19 20 35 30 26 38 42 34 29 28 39 51 78 84 97 110 120 129 141 158 181 194 192 204 202 205 204 207 205 206 203 208 212 211 211 214 213 216 216 217 216 216 215 205 174 185 166 150 142 132 116 92 91 103 104 105 91 90 105 106 96 107 118 81 83 48 58 74 89 77 70 67 43 80 116 124 39 48 73 69 82 81 85 94 80 89 100 45 92 88 70 77 83 84 74 82 70 96 89 75 73 58 53 54 62 39 37 49 43 59 62 41 38 59 58 83 78 77 94 97 85 75 82 73 83 90 75 81 72 83 70 90 67 53 41 48 62 50 70 47 44 65 78 52 28 63 63 60 52 42 37 33 29 32 28 22 58 59 44 48 55 42 46 44 32 38 26 38 38 32 34 21 24 23 24 40 36 30 43 30 34 20 26 23 21 20 18 26 32
31 15 13 13 18 16 18 14 25 25 14 20 34 27 30 35 20 28 34 17 14 31 40 32 25 37 23 17 18 37 36 12 33 76 88 75 49 16 20 21 16 13 18 32 14 9 9 9 15 34 34 20 25 14 36 31 19 19 23 22 34 41 24 10 14 22 39 24 21 15 21 18 14 12 12 16 28 18 20 17 19 23 34 21 14 13 12 11 19 16 15 13 18 17 21 20 15 10 18 17 10 14 9 14 13 13 13 16 15 12 16 14 13 16 18 23 25 17 15 11 13 14 37 29 31 11 17 46 59 20 38 34 71 54 54 53 63 52 93 98 113 111 100 103 104 101 106 110 109 93 112 103 103 90 78 71 46 22 12 12 25 31 21 14 18 17 14 11 29 21 19 20 22 30 30 25 33 31 24 19 26 23 24 30 35 46 30 37 35 30 39 41 43 41 41 46 43 38 43 50 30 26 23 33 22 33 53 45 46 52 47 46 45 49 59 49 43 37 46 48 19 28 37 45 60 36 30 31 28 34 35 38 33 37 26 24 37 45 65 47 71 70 74 48 46 55 49 56 59 59 37 30 38 39 37 32 28 31 29 24 31 26 30 36 31 29 25 31 29 44 46 56 58 44 31 34 30 31 31 24 21 25 36 35 23 37 48 51 25 48 46 18 26 33 31 30 36 35 35 34 35 44 65 79 98 115 128 137 146 159 168 179 187 190 197 198 195 195 196 207 209 213 205 204 207 212 217 215 216 221 219 212 205 187 191 185 171 158 149 156 127 107 99 113 79 88 110 85 80 94 91 75 84 81 66 72 52 45 47 66 59 62 52 52 58 82 65 44 55 85 86 84 87 74 87 69 64 66 71 94 62 49 64 71 75 78 82 73 83 76 60 72 67 73 54 65 28 45 53 36 48 51 38 34 45 86 86 66 58 76 83 69 63 83 75 66 60 61 68 72 72 83 79 67 48 47 71 67 40 64 51 33 77 65 34 59 72 50 43 43 43 35 30 30 29 20 39 71 52 44 45 42 42 41 38 27 30 24 33 26 27 29 29 23 19 20 36 31 23 38 27 18 19 20 19 17 21 24 27 30
51 6 17 16 19 16 16 11 23 17 16 16 21 23 33 31 17 23 43 37 25 22 30 35 33 44 46 33 20 26 33 29 33 64 88 79 75 22 21 20 19 18 13 13 38 32 12 11 19 47 37 14 26 22 16 23 33 27 24 19 17 20 32 38 14 16 15 8 15 19 12 12 21 18 20 29 19 19 12 26 28 21 27 20 19 25 22 16 32 32 9 11 14 11 17 19 13 11 17 16 15 10 10 18 11 13 13 14 15 13 15 13 14 17 15 18 19 19 12 13 17 17 37 30 24 15 15 24 49 17 23 56 58 73 49 22 29 36 57 108 103 114 114 106 104 106 104 111 115 100 107 106 101 106 91 84 68 45 18 8 16 24 18 15 18 18 18 24 24 18 21 23 17 23 29 24 20 33 33 25 20 23 27 20 24 35 25 34 31 26 29 37 43 36 37 36 43 40 55 41 28 29 23 22 23 38 49 52 48 37 43 36 65 56 51 40 37 43 73 58 32 25 25 42 45 41 53 29 20 25 30 40 34 33 25 69 85 73 71 69 62 49 53 47 29 35 44 51 51 49 33 27 38 31 32 32 28 28 24 27 35 37 29 40 28 22 22 29 28 42 38 46 52 67 30 26 30 47 36 29 22 30 36 33 22 28 48 47 29 40 53 31 35 31 34 33 39 37 59 77 66 93 110 115 122 127 137 153 166 173 181 187 190 187 190 197 196 192 208 208 201 198 203 204 204 214 218 216 217 218 216 203 179 177 189 159 154 166 164 132 151 123 141 92 98 103 94 84 78 71 86 81 55 59 55 63 41 37 41 43 55 67 76 82 82 85 87 52 51 76 68 70 73 67 78 54 67 57 74 68 44 37 70 82 85 59 80 72 94 87 57 85 67 54 46 60 33 67 47 35 45 46 38 35 45 80 74 63 52 70 77 72 61 77 64 60 65 65 69 66 64 78 62 59 55 70 62 64 38 55 58 32 74 58 35 55 50 35 32 35 37 29 24 24 67 67 69 52 39 38 53 39 35 38 47 29 24 25 36 27 23 24 20 24 29 26 32 33 26 33 19 19 16 18 18 17 19 15 21 27
36 66 27 19 20 17 13 20 22 14 17 12 25 25 33 24 14 21 44 37 22 28 11 35 39 43 39 21 29 35 32 27 37 44 66 81 79 51 29 16 18 17 15 24 54 68 49 26 37 44 34 15 14 21 23 31 25 31 25 30 14 14 13 22 23 25 14 11 11 16 14 10 12 19 25 29 42 71 35 24 19 28 17 14 17 11 14 20 15 31 32 14 13 17 12 12 9 8 10 13 12 13 10 17 12 11 9 10 13 11 12 11 13 18 14 16 17 16 14 10 15 19 23 19 14 11 20 15 48 77 40 43 47 51 24 31 20 23 65 82 101 110 109 73 88 104 102 104 113 112 101 110 105 104 103 72 78 79 64 38 25 24 27 16 14 19 23 22 17 17 21 18 15 27 26 24 17 27 29 33 32 28 24 24 32 32 30 29 28 29 23 33 33 29 29 26 27 26 39 40 29 22 18 23 20 30 52 50 40 39 38 57 55 52 37 45 51 58 47 64 64 46 26 27 48 73 78 35 28 45 47 43 51 43 24 67 51 66 60 75 75 49 46 50 41 45 50 34 33 40 31 34 37 37 31 39 27 30 26 22 33 31 30 35 29 25 25 31 29 36 37 47 51 57 44 28 31 41 31 28 20 30 30 29 24 28 43 30 27 34 51 51 56 38 33 45 89 87 85 91 109 123 135 145 145 161 166 175 183 189 191 190 188 193 194 187 191 206 204 182 191 201 196 196 197 203 210 212 214 212 196 175 169 170 155 133 110 140 117 115 165 120 120 110 91 72 100 71 60 63 70 63 50 48 66 52 39 41 44 44 61 45 82 85 85 79 89 76 65 76 68 58 80 67 69 63 47 66 86 73 42 40 90 79 73 42 86 82 86 55 40 61 90 59 48 52 46 73 44 40 51 58 29 28 35 54 63 47 41 69 85 81 57 71 70 58 62 63 64 64 63 65 60 54 48 67 66 63 65 59 59 54 82 54 31 22 51 30 34 29 35 29 25 30 64 58 60 47 47 40 55 41 39 40 38 21 30 21 35 25 24 21 25 21 26 23 29 31 20 20 18 18 14 16 20 18 17 19 27 29
36 68 62 22 24 17 16 18 17 13 13 11 16 33 84 42 15 18 26 42 39 45 32 26 56 54 27 17 17 36 37 10 13 10 30 73 64 75 61 22 15 8 19 18 16 29 25 26 25 26 21 12 17 17 27 26 21 24 23 38 30 14 14 19 16 25 23 18 15 14 14 13 14 16 19 23 28 50 22 19 17 23 21 17 14 9 15 11 10 23 21 6 12 15 18 15 13 11 12 18 13 12 12 14 15 9 7 13 12 12 12 12 15 19 14 15 14 15 14 10 19 16 19 23 13 14 17 20 38 68 39 11 25 21 15 19 22 15 23 50 101 96 117 29 73 101 105 95 100 108 112 107 102 106 107 90 87 76 86 71 65 51 31 30 19 16 24 23 18 18 15 17 17 24 18 20 18 25 24 28 24 28 23 34 45 44 47 46 53 42 31 46 29 31 29 24 20 26 32 44 45 30 19 18 14 31 38 37 45 38 43 51 39 37 29 63 67 60 76 65 71 49 46 34 71 89 89 82 66 70 66 74 75 70 62 57 59 81 74 75 69 56 43 59 67 59 55 31 40 40 36 28 40 38 28 41 30 26 27 26 25 24 26 31 25 21 23 40 28 43 34 45 40 50 34 28 29 37 34 41 24 34 28 27 28 34 42 29 22 38 49 41 48 52 68 70 88 98 112 121 124 133 155 167 181 184 185 186 185 189 188 193 189 187 196 196 197 190 190 188 197 185 184 184 180 182 191 189 185 193 196 142 129 163 122 119 97 112 116 104 116 117 104 92 66 48 80 87 81 69 69 62 50 44 51 59 63 49 49 47 60 29 65 78 74 88 87 67 69 62 87 95 101 80 65 64 35 65 49 76 59 46 71 63 59 59 77 72 64 41 39 72 87 68 76 60 36 56 53 69 60 82 37 25 32 52 55 41 34 56 74 61 51 71 84 79 86 67 48 55 52 47 60 53 39 58 71 59 60 67 93 87 74 72 43 31 35 35 43 26 30 31 30 36 43 42 47 50 41 33 47 42 37 31 32 25 25 18 27 26 22 26 36 28 21 18 20 33 24 26 21 20 18 17 20 16 19 44 26 36
25 41 82 36 14 23 20 29 31 18 16 19 16 24 60 54 26 15 27 23 34 61 49 37 54 49 44 27 17 19 19 20 28 34 52 70 45 65 73 26 14 18 24 25 27 23 18 21 19 20 13 10 17 17 20 20 18 25 29 28 31 26 15 19 16 20 21 27 26 22 24 20 19 20 21 20 17 17 16 15 15 15 15 17 10 9 10 11 13 11 31 29 13 13 18 20 13 17 17 15 15 14 13 14 15 12 9 11 10 10 11 12 14 13 14 14 12 12 15 12 15 19 18 17 15 20 16 17 25 27 33 19 23 15 17 16 13 16 19 56 84 89 76 36 49 102 109 109 103 101 113 114 105 107 94 52 87 89 90 67 57 74 66 67 30 17 21 25 14 15 19 17 15 19 21 24 22 25 30 30 20 22 23 33 31 27 30 30 39 48 47 57 45 43 32 25 12 21 30 41 44 34 17 23 14 30 30 33 36 35 38 45 38 39 46 58 68 60 63 53 63 49 39 40 41 74 72 73 76 73 46 61 53 37 42 33 45 61 63 60 51 59 56 54 51 62 53 29 33 39 27 27 34 33 27 36 29 24 24 26 29 29 29 28 29 25 27 35 29 36 35 47 50 49 24 26 25 31 37 34 24 29 33 30 31 32 37 34 41 50 54 71 82 98 94 90 97 105 109 118 131 149 174 188 192 188 189 190 190 184 196 200 199 198 200 203 204 197 189 187 192 189 194 191 187 190 192 193 181 176 197 105 79 120 103 112 64 94 109 91 107 117 100 93 64 48 64 87 62 38 62 65 52 41 47 59 59 48 40 58 59 70 66 61 68 68 63 71 96 87 72 55 70 71 57 69 52 39 37 55 84 72 84 79 88 81 89 79 72 46 50 78 81 71 70 57 58 77 68 62 57 64 50 38 62 80 57 42 33 60 56 76 76 72 79 78 80 81 49 59 60 69 74 48 41 51 55 51 50 62 79 63 62 55 51 26 40 40 46 33 29 28 42 57 52 49 38 45 38 32 37 38 25 28 25 23 17 24 27 23 27 22 38 21 26 22 25 43 28 18 27 19 15 16 23 19 27 50 73 55
19 34 43 46 25 22 16 30 32 25 23 24 32 26 28 43 39 32 27 35 35 46 30 43 68 65 44 26 22 21 29 21 21 36 93 73 19 58 68 62 35 21 18 21 20 33 26 22 14 15 11 13 16 12 15 12 26 27 24 24 13 19 24 16 19 17 23 24 26 20 17 18 14 17 17 11 17 14 17 15 11 15 11 13 14 10 12 10 9 13 17 18 11 13 14 32 25 13 19 14 12 11 14 10 14 14 14 12 10 10 14 9 15 17 13 13 13 11 14 13 14 16 10 13 9 12 15 15 18 15 22 23 19 13 18 19 19 17 18 41 76 97 66 28 20 90 97 102 107 109 98 111 110 83 67 49 69 90 82 78 36 68 73 89 76 61 23 25 17 14 14 14 15 22 22 16 15 18 24 33 24 17 24 28 21 28 29 30 47 42 49 37 39 43 31 31 17 26 22 28 34 29 17 27 22 28 32 34 29 30 25 49 40 49 68 48 66 54 54 37 50 27 44 39 32 45 58 51 55 62 39 59 47 34 41 59 65 41 44 48 41 53 63 44 46 52 45 40 29 34 26 29 33 30 32 38 28 25 27 27 23 23 27 20 29 29 29 26 29 25 40 39 38 42 28 23 28 26 29 38 37 33 32 39 44 53 64 62 74 80 86 98 106 106 111 108 109 116 129 149 155 181 183 195 201 203 198 210 199 198 206 201 171 193 197 193 194 202 209 201 196 203 208 210 175 196 143 214 205 189 158 84 48 67 80 90 40 79 113 87 91 67 79 88 65 67 61 78 44 40 41 56 71 74 46 57 70 64 26 47 51 62 67 60 51 46 94 99 91 88 81 76 58 67 43 69 84 62 23 36 63 70 97 77 60 59 60 67 56 57 65 71 67 56 54 66 57 63 77 56 55 58 52 55 87 67 76 47 40 68 72 61 70 64 60 72 62 55 65 66 47 51 58 42 36 48 50 48 49 61 72 55 50 52 38 27 36 39 45 42 28 28 71 55 48 45 35 34 26 28 39 41 29 31 23 23 20 22 30 22 23 29 35 23 31 23 20 25 19 27 24 18 24 30 46 50 55 57 74 60
24 30 41 37 40 31 39 45 32 20 16 21 27 19 15 29 27 22 28 39 26 16 21 24 43 58 33 25 29 21 35 41 30 45 72 45 17 35 59 44 69 44 28 20 27 34 31 18 14 15 10 13 15 12 15 16 16 23 11 14 18 13 25 31 20 14 24 24 15 21 23 20 20 18 21 20 13 16 17 16 9 10 13 12 17 12 15 12 10 8 15 20 12 9 11 18 23 8 8 12 18 14 9 10 10 11 11 12 13 8 14 12 11 13 10 10 13 10 12 14 13 18 11 11 15 12 16 12 12 12 13 16 17 12 16 15 16 13 14 16 53 73 51 32 36 51 111 109 102 116 67 75 98 74 64 57 40 39 99 92 72 70 76 77 77 95 72 20 14 15 16 18 11 18 20 14 17 19 25 22 22 20 22 23 21 35 35 31 28 28 42 37 41 43 25 25 16 26 24 24 19 22 19 18 21 26 31 34 25 23 22 31 43 45 54 56 55 42 38 33 36 25 25 32 25 39 63 55 46 51 46 40 27 22 66 62 65 66 60 35 38 45 52 40 46 48 35 30 22 29 26 30 38 27 41 34 28 20 28 25 26 23 26 28 20 33 28 28 29 28 39 33 36 42 39 38 28 34 40 42 53 67 85 86 75 65 74 94 102 114 118 119 118 127 124 122 134 143 154 166 176 189 193 203 204 201 207 207 204 213 179 186 90 174 207 199 209 197 203 209 208 190 222 224 91 98 76 143 110 187 80 70 33 46 80 58 45 48 80 85 64 43 44 96 87 90 79 86 45 32 52 58 72 58 36 64 78 73 85 104 70 61 86 73 52 76 89 68 85 78 71 68 61 51 43 51 57 71 50 48 51 69 78 63 49 49 56 68 60 53 55 65 59 53 52 54 52 77 76 71 58 56 47 60 74 54 79 46 39 66 62 53 57 50 60 69 53 47 60 66 40 41 41 43 29 50 45 44 53 62 75 53 50 47 42 26 69 55 40 46 39 72 52 59 52 43 34 30 21 31 36 35 29 23 18 23 24 24 27 25 34 26 32 20 22 28 26 45 29 40 32 44 60 71 71 65 66 72 77 67
16 16 45 50 52 39 29 28 19 18 17 18 23 21 20 21 17 12 14 20 27 13 27 26 25 39 24 18 24 32 23 40 28 24 33 22 18 22 35 21 53 47 42 27 34 28 23 15 15 16 12 15 13 17 15 10 11 19 16 19 21 20 21 19 23 15 23 20 24 21 17 39 31 17 16 17 19 12 16 14 7 10 12 17 18 14 12 10 10 10 15 14 11 12 23 29 35 21 11 8 10 14 21 19 19 24 17 14 13 10 15 16 14 11 11 10 11 10 10 12 19 18 12 10 13 11 15 14 9 15 15 17 12 9 15 15 10 16 11 20 27 28 19 22 23 30 86 111 108 89 43 34 45 38 47 41 24 45 114 103 83 81 92 91 63 79 67 27 15 19 17 14 22 23 24 20 17 17 19 22 21 20 18 23 25 25 25 28 27 35 31 40 36 41 29 33 30 42 46 29 19 16 21 19 24 32 33 35 33 27 20 38 33 33 41 46 55 43 41 33 27 24 23 18 20 28 50 69 67 52 41 43 23 23 60 52 54 50 64 59 70 52 52 56 39 46 31 35 21 28 24 25 37 27 40 32 37 26 24 26 29 30 26 39 23 31 26 25 28 28 32 34 33 36 39 50 49 71 68 69 61 63 63 73 92 105 114 114 119 129 132 135 139 133 134 139 144 156 167 174 183 201 200 205 205 203 208 212 208 211 121 137 98 138 148 91 213 211 215 215 215 133 200 122 81 96 71 74 70 145 60 57 34 63 83 68 85 48 56 60 46 56 49 86 78 78 88 75 48 40 55 72 58 62 41 59 86 91 80 73 70 76 76 67 53 80 70 84 86 81 63 48 51 40 43 56 62 54 44 60 59 52 60 50 32 46 59 70 69 43 47 50 42 55 44 55 84 86 59 43 50 60 58 81 85 83 93 96 74 62 59 57 45 53 58 62 43 33 51 52 37 42 41 36 31 46 45 44 45 68 62 53 43 65 46 49 52 46 32 46 54 57 47 54 37 37 36 26 23 32 32 40 32 39 23 22 43 61 34 43 79 53 74 32 39 62 64 78 69 81 81 71 76 81 72 76 73 74 74 70
15 13 18 54 65 34 20 14 16 16 15 22 21 25 28 22 16 15 15 17 15 24 23 21 28 40 15 24 17 24 20 49 29 13 25 16 11 22 46 59 53 52 19 11 11 24 25 28 11 18 22 19 8 10 12 12 12 20 24 17 17 15 17 12 17 16 26 15 14 16 16 26 35 23 26 20 19 19 19 21 30 27 16 12 15 10 11 10 12 9 14 19 21 21 17 25 37 19 9 11 11 12 9 17 16 19 15 15 11 10 14 13 15 11 8 9 9 11 10 13 19 16 13 11 12 12 11 13 15 15 14 14 13 9 13 16 12 10 15 19 16 19 14 18 27 28 103 107 108 75 25 34 46 35 22 16 33 61 99 114 107 90 87 87 42 67 59 41 37 22 23 18 18 25 25 17 13 17 17 16 20 21 21 21 21 25 28 23 28 31 30 31 30 39 42 42 44 44 43 36 23 22 21 20 52 40 27 28 31 39 19 34 35 27 32 46 47 36 27 32 22 19 21 15 30 58 67 64 53 66 54 40 21 17 45 49 50 50 54 60 56 53 59 40 34 37 25 28 23 22 26 22 28 31 31 25 41 21 28 26 37 36 37 37 35 36 26 23 29 37 41 46 47 57 57 65 68 62 65 73 77 85 97 102 114 127 137 141 149 147 155 156 158 164 156 164 161 170 180 175 187 191 197 207 203 202 209 208 211 209 167 142 85 143 90 100 205 212 222 128 163 132 170 93 86 94 80 80 71 120 96 62 46 57 60 74 66 61 58 48 47 53 57 58 73 67 53 44 37 53 64 93 80 96 78 89 80 77 85 67 55 61 62 52 41 54 65 70 68 68 57 75 57 37 34 46 51 43 42 48 43 36 54 55 46 44 47 65 66 40 54 41 36 36 56 72 74 86 84 65 60 70 75 80 87 87 86 84 75 71 44 61 39 41 50 48 42 28 40 45 39 41 43 38 31 43 47 43 56 64 58 43 47 63 55 53 55 42 32 38 54 57 52 36 31 32 29 21 15 34 51 44 41 60 63 78 82 71 75 80 72 70 78 82 86 81 75 55 51 70 76 56 67 81 75 75 71 73 63 60
16 10 17 39 39 20 16 13 14 15 14 32 32 25 20 20 13 13 14 15 17 26 30 20 23 24 11 19 12 18 21 52 63 37 20 14 12 16 27 60 34 64 25 23 20 22 15 20 22 45 27 21 14 9 9 14 12 13 18 16 26 18 15 8 13 17 16 20 45 17 20 27 31 25 30 28 24 18 17 16 15 22 22 14 13 12 12 10 14 12 10 10 10 11 23 32 20 20 20 21 33 29 32 14 15 13 13 19 15 11 14 14 13 10 9 10 11 10 10 15 16 13 12 12 10 12 12 16 17 12 10 16 15 10 11 12 12 11 13 14 17 15 14 16 13 32 82 100 115 45 28 20 23 29 17 26 40 28 60 105 111 105 68 59 21 41 52 23 33 27 35 40 20 22 22 14 11 19 15 19 17 18 22 21 17 24 23 21 26 28 29 29 27 33 38 36 39 35 34 38 24 19 13 32 44 43 30 32 27 30 31 42 20 25 27 47 47 33 24 31 23 20 16 34 54 62 54 57 73 68 55 37 19 42 57 51 50 52 47 57 45 56 58 50 27 32 21 22 33 39 42 40 40 50 32 30 34 28 30 29 44 41 40 46 39 30 28 36 54 57 65 57 53 48 64 65 67 85 106 110 114 107 113 118 126 146 165 160 164 170 176 187 177 189 181 184 183 187 192 190 188 200 205 204 201 211 212 207 214 216 172 135 85 109 75 95 118 208 128 55 102 68 85 105 91 71 77 88 81 94 86 52 58 53 44 53 65 70 79 73 53 40 54 52 63 66 50 39 46 47 33 69 70 56 56 54 55 60 52 53 48 54 49 35 29 43 37 54 53 53 52 63 52 39 34 40 31 31 37 34 34 32 51 67 70 45 51 51 53 35 46 33 27 29 67 60 67 89 87 81 81 83 81 85 81 82 63 73 73 71 66 74 51 37 34 48 43 34 47 51 34 33 37 39 32 40 43 52 64 58 50 47 41 53 44 50 50 41 28 37 40 45 46 55 52 39 34 26 23 65 81 80 64 63 73 71 67 57 69 86 70 60 69 74 79 73 69 55 71 65 59 52 55 52 61 82 64 56 52 53
31 14 21 25 46 27 13 14 19 12 19 21 23 19 25 21 17 17 12 20 22 25 18 17 16 14 19 16 13 13 27 52 37 28 38 21 12 13 23 41 17 46 23 19 31 20 17 16 22 31 9 17 19 14 10 16 14 9 20 15 20 17 12 13 12 14 22 17 26 20 18 22 22 26 20 20 29 32 26 22 16 17 17 11 13 9 7 10 11 13 17 15 10 5 32 24 31 38 36 34 26 40 53 23 21 12 17 12 13 18 14 14 13 10 9 8 8 9 9 15 19 15 13 10 11 11 12 17 21 19 15 15 22 7 15 14 10 10 10 12 14 14 15 12 20 42 56 113 112 59 24 20 43 26 27 19 33 24 31 98 103 113 67 31 19 31 59 30 27 29 38 33 32 31 22 19 21 29 18 14 14 19 14 20 19 27 27 23 26 26 27 27 26 24 33 33 32 33 30 27 32 32 33 53 43 49 39 40 31 32 43 30 20 21 25 29 36 27 28 33 21 17 23 62 66 59 45 42 60 49 44 30 20 38 73 61 34 70 61 58 50 45 53 50 31 26 25 32 51 43 36 58 62 49 54 31 28 34 39 26 36 33 29 31 34 65 84 98 102 83 59 68 81 89 107 102 111 116 118 116 115 123 123 130 151 177 190 193 193 193 196 200 203 201 193 197 197 202 200 201 197 202 204 213 201 210 203 212 210 213 156 74 55 83 88 68 95 86 88 77 51 37 53 87 79 65 48 91 93 90 74 42 40 46 43 40 70 64 73 72 59 38 39 42 55 56 42 42 63 38 41 49 48 29 28 34 44 56 50 46 40 39 39 37 32 53 62 54 52 49 50 59 39 35 33 44 25 35 32 47 30 23 51 61 51 51 48 37 39 47 46 77 68 55 57 72 88 90 91 73 88 83 90 86 83 68 66 54 63 61 65 70 69 71 48 52 40 29 43 42 32 34 40 35 27 34 50 76 79 80 82 75 42 42 34 48 41 41 28 44 42 45 73 75 69 66 62 73 73 77 70 67 68 67 68 74 72 67 76 82 67 52 52 52 61 55 55 51 66 64 66 62 55 53 58 72 57 44 49 47
22 22 24 20 27 18 18 15 16 13 14 17 17 14 20 21 15 14 18 18 20 25 17 16 18 14 16 15 19 17 18 37 35 13 24 21 14 12 17 33 19 20 21 11 21 16 18 17 20 17 13 16 17 19 11 16 16 16 18 11 18 14 15 13 12 20 21 17 8 12 22 45 33 31 24 17 16 19 22 20 23 20 18 16 9 10 9 12 12 7 26 33 48 13 17 21 26 23 37 21 29 28 29 25 28 37 20 10 10 13 15 10 10 10 9 9 9 11 9 12 15 16 15 12 11 9 11 21 19 20 18 17 39 26 21 16 10 11 11 15 15 14 11 9 14 16 34 80 97 73 39 22 29 25 19 17 19 51 60 98 95 69 34 18 10 28 47 32 22 25 21 26 32 29 25 26 29 33 21 14 15 18 17 28 20 16 24 24 24 29 30 21 25 22 34 30 27 27 29 27 34 43 56 55 51 47 36 32 40 42 46 38 19 24 27 48 41 26 34 38 20 17 29 59 57 46 38 43 57 48 40 22 20 31 80 82 60 58 47 50 50 40 50 41 28 23 29 61 52 48 41 50 57 45 51 33 29 33 41 41 54 70 90 100 106 97 83 79 67 72 81 99 112 119 128 129 133 135 142 143 147 149 145 162 179 192 195 202 200 203 204 207 207 205 204 202 196 203 208 205 208 211 211 200 144 169 193 120 80 156 165 89 51 60 90 62 92 73 92 69 42 25 32 53 79 48 63 79 81 64 73 48 39 39 38 39 51 58 61 66 58 30 34 31 50 38 32 50 55 46 38 37 42 28 33 21 39 59 76 64 54 43 38 63 67 69 74 63 59 32 50 50 41 38 30 34 25 35 63 63 64 50 64 64 59 51 38 30 37 48 54 85 70 78 84 96 87 86 85 72 73 68 69 72 75 63 61 49 53 57 61 60 72 70 60 43 24 30 42 45 31 32 45 36 21 35 83 90 86 86 83 88 73 51 37 54 69 65 66 71 86 90 82 68 74 67 52 60 71 63 67 71 69 74 61 81 87 66 64 71 63 51 46 44 51 45 46 48 59 56 61 54 63 62 51 57 45 36 36 44
23 18 22 21 23 20 18 15 11 13 15 19 18 15 16 17 20 16 21 16 16 21 14 18 16 22 15 15 22 21 15 20 44 28 19 17 16 19 17 26 24 20 19 15 17 18 16 18 17 14 13 15 14 29 22 11 14 21 17 18 10 18 13 10 13 16 16 20 15 12 20 30 30 23 21 16 17 19 18 26 31 38 25 23 15 11 11 8 11 14 23 28 25 29 27 32 34 20 17 26 21 19 26 18 19 28 30 19 14 10 12 11 11 8 11 10 10 9 8 10 15 13 13 8 10 8 15 18 13 19 11 13 26 37 22 17 8 9 11 16 15 13 12 10 14 12 21 60 57 48 26 16 17 13 20 17 36 53 82 104 55 39 33 13 11 16 36 26 19 20 23 32 27 27 32 25 30 26 22 15 17 14 18 29 21 19 19 19 20 26 30 23 29 23 26 30 33 27 31 23 27 44 57 57 54 36 38 30 43 31 38 37 26 38 39 35 35 26 21 31 22 18 43 54 41 44 40 47 55 59 41 18 60 41 82 80 62 58 48 49 52 37 45 44 41 29 37 52 53 50 37 36 40 44 54 68 69 76 74 76 85 83 74 66 69 81 85 96 100 103 104 116 125 143 165 160 146 181 181 180 170 165 165 174 189 200 207 214 212 210 210 215 210 211 211 209 206 213 208 203 210 215 174 135 104 104 144 80 70 111 115 93 67 65 97 56 68 59 54 37 28 29 47 70 66 58 86 69 59 47 54 46 35 30 31 32 42 54 59 54 46 24 27 26 42 25 26 34 30 27 39 24 38 43 60 29 48 68 68 65 77 71 69 67 64 54 51 57 67 44 49 45 36 41 28 27 22 38 60 54 84 68 60 60 45 47 42 68 78 70 83 89 76 81 78 82 82 80 70 71 59 62 58 67 68 58 67 50 44 56 59 63 76 69 71 45 24 32 48 42 41 41 38 46 69 76 88 90 86 77 78 71 76 73 84 84 83 77 91 86 88 86 83 86 78 57 64 69 90 54 74 73 60 68 71 78 76 66 64 64 63 59 44 54 46 44 38 51 57 50 43 52 53 51 50 47 39 41 29 38
26 24 26 21 26 27 16 17 12 10 13 16 19 17 17 16 20 22 20 18 17 13 12 11 15 20 23 21 16 17 19 15 31 32 15 18 17 24 21 24 21 20 19 15 16 18 18 17 18 17 15 14 12 18 22 15 14 17 15 14 10 16 13 10 12 18 10 14 11 12 13 20 18 26 40 19 22 23 24 25 22 14 20 21 24 22 18 8 9 18 30 21 19 19 13 16 24 26 20 19 16 23 32 22 27 17 18 15 13 12 10 14 17 19 8 13 8 14 13 11 14 13 14 12 9 7 14 16 16 12 15 16 32 39 27 19 12 7 12 12 15 16 13 11 12 17 19 30 17 15 18 13 11 25 17 23 41 87 91 94 47 21 22 15 14 14 23 29 27 17 22 29 24 22 24 22 24 19 18 21 19 13 16 25 19 15 15 21 16 21 22 23 23 26 21 35 36 34 39 30 31 35 44 42 45 38 33 26 44 32 40 41 42 46 31 34 39 38 34 33 21 18 28 57 58 72 47 44 56 66 33 50 82 85 53 56 47 54 44 47 45 38 39 54 45 43 36 40 44 37 43 48 40 58 89 104 98 79 72 80 85 95 100 98 95 96 104 113 119 126 124 128 160 182 187 193 194 203 203 199 193 195 199 203 205 209 213 211 211 210 215 214 213 215 214 206 208 204 209 204 211 148 81 119 87 80 110 66 70 87 76 66 57 89 81 53 39 46 50 37 29 39 32 36 61 54 72 69 45 42 39 41 27 30 31 29 30 49 52 39 34 23 31 29 36 27 38 25 45 39 66 26 59 67 60 54 65 67 59 56 61 71 62 46 51 39 50 49 65 52 29 38 45 46 25 45 32 40 59 79 73 72 80 84 44 40 52 72 83 79 84 83 87 89 76 70 77 69 63 65 58 60 59 69 70 82 94 71 39 48 44 64 70 70 93 81 71 80 90 90 88 87 87 85 89 87 96 78 70 71 66 76 71 63 60 82 74 78 80 93 85 87 85 79 74 61 74 95 83 76 80 70 65 76 71 73 73 77 77 76 65 59 51 55 41 44 36 47 55 47 43 47 52 47 49 57 47 45 32 46
23 23 25 22 29 28 16 15 14 14 14 14 17 19 11 14 19 22 22 20 18 18 13 13 11 19 22 23 14 14 17 17 24 19 19 18 14 22 18 20 19 19 15 12 16 16 16 13 12 10 9 10 13 11 18 15 12 11 15 16 15 10 9 11 15 15 15 15 12 12 14 13 15 12 19 16 17 26 38 28 21 26 35 18 22 27 22 16 9 15 24 28 25 35 27 20 22 20 27 25 27 24 20 25 38 23 26 13 12 17 11 10 10 18 23 15 14 19 16 11 19 15 12 11 9 8 14 15 12 11 16 16 25 28 23 21 21 9 16 16 10 13 12 12 11 15 14 13 13 10 20 18 11 18 29 51 38 44 42 51 18 24 22 16 10 15 19 26 32 25 19 25 22 21 17 20 24 18 23 23 16 11 15 22 18 16 14 13 17 19 22 21 23 22 22 28 25 17 32 28 28 32 43 35 35 33 32 32 39 35 45 44 59 61 60 55 55 57 58 58 53 56 61 65 71 46 48 31 69 79 65 78 61 60 54 53 47 56 46 44 40 35 40 48 37 43 30 29 38 53 92 101 96 90 84 76 87 89 93 102 102 108 109 112 117 119 127 137 149 161 165 183 193 204 205 209 210 215 213 213 210 210 211 208 210 214 215 214 214 211 215 217 212 213 216 215 210 211 215 212 204 111 82 78 72 72 69 59 70 72 59 72 68 62 50 36 35 30 45 34 39 23 27 47 43 31 39 44 36 32 37 33 27 25 31 30 30 36 43 34 39 25 24 30 36 37 79 69 73 77 70 71 62 65 50 69 47 45 41 53 55 56 59 52 46 41 47 43 56 56 69 62 80 74 54 59 47 50 81 94 72 90 86 96 78 57 75 91 88 70 79 83 71 68 70 70 79 67 62 60 60 58 74 73 74 85 89 78 53 45 55 67 83 87 88 83 81 93 99 87 85 92 95 96 89 92 83 86 79 68 78 75 71 58 49 84 81 81 88 88 82 85 78 81 82 65 74 75 73 73 77 67 61 57 60 61 61 59 60 66 60 56 60 61 51 48 37 40 55 46 50 48 40 39 43 46 46 42 35 43
29 27 27 29 33 26 27 20 13 15 15 27 22 18 15 15 18 22 33 30 21 22 18 14 12 16 23 20 15 17 14 20 18 16 18 18 14 21 18 22 16 15 12 12 15 14 16 16 11 12 12 11 10 21 27 18 16 13 18 11 15 8 9 11 14 9 14 19 29 15 5 17 12 11 36 31 28 12 20 19 17 30 34 18 23 23 18 31 22 14 19 22 21 30 26 21 19 24 24 31 30 37 40 30 17 18 26 27 17 24 32 14 8 11 12 15 19 19 15 14 22 17 11 11 11 9 12 11 11 13 13 20 16 20 23 18 18 10 17 15 11 10 12 11 9 11 19 22 12 13 13 15 24 32 14 15 28 32 21 21 20 17 20 21 17 15 19 25 27 27 21 21 17 19 14 20 20 19 18 26 25 12 12 19 14 13 17 14 16 23 20 18 21 20 26 26 22 19 27 29 28 34 38 29 29 29 33 31 33 39 46 47 57 67 66 62 55 61 65 63 62 65 74 60 56 52 58 54 66 64 76 68 59 59 64 47 55 45 39 44 51 46 44 33 29 41 61 88 96 102 119 101 100 100 96 103 101 95 114 122 124 135 136 139 148 150 152 171 181 194 199 201 202 209 215 217 219 218 219 217 215 213 215 213 213 213 217 216 213 215 216 218 215 214 214 212 212 194 141 103 99 100 68 78 53 63 51 43 69 72 54 69 65 57 46 36 38 19 34 33 32 25 26 42 57 23 25 36 30 32 31 29 27 23 22 22 25 35 33 26 25 25 22 51 43 55 65 69 67 70 69 59 55 47 54 64 52 37 36 52 48 47 51 46 38 37 41 46 71 90 88 89 77 76 77 84 86 73 81 84 82 93 94 88 94 76 86 83 77 80 84 72 67 58 79 81 75 68 57 53 56 59 82 72 70 85 83 87 64 44 49 73 90 78 73 84 84 88 86 83 92 98 91 96 87 84 87 88 82 71 77 86 62 55 70 86 88 90 82 84 70 72 72 80 72 78 63 74 58 74 75 64 54 48 51 49 46 45 52 56 53 55 61 57 48 30 32 40 45 43 39 41 44 42 46 40 37 36 33 53
27 19 22 25 28 27 33 27 14 21 25 38 27 10 15 13 16 20 23 32 21 19 15 12 10 12 19 18 15 15 15 15 16 16 17 17 19 17 16 16 17 14 9 14 15 16 16 15 11 14 14 10 11 29 31 16 13 11 27 17 14 13 13 9 12 14 16 18 20 26 21 9 10 13 30 19 18 19 14 14 21 16 20 26 30 15 17 18 13 20 23 28 17 14 35 20 14 15 19 24 24 22 26 18 30 27 27 26 18 28 32 54 30 17 16 11 15 13 18 13 18 14 9 10 10 12 12 14 10 9 17 19 22 19 19 16 19 29 17 17 14 11 13 11 12 12 10 21 26 13 15 13 11 13 31 30 30 31 14 14 16 15 20 31 16 13 13 21 25 18 16 21 17 15 14 18 19 19 22 20 27 20 15 20 16 15 18 15 15 21 18 21 24 22 29 32 23 23 32 37 29 36 39 31 29 23 36 40 42 41 40 61 60 48 55 56 58 64 66 64 57 65 71 58 56 49 62 77 59 56 74 55 48 54 54 38 47 48 65 55 55 64 63 78 84 98 109 107 96 170 169 137 119 119 115 118 119 132 133 154 162 163 164 170 170 169 186 189 199 210 210 214 216 218 221 218 219 220 219 220 217 218 209 215 221 213 216 216 214 215 217 216 217 217 217 216 219 163 59 84 69 85 63 69 72 52 41 36 62 57 47 52 62 51 40 35 24 19 43 38 26 20 21 31 36 23 30 35 32 34 33 24 53 19 22 21 23 36 34 28 28 20 32 57 37 46 57 56 58 52 47 55 51 45 42 58 62 29 78 84 60 42 85 76 62 48 53 68 95 85 69 72 78 63 76 76 83 85 83 79 84 87 83 84 79 75 85 72 85 92 76 66 62 59 80 73 78 66 54 50 71 71 85 73 65 72 69 69 52 46 56 70 89 89 81 84 83 84 92 71 81 88 85 96 75 70 84 84 94 75 94 82 59 57 90 91 81 82 79 76 78 73 66 64 62 78 71 71 65 69 68 61 58 54 48 45 46 50 48 51 53 63 57 59 48 44 39 39 43 41 39 40 39 40 39 39 37 30 32 45
20 25 29 25 31 27 24 26 33 24 21 28 27 18 13 14 16 20 27 29 20 13 14 16 13 15 17 17 17 12 16 16 19 16 17 18 20 17 16 15 13 18 20 14 13 16 13 11 11 11 8 10 11 10 13 17 27 17 16 22 17 20 17 14 12 17 11 21 24 15 21 25 23 14 29 24 13 12 11 10 17 26 17 21 25 15 20 16 22 27 40 26 18 27 40 31 22 18 18 24 23 22 29 29 17 23 44 35 27 51 48 31 24 28 15 14 16 19 15 19 24 11 11 10 8 7 10 12 11 12 9 15 22 23 20 18 15 29 29 21 18 16 10 12 10 13 13 21 26 12 11 8 7 11 40 50 52 36 17 14 16 16 39 33 22 13 13 17 25 19 15 17 16 12 14 15 17 14 21 20 25 33 23 20 12 15 22 16 16 16 20 16 15 19 26 22 21 18 20 24 28 32 34 30 26 19 37 35 36 34 52 60 59 56 49 56 52 60 64 61 66 74 70 55 57 53 66 68 51 43 65 47 47 61 46 29 37 42 60 72 79 91 92 92 107 118 140 178 205 176 102 132 160 164 165 164 159 170 172 178 169 169 170 171 164 185 201 208 208 212 215 219 221 219 219 218 214 219 215 215 220 218 214 218 222 214 217 214 215 215 212 212 213 210 220 168 133 115 88 90 61 78 62 69 68 39 48 24 40 44 38 46 43 69 45 33 31 25 38 43 24 24 35 25 26 23 23 32 22 27 21 41 69 23 22 22 22 33 29 29 26 11 47 48 41 47 61 51 57 44 42 48 42 37 53 64 55 62 81 76 80 66 91 68 77 82 82 82 83 72 73 70 69 61 73 64 65 68 73 64 70 78 77 77 67 73 85 89 83 85 82 66 55 83 84 77 73 62 49 49 78 85 79 74 68 73 63 52 53 64 73 77 85 87 89 87 77 79 83 76 83 92 92 86 82 93 93 93 88 80 102 90 75 74 87 81 81 87 81 78 78 74 69 63 56 76 58 69 62 68 63 62 52 46 40 45 44 49 44 47 44 62 56 48 40 43 51 32 40 37 36 39 37 38 38 37 35 17 35 41
21 24 29 25 29 21 24 23 19 29 23 21 18 25 21 13 14 17 24 26 22 17 16 14 20 16 19 15 12 13 15 20 15 16 17 16 15 14 14 14 14 13 16 17 13 18 15 15 18 10 12 11 9 12 14 15 24 25 9 17 16 23 20 13 16 18 16 17 27 22 19 15 19 26 24 23 14 13 13 12 16 16 18 14 21 13 14 14 32 28 37 23 37 52 29 17 18 22 21 31 44 33 18 19 12 28 36 42 30 42 29 22 15 15 38 34 14 16 14 16 16 12 11 12 9 9 13 15 12 14 15 15 13 19 25 17 17 17 23 22 15 12 15 12 8 11 17 28 23 11 7 10 9 12 21 38 36 31 17 16 13 16 21 27 25 14 13 16 15 16 16 14 18 16 12 14 16 20 19 15 21 25 23 18 14 17 23 18 18 15 16 16 16 18 23 21 17 16 13 17 26 26 34 27 26 20 42 43 29 31 46 49 55 56 60 58 63 65 68 71 65 69 59 51 54 46 45 57 47 42 60 38 38 71 49 70 60 74 82 83 82 80 100 126 143 142 180 198 221 222 212 197 182 175 166 154 158 167 173 187 192 190 187 192 192 207 209 214 219 217 219 222 222 223 221 218 217 221 220 219 219 212 153 136 200 214 215 219 215 215 216 217 218 204 188 118 121 93 106 104 74 93 46 61 42 53 79 61 51 29 30 33 32 69 63 31 32 19 50 43 28 57 76 25 26 18 21 37 35 24 21 51 48 40 15 19 19 26 24 24 20 21 40 66 44 59 62 43 48 44 44 39 32 36 46 73 51 63 78 71 59 71 74 65 64 78 72 78 71 76 73 66 73 57 71 53 65 58 60 61 67 71 62 74 58 76 84 89 70 66 64 63 51 72 69 65 66 59 49 55 84 84 84 69 59 73 64 53 60 72 75 77 80 90 92 88 87 71 79 90 91 92 89 96 88 93 91 97 89 84 100 99 91 77 76 84 80 78 78 73 71 75 64 77 69 70 56 70 58 68 58 57 52 46 43 45 48 49 39 48 54 62 46 41 45 45 46 39 37 34 35 37 36 40 36 41 33 27 37 38
19 26 26 33 32 22 22 23 21 27 23 19 17 20 26 14 13 14 24 23 13 14 14 15 17 16 17 17 13 14 18 15 12 11 13 15 10 11 13 15 13 15 15 13 15 15 15 13 18 11 9 10 10 10 13 15 22 37 15 15 22 22 22 17 17 14 16 15 18 17 16 13 11 24 27 14 14 16 12 13 11 24 24 19 16 14 13 15 47 25 32 26 43 28 22 27 31 23 29 26 34 34 32 17 18 37 40 47 22 35 26 9 11 12 19 45 16 17 16 14 16 13 12 13 11 14 12 12 11 13 13 16 14 19 18 14 13 12 20 22 18 15 11 32 30 25 17 16 19 28 19 9 14 16 11 24 25 17 13 15 14 10 15 37 42 15 18 18 12 13 15 17 18 15 15 14 16 14 16 17 21 19 18 17 12 16 18 19 16 15 17 10 15 16 21 19 17 19 17 24 22 23 28 36 28 22 38 48 25 32 49 39 47 62 63 58 61 58 59 62 46 61 39 41 61 46 61 63 45 38 62 44 44 44 64 78 74 70 71 86 95 119 131 168 187 195 209 216 221 220 220 205 200 189 188 185 191 196 201 200 208 203 204 201 201 206 213 215 218 217 217 223 221 221 218 219 220 220 223 222 224 191 148 119 184 216 218 219 217 216 170 172 214 103 101 90 102 87 83 74 47 68 60 46 34 67 80 60 57 33 27 29 30 71 46 28 24 20 40 33 30 65 65 41 23 19 15 23 26 19 24 50 41 54 33 15 19 21 26 35 19 33 58 74 61 78 70 52 38 36 32 64 53 72 82 78 72 83 80 67 60 68 69 66 58 64 69 76 62 71 66 72 69 62 65 53 55 54 52 59 51 56 55 62 53 56 59 69 62 58 50 46 57 61 67 75 64 68 57 57 74 80 88 71 57 81 73 69 65 66 77 83 84 91 91 71 77 78 79 86 84 85 86 94 83 91 89 96 94 94 93 85 79 74 74 83 84 74 66 64 62 66 65 71 58 52 49 62 58 57 64 49 43 44 46 39 45 42 46 49 58 54 47 46 53 47 39 41 41 37 39 36 39 35 37 41 29 39 39 47
22 19 19 30 26 23 30 30 16 22 22 15 18 14 24 24 23 23 23 25 16 14 19 17 13 15 14 18 15 15 21 18 14 11 14 14 14 10 14 13 17 17 17 18 12 13 15 17 13 16 10 10 12 11 13 11 13 36 15 14 19 16 15 18 17 11 15 15 17 17 29 32 17 15 21 23 16 14 12 11 18 13 18 33 29 12 17 35 29 27 32 27 20 22 30 25 13 17 23 28 28 17 14 19 34 15 30 25 25 24 17 12 10 19 22 22 16 14 14 12 13 14 16 19 11 17 12 13 11 11 9 11 12 19 17 13 17 11 13 22 25 22 22 42 38 46 29 12 9 35 40 31 20 30 15 17 18 17 15 13 13 10 15 54 68 33 23 17 13 15 14 18 19 15 13 16 17 16 14 17 18 19 17 14 14 14 17 17 17 19 16 14 14 16 21 18 16 17 14 22 22 26 30 35 23 16 40 45 19 23 49 38 44 55 62 48 59 54 68 63 55 54 32 36 44 33 54 89 56 47 66 69 75 93 69 59 70 83 97 115 138 152 169 184 207 207 216 221 229 228 224 214 200 203 201 188 190 190 193 208 213 210 210 210 212 213 219 221 222 223 222 225 220 221 221 225 222 221 193 179 213 146 114 121 165 222 220 213 214 221 107 127 221 108 101 91 93 84 71 66 41 62 66 53 30 48 67 54 61 38 29 24 19 37 40 31 25 23 39 37 44 69 64 53 16 20 16 19 21 26 51 85 50 49 44 16 17 15 31 53 29 33 66 73 68 79 74 46 45 37 61 69 71 81 81 69 70 74 78 67 70 65 63 62 59 49 58 61 60 63 70 68 60 60 55 47 51 50 53 50 40 49 49 51 53 43 52 49 56 57 60 62 51 62 74 79 83 73 61 62 63 78 74 72 58 96 78 80 71 71 61 86 90 93 82 65 73 82 88 87 85 99 90 91 90 83 80 90 87 81 85 90 82 76 77 86 90 73 75 66 57 55 67 56 49 51 43 57 56 63 55 46 41 44 41 47 48 48 42 45 49 47 51 48 51 34 38 40 41 35 45 40 38 39 39 38 38 43 46 45
25 19 18 18 22 27 28 23 24 24 20 15 14 15 20 31 35 35 28 20 20 16 15 15 13 11 17 15 18 22 23 16 12 12 22 16 12 12 14 14 14 15 14 18 13 13 11 15 14 14 14 14 16 11 17 16 13 28 45 16 18 18 18 17 13 13 13 13 12 15 23 25 17 11 14 15 16 13 13 10 12 12 23 42 45 13 32 27 37 37 27 30 17 15 20 26 21 17 18 19 20 18 29 29 16 33 19 20 15 28 26 17 21 16 13 19 16 12 19 18 18 14 17 25 17 21 10 17 16 11 13 17 13 13 15 13 14 16 17 16 31 39 30 37 58 56 52 21 18 32 47 63 35 44 23 13 18 18 17 12 14 12 13 31 40 33 26 15 13 22 28 16 16 16 13 16 15 15 10 15 15 20 16 13 13 12 18 15 15 17 16 17 12 17 17 18 18 18 18 19 21 19 33 40 22 17 43 45 20 18 32 31 43 56 61 35 41 36 55 49 48 44 38 29 39 40 43 61 91 85 85 81 79 100 99 108 118 120 124 140 170 179 201 212 219 222 224 229 232 232 224 219 208 200 198 190 194 200 206 213 206 217 214 214 214 216 216 221 224 224 224 226 225 221 222 223 223 208 125 102 108 66 66 94 115 195 219 222 220 215 84 137 186 109 83 72 72 78 72 67 57 45 72 65 68 68 79 64 62 55 56 72 79 51 33 29 26 32 38 31 49 64 90 79 32 16 18 16 19 29 68 76 59 42 36 34 47 23 26 48 33 55 68 77 64 55 62 72 68 45 71 76 75 76 77 62 78 75 64 52 59 61 62 57 54 44 57 52 53 60 64 55 52 52 53 42 44 42 46 46 42 42 55 58 61 60 41 51 55 52 49 61 51 47 65 67 65 64 59 57 67 66 58 63 65 84 68 65 77 85 84 92 101 90 83 73 99 97 86 90 88 88 77 78 85 70 84 83 82 78 74 83 73 74 86 84 79 63 66 66 62 66 54 59 53 50 45 53 59 62 57 47 47 49 50 49 45 41 37 50 47 44 52 52 46 36 37 36 32 35 41 35 34 44 34 42 44 50 47 56
29 21 19 16 21 19 23 19 18 18 17 17 17 20 18 23 26 23 30 27 26 14 16 16 12 17 24 32 23 24 21 21 15 13 19 21 15 18 18 12 15 13 13 17 13 10 10 15 15 13 17 16 19 17 20 17 12 26 46 16 18 15 15 14 13 13 14 13 14 17 16 16 22 20 19 9 17 17 16 10 14 14 23 36 45 25 20 20 41 45 26 26 35 20 13 17 23 16 19 17 16 24 29 24 22 25 19 13 23 24 31 18 15 14 22 18 40 37 18 21 28 17 14 17 15 19 15 10 12 10 12 14 17 13 13 12 15 14 10 12 18 41 53 32 53 53 37 25 18 31 43 39 23 71 33 12 22 22 14 14 17 18 20 26 35 36 22 12 16 21 14 15 18 16 14 13 14 13 14 16 19 17 17 16 15 12 17 15 15 13 20 20 13 13 20 18 16 13 18 19 22 21 26 39 23 17 37 35 17 21 34 29 42 52 43 34 29 32 43 29 37 39 29 35 67 92 74 90 94 72 91 98 107 113 115 119 135 151 183 186 200 207 211 216 222 221 228 228 231 233 227 219 218 212 209 204 207 205 209 220 216 217 221 217 219 222 221 225 222 222 224 224 222 220 222 223 220 88 63 64 101 64 50 97 86 119 189 210 185 130 88 72 84 84 83 77 76 78 65 58 68 64 66 50 57 82 78 77 93 86 87 91 89 48 40 28 26 32 36 26 55 84 70 62 41 22 15 14 20 46 69 58 50 56 62 37 55 28 54 48 40 58 70 76 59 51 48 59 62 63 62 75 54 67 66 69 78 68 64 53 49 52 55 48 45 49 45 48 52 55 52 43 46 39 50 37 43 43 45 41 39 39 57 62 66 62 66 74 75 64 52 62 53 43 56 60 64 58 54 61 73 77 65 65 65 62 56 62 69 78 98 90 84 91 83 84 76 73 72 83 79 82 83 83 87 78 85 73 85 78 91 82 66 75 87 74 81 63 66 58 63 60 54 55 51 44 39 50 48 55 57 51 53 48 47 47 43 40 34 48 44 39 37 46 44 37 32 34 40 46 50 46 34 38 40 42 41 52 52 52
21 14 16 24 21 19 19 22 21 18 16 16 17 18 19 22 18 26 30 26 20 17 17 14 16 16 21 28 26 27 20 19 16 16 13 23 20 18 18 10 14 33 23 16 16 9 11 14 15 15 17 14 12 13 16 22 24 24 22 14 13 17 22 20 15 14 21 21 19 21 30 35 20 15 18 18 11 12 11 11 10 12 18 25 21 25 25 27 28 42 48 38 43 31 26 26 27 12 14 15 24 23 21 20 23 14 15 17 20 22 16 21 16 13 20 36 38 22 28 21 27 19 18 16 14 15 17 18 12 11 10 14 16 16 13 11 14 22 12 10 19 49 64 46 38 51 29 19 21 27 22 17 13 44 39 10 11 14 13 13 14 14 16 27 52 44 43 16 11 14 15 12 15 10 13 12 13 16 13 15 14 16 14 13 18 14 15 15 19 18 16 21 17 15 20 17 13 14 18 17 23 22 26 39 34 36 47 34 13 26 29 21 38 42 45 38 29 22 79 74 54 53 61 61 79 91 123 140 118 104 113 132 139 149 178 191 193 203 207 206 196 209 218 229 226 227 229 230 232 228 231 224 219 222 217 209 221 225 220 222 224 222 224 223 222 224 222 220 223 222 223 221 217 220 220 221 223 124 89 74 71 77 66 93 85 76 96 74 98 89 76 69 96 97 78 81 86 72 55 61 59 75 55 56 55 90 76 88 73 49 76 90 96 44 31 26 17 39 28 34 31 74 66 61 54 30 16 17 70 58 59 47 47 43 55 57 57 87 84 50 59 63 67 62 55 65 51 48 55 60 71 66 55 56 60 71 69 60 63 58 47 52 53 37 42 49 43 48 47 45 47 50 43 45 48 35 35 35 42 41 55 44 69 59 51 60 70 55 55 54 73 53 44 39 46 69 62 63 50 50 52 74 68 68 63 63 66 68 90 91 85 87 88 91 86 77 75 80 73 72 69 61 69 77 83 73 78 76 94 74 86 87 81 82 79 67 72 72 70 62 62 63 56 57 55 42 41 37 42 52 49 43 43 41 42 47 42 47 40 48 41 38 39 48 44 46 45 49 46 50 56 53 61 60 55 51 53 59 61 71
27 16 17 19 18 17 17 19 20 18 16 15 18 15 15 17 20 22 24 24 23 26 17 12 13 16 19 29 32 32 23 20 16 19 15 18 18 14 19 16 19 21 26 20 11 12 11 15 15 17 19 18 13 15 16 19 25 18 17 15 13 10 24 23 19 15 20 16 14 15 15 33 40 11 13 16 13 9 12 11 9 12 14 22 17 14 13 11 13 21 33 31 33 25 31 30 24 15 11 13 15 15 18 16 20 21 16 20 25 19 18 19 23 14 27 25 25 12 14 32 46 23 17 15 15 14 24 15 15 14 8 13 13 15 11 10 10 14 14 12 14 40 50 31 37 61 47 18 17 27 19 14 12 15 37 12 15 13 12 15 22 21 24 40 66 37 21 14 11 12 16 13 11 15 11 9 12 21 16 13 22 22 20 15 15 11 12 16 19 16 19 21 21 22 20 20 11 13 13 15 19 19 34 37 36 36 52 36 25 32 27 23 35 38 43 29 25 24 58 60 81 87 73 65 107 109 98 124 135 126 141 178 198 204 210 205 204 198 208 215 216 214 226 227 230 229 229 232 233 233 232 220 225 228 226 224 219 229 230 222 230 223 223 219 221 220 220 223 130 151 198 133 112 184 213 222 229 157 90 81 79 67 56 70 58 53 67 67 75 85 57 45 55 64 60 62 69 80 68 60 61 53 43 38 42 75 67 69 90 109 113 101 104 43 22 26 22 29 32 25 39 63 61 53 48 24 20 11 58 57 48 34 59 66 64 66 53 71 72 74 65 55 73 59 58 48 42 53 48 61 55 52 67 59 64 72 65 62 63 65 47 46 44 38 40 44 42 44 41 37 39 37 55 36 44 37 30 31 36 51 71 57 73 69 65 65 74 54 69 61 57 60 45 47 50 48 57 45 50 49 72 78 73 71 69 68 77 82 89 85 91 86 91 90 89 78 78 63 64 63 64 62 69 63 82 74 81 82 81 80 74 81 72 76 72 72 64 71 59 62 54 53 59 59 57 43 43 40 46 46 51 45 36 41 43 41 37 34 44 54 38 27 45 46 41 50 54 59 64 57 70 74 65 63 72 68 54 50 63 69
17 13 19 16 16 18 17 20 14 13 17 16 19 17 20 17 21 27 26 22 24 24 20 25 13 22 14 26 34 27 19 19 17 20 17 20 20 16 16 21 20 16 17 21 15 14 16 14 14 16 18 16 12 18 16 12 21 13 18 17 14 13 14 13 15 21 17 12 10 15 34 60 39 61 21 10 12 10 6 9 10 10 13 25 18 12 12 16 9 29 20 19 16 12 13 22 17 18 11 13 13 18 18 17 28 35 22 20 27 14 17 17 15 14 13 21 17 27 24 25 33 30 17 18 16 12 13 19 17 14 16 15 12 10 9 10 12 12 12 16 29 40 45 46 40 55 46 18 12 12 22 29 12 16 21 12 18 16 18 17 22 25 20 40 67 60 26 25 41 36 32 12 8 13 14 14 12 16 16 13 26 24 19 19 17 21 24 16 17 22 30 15 16 18 15 16 17 17 15 16 17 18 26 23 28 32 40 35 23 24 25 24 23 23 25 29 46 60 56 77 74 79 107 116 111 110 141 189 191 180 189 201 218 218 221 223 218 217 221 220 220 226 227 236 231 230 227 231 233 230 229 232 227 230 230 229 227 230 222 220 221 218 221 214 220 214 210 190 92 103 96 72 106 103 211 219 208 72 76 80 66 66 47 55 69 48 56 64 93 68 50 42 53 45 50 61 66 77 79 66 56 56 42 35 58 70 52 62 90 106 95 91 103 41 25 33 19 32 54 29 32 49 72 56 32 21 16 36 65 52 40 49 71 67 79 46 70 58 59 61 46 38 54 52 39 50 43 66 52 56 45 46 59 59 66 88 90 74 61 59 54 50 43 37 42 47 39 34 37 31 39 63 84 34 79 58 44 29 39 63 65 58 62 62 54 58 64 57 61 55 53 56 58 70 43 59 59 55 59 60 79 81 71 73 76 74 81 86 80 84 94 84 92 85 86 66 69 60 64 68 51 62 72 76 74 68 79 76 77 71 68 70 69 71 67 64 55 62 59 65 56 53 61 56 48 42 45 43 49 39 52 40 43 42 46 43 39 40 44 57 55 57 64 73 67 72 72 65 75 82 70 66 76 70 71 81 86 86 85 84
28 14 13 14 11 16 17 17 17 15 17 17 17 17 16 18 22 24 28 25 18 24 29 28 20 21 21 22 25 24 23 18 19 20 19 20 17 17 17 20 17 16 13 14 14 14 12 14 14 14 16 13 15 16 16 18 14 10 15 15 12 16 23 13 17 17 17 13 14 16 17 31 10 52 53 19 16 12 13 14 9 11 9 23 25 12 13 10 13 32 15 18 22 15 12 15 10 15 19 21 22 17 18 19 39 22 22 22 24 30 19 14 14 18 13 15 13 21 18 37 33 40 41 45 35 31 23 14 19 31 16 16 14 17 12 19 15 11 10 16 39 45 48 49 49 54 70 69 48 15 15 28 16 11 17 14 15 22 25 30 37 48 43 48 59 68 72 59 51 54 57 34 15 16 15 11 14 18 16 21 49 44 36 31 29 21 22 26 27 16 22 34 31 18 19 18 15 13 13 18 16 23 32 30 27 25 33 27 23 23 24 34 31 40 67 79 68 88 109 104 109 109 113 126 143 176 201 214 217 216 216 221 220 219 224 221 224 228 230 224 227 229 228 227 225 229 232 235 238 230 228 225 226 209 225 219 217 222 223 219 220 215 217 219 215 218 219 175 91 93 75 74 76 94 204 203 144 56 76 81 78 88 69 39 41 33 48 66 65 51 40 46 67 42 53 60 77 91 91 75 74 72 63 52 66 52 48 71 91 73 69 78 89 36 33 26 24 60 43 34 19 46 68 36 20 22 19 47 67 45 35 69 63 62 47 29 75 66 46 63 57 58 60 62 48 72 83 79 64 53 39 47 59 53 66 77 75 73 55 55 63 55 29 32 35 36 33 28 73 91 59 85 72 62 78 100 94 38 55 64 61 61 48 49 55 53 57 47 55 55 57 62 73 78 70 63 62 64 62 73 86 79 83 81 78 86 94 87 82 80 83 74 82 83 59 67 66 54 61 55 58 57 63 62 68 68 76 67 68 56 60 67 63 61 59 54 59 59 65 65 52 58 57 49 48 44 43 41 49 41 45 40 43 42 50 48 54 67 64 65 61 67 76 74 81 77 80 81 74 85 83 84 81 85 83 83 85 69 69 85
21 19 18 20 18 14 18 20 16 17 15 23 21 16 20 24 23 23 16 23 20 29 30 36 32 14 20 20 24 28 29 17 16 18 20 22 19 15 14 15 16 16 17 15 19 17 17 12 9 12 16 16 17 14 15 24 16 14 12 11 16 14 16 15 10 11 11 11 15 14 14 30 55 57 61 36 13 12 13 10 11 10 10 14 26 21 18 20 21 24 25 15 18 12 17 14 12 9 11 21 26 24 22 29 30 20 19 22 30 31 29 30 21 22 12 14 16 18 25 31 63 63 58 59 38 16 36 55 13 30 22 22 32 29 19 18 16 21 21 19 37 46 59 71 75 70 46 72 79 66 32 22 25 23 34 27 13 17 25 30 35 53 74 51 51 62 84 78 64 70 60 56 25 8 19 14 13 16 27 37 64 51 46 40 38 40 33 29 53 25 25 43 53 25 15 20 20 15 15 24 22 20 27 30 29 27 30 24 21 32 51 63 65 86 128 99 98 80 185 192 208 196 181 150 176 196 212 223 225 219 221 230 226 218 230 228 229 224 222 223 217 223 232 228 224 219 222 223 217 221 219 217 206 119 212 200 205 216 218 218 210 216 213 212 212 223 221 161 84 79 61 54 65 103 116 50 73 73 78 68 76 49 57 54 44 38 46 69 65 46 44 58 44 32 28 33 74 83 80 75 75 68 88 62 76 65 61 67 74 48 55 72 87 69 63 34 25 54 39 32 17 55 59 38 20 19 25 46 80 50 49 68 48 47 51 57 64 55 34 48 58 43 49 69 59 65 69 58 74 57 47 47 54 53 61 78 75 74 47 56 51 72 57 44 36 42 35 34 89 83 84 82 70 72 82 87 79 79 48 63 53 52 46 44 42 40 47 51 58 57 62 68 80 79 73 74 78 76 80 81 87 73 82 74 72 89 86 90 88 85 62 60 64 60 56 62 62 59 61 47 51 53 59 56 62 63 66 59 63 53 54 59 44 54 55 49 53 52 66 54 65 59 55 59 48 48 43 38 43 45 48 54 57 62 74 77 75 72 82 87 88 84 78 87 82 81 82 86 87 85 99 87 90 85 88 89 82 65 69 76
20 17 15 20 18 12 19 17 18 16 21 18 17 19 16 19 19 19 16 22 21 21 21 32 28 22 15 21 20 21 24 18 15 18 24 20 22 13 20 18 17 19 19 18 13 14 17 15 10 7 12 12 14 14 18 14 17 26 17 11 18 14 17 25 16 9 11 12 18 14 17 18 32 44 39 47 52 36 31 20 14 8 13 10 16 41 35 27 21 32 20 16 12 19 21 10 12 11 12 15 27 26 33 27 19 16 19 31 28 17 32 33 33 24 14 11 13 14 36 60 60 57 56 67 42 33 20 47 23 22 36 45 57 18 18 16 21 29 37 30 39 54 55 65 84 88 66 34 73 85 62 24 23 20 27 47 34 14 17 16 14 16 38 72 20 47 79 85 85 75 69 68 50 20 17 14 17 14 31 56 44 58 50 43 39 44 43 46 46 27 34 38 56 42 23 20 24 21 19 23 27 21 19 28 21 26 36 37 52 72 70 74 125 177 169 64 67 70 85 74 232 218 208 212 195 204 217 226 223 223 222 220 222 216 222 221 217 218 194 213 210 212 214 195 201 202 208 207 213 217 209 211 156 91 188 216 212 218 222 217 226 223 217 221 221 220 203 88 102 65 81 78 50 64 90 80 80 76 63 69 78 28 35 44 44 35 42 59 45 39 37 43 35 29 28 31 56 56 67 65 72 69 57 58 74 72 62 69 65 45 66 65 58 50 62 30 19 51 43 35 18 59 52 38 17 15 40 72 65 52 49 49 33 39 41 48 40 45 41 50 51 44 56 64 51 50 47 54 43 56 46 53 62 76 70 78 72 67 48 45 52 80 87 80 33 54 41 59 90 71 88 75 79 68 94 92 83 72 75 81 63 55 43 44 49 37 40 41 55 64 75 77 74 67 56 85 93 83 94 91 101 82 80 71 84 83 73 79 68 70 69 64 65 57 55 61 62 57 50 52 51 56 59 61 65 55 55 51 54 52 54 58 61 54 56 51 53 54 61 58 64 45 53 51 48 58 56 55 63 73 75 82 86 84 84 76 83 94 94 82 88 92 90 92 96 87 89 90 89 70 75 82 89 87 90 85 82 69 72 76
19 16 16 15 16 16 20 13 20 16 17 13 21 21 18 19 19 18 22 28 22 17 27 31 27 29 29 24 18 18 22 22 19 23 16 22 19 22 16 16 22 22 21 21 23 21 18 14 9 13 11 13 14 12 13 10 10 22 15 13 15 10 15 26 19 13 13 16 18 14 14 15 24 55 45 23 35 36 45 38 17 17 10 22 14 14 17 16 22 31 35 13 19 19 17 18 15 15 12 19 28 25 30 22 15 20 33 27 20 21 26 16 18 27 20 18 15 19 36 46 61 69 61 67 66 40 43 52 35 27 35 46 44 42 11 20 29 37 49 42 52 63 52 53 70 86 82 76 64 78 71 51 25 29 27 17 33 38 22 24 29 28 21 49 73 62 81 91 96 83 78 65 55 61 55 27 37 22 19 59 57 54 68 65 51 53 43 51 54 58 54 51 59 30 29 28 39 23 22 32 45 36 32 40 37 29 40 55 68 54 85 92 130 216 241 237 216 206 214 230 238 229 213 211 211 195 212 213 211 220 221 212 205 205 185 201 214 196 192 202 198 192 201 195 208 189 209 209 208 207 208 226 134 97 124 216 220 223 219 223 218 223 221 222 229 228 199 95 137 78 71 68 57 72 89 84 89 83 67 76 53 28 30 40 30 27 53 53 46 43 43 44 43 35 23 37 57 47 53 47 51 41 43 51 48 40 52 54 54 46 87 63 57 59 58 49 28 58 51 52 47 61 39 35 13 11 57 50 44 51 34 40 32 34 40 42 31 31 32 44 46 35 53 54 47 51 60 39 39 56 56 54 65 76 70 69 58 46 39 40 50 70 70 71 56 83 70 86 80 78 93 88 83 90 95 91 77 65 69 64 66 53 46 48 50 40 44 48 58 64 73 69 96 65 60 87 101 100 97 82 98 95 94 80 98 83 83 81 68 67 58 65 57 72 69 54 61 58 57 60 52 55 53 56 56 50 56 51 46 56 52 46 45 53 52 63 54 50 54 53 61 61 69 68 71 69 70 74 82 87 85 95 86 92 77 81 87 80 81 87 81 92 88 91 82 89 84 86 92 93 86 86 85 79 83 75 87 76 84 92
19 17 13 18 18 12 16 18 17 16 16 15 18 18 17 17 17 20 21 22 24 25 36 30 27 28 31 28 24 21 20 21 19 19 17 18 16 21 17 13 16 27 31 29 20 18 13 10 13 10 13 15 13 11 14 15 14 17 13 14 13 14 18 22 20 20 20 17 16 13 11 13 16 50 43 52 44 18 28 32 16 26 35 29 28 14 8 7 11 24 18 16 17 18 15 11 11 16 16 20 19 25 20 21 21 34 18 25 17 18 23 16 21 34 37 38 25 33 29 30 54 62 70 62 65 57 58 31 69 48 37 46 51 68 51 23 16 25 46 38 51 68 69 51 67 77 85 83 40 85 50 64 70 48 29 15 22 20 55 35 21 24 22 27 88 60 79 75 93 98 84 72 67 60 73 53 45 11 26 34 76 56 59 56 63 51 81 76 60 43 70 60 44 29 53 47 31 30 20 23 31 33 27 42 59 68 45 51 50 62 104 113 135 207 218 205 209 201 222 216 218 218 222 220 219 225 223 226 233 225 220 221 227 215 224 213 216 202 201 193 178 196 201 203 200 203 224 216 214 228 225 211 97 78 122 227 228 220 223 223 231 230 221 186 142 85 92 68 69 63 55 59 50 40 57 55 57 78 62 80 56 21 20 20 19 29 56 48 43 37 40 41 28 23 21 46 45 43 42 40 36 27 35 39 40 48 49 40 46 49 76 56 47 50 49 53 33 39 44 39 41 40 37 24 16 14 44 44 41 48 21 40 37 27 31 36 30 30 37 33 46 39 60 52 43 57 47 39 41 53 59 42 52 58 51 43 39 42 31 32 70 66 78 73 65 69 76 89 68 82 79 73 69 77 85 78 75 69 62 65 72 73 67 57 56 59 56 62 66 66 68 72 99 80 86 83 85 101 99 100 96 86 85 86 95 76 84 78 91 70 58 66 59 91 83 40 54 48 53 71 42 45 88 73 60 48 60 60 52 51 70 55 54 47 65 57 59 57 64 69 73 72 77 79 83 82 82 91 93 96 94 97 96 96 96 101 93 96 104 77 89 98 87 85 85 95 99 90 77 85 92 86 97 93 94 92 85 86 93 81
18 17 17 17 21 15 14 12 14 17 18 16 17 16 15 14 18 20 15 17 15 24 28 26 25 32 28 24 16 17 19 22 20 13 12 15 15 20 17 15 10 17 24 28 23 21 14 13 11 11 14 13 20 14 11 12 16 16 16 14 10 12 17 21 14 18 16 11 16 15 14 17 15 33 46 30 31 27 21 29 27 43 38 35 23 30 36 20 12 18 27 28 20 20 9 22 19 16 14 18 15 14 22 16 26 31 14 21 15 12 31 29 31 22 19 28 31 22 8 16 37 67 66 71 69 69 63 50 47 71 50 36 44 46 34 35 18 23 37 60 47 57 92 63 60 86 76 73 79 74 81 47 67 78 49 30 37 26 63 27 18 19 26 19 48 56 85 91 90 99 101 91 90 72 68 52 64 17 40 33 50 90 49 38 43 58 45 69 84 86 81 68 35 37 38 47 34 26 33 25 31 35 47 84 95 83 71 83 89 77 108 127 163 233 235 230 227 211 214 220 224 232 218 225 224 225 230 229 224 225 224 223 217 222 197 185 183 197 205 216 219 212 222 218 225 228 216 218 219 212 184 163 79 74 105 220 230 237 227 212 153 122 94 74 80 60 73 63 59 66 50 61 62 56 53 43 62 69 61 58 55 41 32 22 19 30 40 50 24 38 33 30 47 22 19 37 44 43 27 46 27 21 30 32 35 38 40 40 49 64 69 54 40 41 50 57 32 46 33 33 46 48 42 21 15 29 53 56 48 38 26 43 35 27 25 19 24 31 32 22 30 33 47 53 42 33 40 37 47 51 49 42 44 46 45 41 37 53 38 34 64 53 62 59 50 59 72 80 71 72 68 48 48 62 70 68 73 63 66 61 61 82 75 58 66 55 84 84 52 65 75 90 88 81 81 79 83 92 86 85 80 71 87 101 102 87 76 86 102 91 68 86 73 96 77 63 50 51 52 69 58 55 97 94 87 64 65 71 59 52 95 78 74 66 104 76 70 80 91 92 87 86 90 76 84 97 105 98 97 90 91 93 97 93 76 82 78 92 91 100 88 91 84 92 95 94 98 90 80 97 97 91 87 85 84 66 89 103 93 77
18 18 15 16 18 16 9 13 17 15 13 15 12 15 13 13 17 19 19 19 17 27 33 32 27 26 27 20 14 16 17 17 21 19 15 13 13 18 18 14 16 20 27 23 23 18 12 12 9 16 13 12 27 21 13 11 11 14 18 14 10 14 17 20 18 16 19 14 17 14 11 17 27 37 38 55 52 24 22 26 18 27 49 51 36 30 40 40 21 18 57 33 18 36 35 12 9 14 17 12 20 24 40 22 13 14 19 32 22 20 26 32 33 19 14 21 19 32 27 18 23 56 78 53 57 74 60 64 53 45 62 67 48 28 56 73 40 18 16 31 57 31 78 84 74 64 81 80 94 76 87 89 63 76 80 68 55 41 61 51 46 37 18 20 27 93 88 92 85 87 103 100 99 77 24 70 74 49 39 49 63 50 91 71 52 46 44 42 75 86 70 54 46 37 43 44 35 46 48 26 45 63 141 177 160 132 140 127 111 97 132 163 169 184 191 172 189 188 191 200 203 199 180 200 199 197 187 197 199 194 199 200 199 198 201 194 208 226 216 218 221 219 219 220 205 209 201 214 224 231 119 91 81 87 95 127 146 139 83 75 84 84 94 48 68 67 64 62 72 56 50 65 51 68 56 47 72 56 50 62 48 71 52 22 23 24 38 61 30 53 67 70 70 32 17 62 61 36 30 37 30 28 25 29 31 32 30 30 30 67 60 53 55 42 40 50 40 52 40 29 43 44 31 45 47 40 22 43 31 34 32 28 40 34 17 23 33 38 33 24 20 29 44 47 44 39 43 48 46 54 50 36 45 48 36 50 51 51 33 47 51 61 61 46 51 63 89 67 66 70 55 49 41 55 53 58 63 62 54 63 63 81 89 86 98 95 75 70 62 92 81 93 80 78 75 72 70 80 77 81 74 72 94 99 101 99 75 87 100 88 74 85 91 97 79 88 60 76 68 92 79 73 106 95 86 82 68 70 96 76 93 95 91 97 95 96 98 99 104 99 103 102 94 88 93 100 93 98 99 98 92 97 78 97 100 96 87 99 100 102 89 93 99 95 90 92 88 90 87 89 79 74 97 92 84 98 73 82 73 69
15 17 11 14 16 12 17 17 22 16 17 15 14 18 17 15 16 20 18 15 14 30 23 25 24 24 19 19 20 15 17 17 15 18 12 12 14 22 24 24 21 25 22 18 23 18 20 9 12 14 16 14 22 21 16 13 13 16 17 14 9 11 18 16 16 20 17 12 14 16 15 16 12 16 30 33 25 15 15 21 16 24 32 44 33 32 31 28 24 32 45 26 37 37 45 24 10 12 11 9 10 21 28 15 11 11 22 27 33 37 42 41 43 30 12 33 32 36 49 37 23 31 56 79 75 65 81 68 64 52 50 46 69 31 36 58 64 50 26 23 35 45 41 45 83 71 62 91 69 78 77 80 89 97 88 74 90 68 41 62 36 45 31 22 24 76 103 94 80 97 100 103 104 110 74 76 62 37 52 24 29 15 61 104 106 67 39 55 66 57 56 50 55 45 53 36 32 31 39 60 104 118 132 133 151 146 162 156 158 162 171 188 179 177 178 183 203 193 216 209 195 203 191 185 190 168 195 201 198 204 195 224 222 221 219 228 217 223 225 218 216 226 229 226 233 234 238 219 222 198 76 66 75 61 60 61 93 108 91 76 87 72 82 44 79 78 60 56 64 54 71 66 66 54 61 104 89 57 50 54 47 65 54 62 30 20 34 45 50 61 48 39 41 47 45 77 64 44 27 29 16 18 23 25 24 27 37 21 26 59 46 47 44 40 39 33 24 39 34 29 41 35 28 70 60 59 35 45 37 39 20 30 40 27 17 22 36 29 30 21 18 28 49 51 42 31 29 31 44 53 58 70 67 65 44 36 40 45 36 41 43 49 63 72 59 77 67 55 73 69 51 37 35 44 38 54 75 54 63 73 74 79 70 80 75 69 69 64 82 94 88 93 83 77 78 67 79 96 74 77 77 81 89 97 96 87 73 93 93 83 79 91 87 90 86 95 85 70 51 85 106 105 96 90 103 91 89 96 102 104 104 93 93 85 90 78 72 98 96 88 100 96 100 103 101 95 93 96 94 96 93 99 87 84 78 90 83 100 100 98 99 91 89 88 89 85 84 95 101 91 84 93 94 86 87 96 85 83 76 96
16 14 13 21 12 12 14 16 16 13 17 18 15 14 18 22 20 16 15 20 12 19 26 30 23 20 20 18 17 17 33 24 16 16 13 12 17 23 28 24 19 25 17 23 21 15 22 13 16 14 13 19 19 15 13 11 10 18 28 11 10 12 14 19 13 13 19 15 12 13 22 17 18 18 17 11 25 12 12 11 25 14 18 24 13 26 32 36 35 28 28 26 24 28 33 42 19 12 11 11 12 13 10 11 14 20 20 26 31 50 51 64 50 58 64 23 36 54 67 56 41 31 26 60 85 89 69 72 75 60 46 46 62 55 53 33 17 53 71 52 20 33 51 23 76 92 66 67 89 66 69 81 85 93 101 89 100 99 88 66 21 32 31 22 25 47 89 107 112 106 103 107 95 104 113 110 77 36 38 28 24 44 103 105 98 97 118 89 49 37 41 50 42 40 43 49 76 89 92 99 111 120 134 153 162 156 153 154 165 173 172 181 188 212 211 211 202 182 205 182 197 184 174 204 187 208 206 224 210 215 219 219 217 215 212 225 224 232 229 230 232 234 230 173 130 196 154 98 73 73 60 51 60 47 44 80 116 102 79 76 75 68 74 39 70 59 46 37 50 62 62 54 69 46 58 103 84 58 43 43 43 70 64 60 62 33 48 51 35 45 45 40 32 31 64 60 69 67 32 34 53 17 20 23 23 27 23 28 58 59 45 50 37 31 33 57 52 31 52 28 34 31 31 60 50 45 48 55 34 35 19 19 35 31 39 22 30 25 31 22 28 61 46 50 37 21 31 27 23 61 64 64 63 66 42 46 42 59 42 43 38 45 79 77 51 75 63 68 79 62 48 42 48 40 53 88 89 64 44 54 42 59 73 74 65 56 60 57 82 82 84 81 84 79 76 82 70 99 92 74 64 97 102 91 92 80 87 93 81 70 97 94 82 90 110 97 106 63 39 105 105 90 82 101 109 111 93 99 104 105 92 90 87 84 87 79 80 105 94 92 97 91 102 98 98 109 101 89 90 89 91 96 97 104 99 101 88 92 97 96 90 95 97 96 96 101 95 89 67 89 87 101 90 79 87 93 86 85 91 98
18 14 14 14 13 13 16 17 17 14 13 14 13 11 14 16 14 15 17 22 22 19 26 18 22 25 29 26 24 20 29 23 20 13 19 16 13 27 25 25 28 20 22 26 24 30 18 11 20 17 19 19 14 14 13 9 8 13 20 8 8 9 14 17 19 32 31 22 11 11 15 15 25 20 21 16 25 18 16 26 46 29 18 31 27 32 30 31 23 27 34 31 27 41 30 14 38 36 20 9 13 14 16 30 30 27 20 33 41 59 43 41 44 46 73 48 37 34 73 68 68 38 41 48 48 94 85 76 72 65 72 53 36 64 64 53 40 50 54 70 43 44 71 70 57 66 80 54 74 101 77 67 84 96 95 108 101 97 103 102 99 57 24 22 16 35 59 92 70 45 69 98 111 116 117 113 117 108 98 95 85 108 71 65 75 36 60 66 55 60 51 64 83 88 102 107 118 113 112 120 131 129 138 150 176 192 204 198 207 198 206 214 197 184 187 180 211 203 181 175 198 203 218 227 209 221 199 198 204 213 215 229 230 222 221 226 222 230 230 213 209 126 91 90 69 87 83 97 89 78 51 53 57 45 42 73 86 70 66 52 74 61 63 56 65 60 56 42 39 55 60 50 52 45 41 74 62 45 38 42 53 78 69 65 61 48 50 46 26 40 41 33 27 35 64 48 43 51 64 58 62 50 19 18 21 22 21 53 65 65 51 36 41 44 37 45 51 47 53 26 32 34 36 58 45 39 30 34 29 27 19 18 21 44 51 33 25 32 33 21 22 47 42 27 28 20 18 26 30 50 57 50 55 53 71 74 65 84 45 47 42 41 87 58 38 59 56 54 73 58 55 44 42 47 83 79 74 71 70 52 35 34 63 66 58 49 54 69 89 77 81 76 74 76 92 100 88 91 91 75 61 109 99 97 84 78 93 93 100 93 89 89 81 83 107 98 105 58 56 105 100 92 80 107 105 103 94 98 99 99 92 88 89 83 85 76 91 98 97 84 88 100 105 102 92 95 88 80 88 80 89 91 84 97 97 94 97 91 89 90 98 101 99 104 101 87 98 102 88 96 96 97 92 80 84 80 79 67 55 92
21 13 14 12 17 11 14 13 14 20 16 20 18 15 15 16 15 17 16 17 17 13 24 21 18 23 30 24 24 29 26 24 20 14 17 16 19 19 24 29 29 20 17 25 20 23 19 19 25 20 17 17 17 16 12 10 10 12 19 10 7 10 15 13 16 36 38 33 12 14 20 18 28 28 17 32 49 24 15 11 17 29 37 31 17 14 13 23 22 17 22 29 29 35 20 16 18 38 34 19 12 25 25 41 54 25 28 46 49 29 12 10 33 51 53 64 33 24 53 75 66 70 38 41 46 72 88 91 87 65 66 56 54 24 59 84 74 57 36 40 38 12 51 86 56 16 49 76 61 96 103 65 83 90 99 92 105 103 93 96 101 104 79 47 34 28 46 86 58 74 57 41 49 93 91 109 88 56 55 62 63 44 42 43 50 64 80 92 101 101 109 114 115 112 112 114 119 115 123 111 141 166 182 208 195 201 184 189 201 191 204 185 159 186 187 199 171 174 189 181 215 215 217 180 189 213 201 207 207 197 216 220 224 234 242 216 174 123 86 67 82 89 93 71 50 69 85 83 79 80 53 50 54 36 44 61 76 65 44 67 72 53 55 54 59 55 53 46 50 52 58 51 48 51 68 108 59 39 42 36 58 63 48 50 41 57 51 43 32 34 52 50 36 53 69 52 39 60 54 56 66 49 17 20 63 19 36 51 48 53 51 51 33 36 33 30 53 47 40 29 25 24 32 46 46 44 39 36 27 28 28 15 14 54 40 20 12 34 26 16 40 40 37 24 24 18 22 24 39 52 46 47 39 64 65 60 68 85 56 48 34 38 80 48 28 43 53 59 89 84 55 46 38 73 62 66 65 60 60 50 29 41 67 66 59 55 62 70 75 74 76 68 70 76 95 87 91 87 79 78 81 103 97 92 82 87 92 89 93 95 100 82 77 99 97 102 100 74 91 101 97 95 82 95 97 102 89 88 88 89 82 91 85 86 76 83 91 101 97 86 95 100 95 97 89 82 74 80 80 76 93 91 86 94 86 80 84 105 100 84 93 93 83 87 98 97 102 91 88 102 94 100 89 76 74 77 75 55 44 74
22 17 9 12 16 14 17 15 15 15 14 15 17 14 17 15 15 19 19 16 17 16 21 23 18 24 22 20 30 33 21 18 14 13 17 14 21 20 22 24 19 18 20 29 18 19 20 35 27 16 21 19 17 15 13 11 9 13 12 9 11 8 14 19 10 26 23 42 19 14 14 25 32 16 18 20 21 20 15 16 26 27 28 24 21 33 28 15 13 20 14 19 23 15 19 18 22 25 15 27 15 25 25 23 26 23 22 17 22 7 14 23 63 53 36 49 25 43 29 49 69 67 70 25 40 45 51 90 93 97 91 67 58 42 59 52 76 83 71 44 56 35 41 61 79 81 77 93 72 95 84 100 92 61 72 94 96 106 106 105 97 98 101 105 95 76 58 67 74 63 86 73 74 56 46 35 39 52 62 47 40 71 95 93 96 103 110 109 112 112 116 116 119 123 120 119 124 124 130 140 138 126 167 175 157 172 168 147 151 141 175 189 188 184 190 215 210 208 205 198 206 210 209 204 196 165 185 210 201 226 242 234 197 173 116 71 72 79 76 90 90 87 87 72 54 68 73 86 80 86 47 42 45 44 23 55 51 57 55 64 60 42 44 42 35 45 48 42 41 55 54 49 46 40 47 71 59 50 69 34 76 71 47 33 34 40 40 36 25 35 40 47 40 47 59 49 35 56 48 45 44 42 22 43 51 48 60 52 40 42 50 55 41 37 34 26 41 55 73 80 58 47 50 51 59 49 48 41 34 20 24 16 18 40 45 30 14 29 32 15 43 38 56 38 18 18 19 18 31 58 39 49 39 69 54 48 53 76 46 55 33 58 69 48 26 37 44 76 73 62 62 47 44 67 55 57 59 53 53 53 29 25 45 52 47 50 56 57 59 60 72 68 65 80 94 78 81 76 81 84 87 89 98 87 91 89 92 87 78 96 91 75 92 96 90 94 88 74 83 94 88 84 94 97 95 94 83 86 84 89 84 84 90 100 80 88 96 102 91 86 94 101 93 87 73 78 79 78 67 70 95 89 87 93 97 97 73 100 98 85 84 90 68 81 93 104 99 85 96 83 93 84 75 77 75 74 60 51 50 70
32 20 12 12 14 18 15 16 12 16 18 15 15 15 21 19 14 16 16 14 15 16 20 24 28 29 28 28 29 28 19 21 18 17 15 14 14 21 25 23 20 17 18 27 25 26 26 34 35 22 22 19 19 19 21 13 19 21 16 12 8 9 16 12 9 23 33 39 41 23 30 31 43 28 19 28 23 30 20 28 49 31 21 30 39 58 53 29 23 18 13 18 15 10 10 12 19 17 20 20 17 13 12 17 18 23 40 14 28 33 35 66 64 49 32 20 32 42 38 33 52 72 74 70 60 48 53 45 64 91 94 84 77 46 59 94 78 69 65 75 60 64 56 56 56 86 67 78 69 84 92 85 108 95 63 89 94 100 106 110 109 108 100 72 44 41 55 53 38 53 62 59 73 83 96 84 88 97 96 95 101 102 104 109 112 111 119 120 120 122 127 126 130 131 132 138 135 138 136 146 142 86 117 168 147 177 159 183 198 187 197 204 202 194 195 183 195 187 195 198 206 191 192 181 177 90 113 211 202 164 112 98 64 82 80 77 74 67 74 81 80 79 82 87 83 98 104 109 108 92 51 46 38 54 45 65 41 50 65 80 50 43 38 40 35 38 43 30 40 47 43 45 57 44 32 45 47 48 67 41 65 58 51 42 34 44 49 34 26 35 34 44 38 37 53 38 50 50 33 38 42 35 29 61 50 41 42 43 43 42 42 45 40 26 37 68 89 82 80 89 94 85 79 69 56 48 45 34 34 18 34 31 25 43 40 28 21 24 26 17 22 38 55 41 17 17 16 18 33 57 40 42 39 59 49 40 43 59 43 41 26 42 57 40 26 28 44 65 66 49 50 44 54 56 41 49 50 50 47 50 27 30 43 46 45 41 53 41 66 64 71 78 61 80 84 76 66 79 77 81 81 82 92 84 90 68 84 79 72 97 88 65 85 85 88 86 88 81 83 92 95 89 91 95 87 92 87 82 91 77 89 91 103 86 85 90 89 92 95 93 74 92 82 93 80 91 107 81 81 72 102 101 86 93 98 91 87 101 99 83 93 95 76 90 97 104 96 76 85 73 88 94 75 80 71 72 64 54 36 56
38 24 11 12 14 13 15 14 10 14 13 13 19 18 17 15 21 17 17 17 15 16 20 21 26 26 20 29 37 26 17 21 24 24 17 27 25 26 24 18 16 20 20 23 25 29 38 36 40 33 22 23 16 14 21 17 18 20 21 14 10 7 14 13 10 24 24 23 53 45 43 40 44 40 49 40 34 49 37 35 46 60 56 27 53 44 31 76 64 47 51 29 15 11 17 3 8 15 14 18 24 27 19 23 34 20 31 61 52 59 82 66 51 28 42 32 18 25 58 42 41 62 53 55 71 31 43 16 16 65 85 82 85 93 81 81 89 92 74 68 61 57 53 62 56 81 81 82 75 72 73 88 95 103 112 103 99 91 88 89 90 79 63 56 60 68 90 100 97 106 102 102 100 103 108 107 105 100 97 101 105 111 118 115 121 124 143 150 143 129 127 132 135 139 143 142 137 142 138 141 142 86 99 195 186 189 202 208 212 216 190 203 194 183 182 184 208 200 226 219 232 235 192 125 95 46 46 66 100 85 71 53 62 59 73 64 81 84 91 84 81 94 87 80 102 108 98 108 108 76 47 59 58 63 73 76 57 45 81 65 45 34 37 53 73 41 34 44 30 40 48 44 69 56 29 41 49 44 61 63 55 53 38 34 30 36 44 36 26 31 35 42 30 48 49 40 47 36 32 34 30 30 26 56 52 54 51 40 39 52 50 41 41 25 54 65 86 64 64 62 71 74 65 84 75 56 50 27 24 16 28 47 54 60 46 44 52 29 23 16 15 58 47 40 25 16 15 20 24 60 39 35 34 32 37 35 43 55 50 28 18 28 54 41 22 39 55 67 46 44 39 35 27 57 41 46 34 45 41 39 23 20 23 35 35 38 38 39 62 67 58 67 62 81 83 64 75 76 71 67 75 76 85 85 81 69 72 63 73 95 85 70 80 83 79 77 73 84 92 89 95 81 88 93 83 89 87 78 93 88 96 101 90 71 78 71 72 78 88 86 81 93 94 97 94 100 93 97 75 83 101 93 92 98 100 90 92 96 92 89 74 76 83 87 98 103 95 85 76 79 68 101 75 71 66 60 60 69 54 64
33 33 14 16 14 13 14 17 15 17 17 15 15 17 17 18 18 14 17 17 19 17 18 21 19 25 24 32 28 20 22 24 27 26 20 35 24 24 25 18 17 18 21 20 26 30 31 33 24 32 31 20 16 14 19 22 16 16 19 11 6 14 15 11 13 17 14 25 62 67 40 40 49 45 47 58 48 46 49 45 57 59 65 79 52 54 53 62 79 69 49 54 46 12 49 65 20 12 16 9 12 21 14 20 21 29 32 60 77 60 72 77 43 32 30 33 31 56 54 69 54 47 28 35 80 57 59 33 12 55 82 82 86 102 94 100 98 90 97 66 79 67 50 60 54 76 67 48 61 72 77 75 94 89 83 75 72 54 64 67 71 81 88 86 103 103 99 103 107 107 97 108 113 106 104 103 93 103 108 113 113 114 116 117 123 122 134 138 135 133 134 144 155 160 156 139 146 143 169 188 166 90 99 169 183 176 198 195 170 190 204 180 192 191 203 213 192 153 189 205 181 131 92 78 64 44 56 52 50 88 77 57 52 45 56 58 75 80 92 92 105 89 78 77 89 109 116 110 106 105 66 47 58 49 62 71 66 64 74 53 40 39 33 40 73 77 66 53 53 48 45 42 61 57 48 55 50 68 52 47 50 43 37 33 33 45 40 34 23 27 29 37 32 57 48 41 43 36 31 33 26 29 39 54 54 64 49 36 46 86 65 37 35 24 74 96 99 55 93 83 72 64 70 65 64 59 68 66 36 30 30 44 61 43 57 54 52 40 33 20 20 48 38 24 21 26 17 29 19 54 35 35 45 32 45 45 42 56 27 23 27 32 49 32 18 48 38 68 53 49 39 35 30 28 32 40 35 29 41 38 25 17 29 30 27 37 74 51 46 50 72 72 54 67 86 71 86 78 79 73 64 73 87 74 71 68 73 59 67 81 71 69 71 79 74 80 87 90 80 76 77 73 68 72 88 82 82 77 83 95 89 91 81 71 61 64 72 73 66 86 84 87 101 84 89 98 89 91 83 80 79 71 81 87 96 87 89 79 90 82 94 91 70 81 97 101 83 82 57 81 73 90 80 62 61 58 67 86 67 66
36 38 25 24 14 17 16 17 12 13 15 17 15 14 15 15 16 15 21 21 18 18 21 17 17 27 36 36 33 20 19 18 27 31 35 37 32 29 21 25 20 15 16 20 32 29 26 29 31 31 27 15 15 19 20 21 17 16 13 11 8 18 17 14 17 21 16 34 58 71 69 51 48 42 42 45 50 65 61 53 61 43 35 47 75 69 61 56 65 70 75 56 53 33 27 68 79 48 12 11 17 16 14 8 27 40 16 57 67 73 36 32 23 28 14 16 70 70 73 62 71 72 36 13 29 82 107 65 67 59 81 91 89 84 93 96 99 98 105 74 64 98 93 72 52 63 95 92 97 96 90 85 80 61 60 69 84 100 96 97 99 88 95 93 92 99 110 108 112 110 116 108 98 103 106 109 107 119 118 116 119 126 130 130 129 124 138 141 136 146 150 155 166 158 178 174 181 177 172 171 121 92 68 108 181 186 200 211 223 213 208 202 224 219 111 161 76 43 47 82 83 86 85 69 90 92 65 74 88 65 66 67 56 52 59 49 55 69 91 88 98 77 77 69 64 85 105 125 122 89 39 30 55 53 53 50 51 49 45 35 37 26 30 54 44 50 58 69 58 63 46 46 54 47 56 47 54 56 49 47 46 39 43 30 27 44 41 34 24 23 32 27 32 50 55 49 38 37 27 31 26 32 55 41 51 60 54 42 42 69 51 32 27 28 66 50 58 71 68 52 71 67 84 56 58 42 74 61 74 83 83 73 56 57 61 50 56 58 43 50 50 50 44 28 43 49 20 29 22 48 28 38 40 35 43 31 26 45 24 17 34 37 41 31 26 42 41 63 55 48 43 31 39 54 48 37 30 27 39 34 18 17 25 32 33 37 67 49 39 38 75 68 44 75 90 87 81 72 65 79 74 62 75 68 65 67 71 58 68 81 74 61 76 72 73 88 74 79 83 74 73 69 55 57 65 69 59 71 82 91 83 77 74 66 56 60 62 78 80 98 85 80 93 88 95 94 91 83 87 70 73 73 82 87 93 92 91 83 88 77 98 73 91 89 100 86 83 80 73 72 73 75 76 73 64 63 80 68 64 58
19 25 30 22 14 17 13 9 12 17 18 14 15 16 19 14 17 18 19 14 16 18 22 16 21 21 31 31 36 23 24 23 20 22 32 25 29 31 26 19 20 16 16 18 25 29 28 26 27 28 28 18 12 12 18 17 14 19 22 18 6 9 14 12 22 17 20 33 39 68 71 71 66 46 60 47 41 83 72 71 67 34 21 20 57 85 74 54 30 25 47 42 41 47 47 15 21 14 14 11 13 9 12 21 18 18 50 101 66 55 52 29 26 15 14 15 61 58 65 89 71 78 78 49 33 25 74 79 84 93 95 76 87 88 96 91 100 100 102 108 83 86 86 99 96 89 93 92 78 59 51 80 87 101 115 108 110 110 103 98 89 96 111 106 111 109 108 106 112 106 117 117 113 116 116 120 118 117 120 128 128 128 133 131 131 143 141 135 161 164 156 163 170 180 181 186 168 184 173 194 193 89 50 55 69 88 165 220 221 219 188 75 105 87 60 71 61 51 44 53 59 68 58 43 72 63 40 45 60 57 53 68 60 54 57 52 50 48 81 104 89 68 73 66 61 66 80 90 106 76 38 31 42 38 46 47 46 44 25 20 33 22 21 56 84 74 72 85 70 99 46 50 52 51 55 35 52 57 70 65 36 67 79 64 34 33 35 32 19 45 52 25 33 48 41 53 52 41 32 25 28 39 41 49 46 57 62 57 58 70 56 50 32 35 52 43 54 48 42 59 63 70 66 50 53 34 64 53 52 67 59 72 71 46 44 42 38 53 48 36 43 58 45 37 57 38 48 37 29 52 33 46 46 27 38 38 29 37 24 21 47 35 48 19 18 45 37 56 47 47 33 28 22 28 24 29 28 33 46 35 19 22 23 33 34 53 52 59 38 53 69 63 62 76 84 86 76 70 59 73 59 59 71 62 74 67 69 50 61 66 59 55 64 64 89 80 71 80 76 72 76 68 48 48 61 56 64 93 89 87 78 62 73 78 69 42 52 84 89 83 80 85 85 77 94 83 75 67 73 66 68 78 90 81 86 87 81 91 90 85 86 78 81 83 81 81 80 70 75 69 66 76 60 81 81 91 91 86 70 54
33 48 30 19 14 14 18 13 14 17 17 14 17 11 26 38 18 16 17 18 15 18 19 19 20 18 31 38 39 24 25 21 21 19 34 32 30 29 21 18 16 13 18 25 21 27 25 17 26 25 28 19 19 15 15 20 16 21 18 19 20 14 11 12 14 21 24 30 35 54 71 62 76 78 59 67 52 51 72 88 71 42 22 17 46 55 63 79 45 29 35 57 42 21 23 21 18 9 12 9 13 21 37 51 49 99 77 42 70 20 30 18 14 15 31 50 72 93 65 71 81 85 87 76 73 58 71 84 91 94 93 88 92 91 83 93 92 86 96 96 93 96 101 105 96 84 57 62 77 86 99 99 94 102 112 104 101 103 103 104 111 106 104 115 118 111 112 116 124 127 120 123 126 129 126 123 121 122 129 125 124 131 134 145 151 147 155 156 161 179 166 165 174 195 183 195 205 198 207 207 180 71 47 36 43 58 101 141 117 95 108 70 66 72 54 52 61 55 41 39 42 49 41 31 47 42 37 56 65 56 55 69 53 47 45 46 42 39 73 90 63 73 60 56 59 64 75 62 118 60 25 25 38 38 35 28 40 38 24 24 25 35 46 33 67 93 99 89 77 96 51 48 43 49 50 25 40 78 64 55 54 73 55 46 63 44 32 32 39 56 41 29 17 27 43 51 30 24 28 28 34 57 39 62 51 41 55 58 47 49 64 49 46 62 53 55 55 69 65 79 56 81 57 34 47 24 35 41 72 69 72 78 60 33 39 29 33 33 58 65 58 51 26 36 58 42 62 50 18 57 31 32 38 30 47 30 22 29 45 40 17 36 43 18 25 37 38 34 47 41 34 27 26 19 35 40 26 27 37 25 20 25 24 34 29 39 61 51 43 63 62 54 68 67 86 74 69 76 68 57 66 61 70 49 63 60 64 55 48 62 54 56 58 65 85 67 70 69 75 69 67 65 49 38 50 55 77 89 85 90 95 67 67 75 63 51 62 89 80 79 78 72 75 76 85 77 73 87 93 84 77 80 85 80 70 71 72 68 93 63 72 69 71 71 66 68 62 56 66 59 81 78 75 72 94 87 86 80 62 71
25 33 35 15 12 12 14 13 16 16 17 17 13 14 37 50 21 16 16 20 24 18 17 20 21 23 25 28 40 30 28 22 19 21 25 31 20 29 26 21 17 14 17 18 22 20 27 22 27 26 33 32 31 25 18 21 15 21 34 19 17 19 15 16 13 12 17 17 14 25 51 62 76 78 48 75 73 38 48 85 79 89 84 38 42 33 12 31 45 32 27 32 30 24 21 17 16 23 23 21 29 31 27 31 51 36 41 13 20 18 22 20 31 15 54 75 68 79 67 63 64 59 77 100 88 53 78 54 50 93 86 84 98 96 53 75 86 93 95 101 105 81 79 75 81 91 98 106 105 102 98 102 103 99 107 104 106 107 110 120 118 124 128 120 120 118 121 121 129 127 128 131 126 124 126 122 129 129 137 127 140 142 147 146 152 161 162 166 184 180 192 197 193 150 103 155 198 219 210 223 191 67 58 61 40 61 72 74 72 64 60 61 61 55 56 69 47 58 42 21 21 47 49 38 36 37 29 46 42 54 63 65 50 49 34 39 37 34 59 67 66 73 42 43 50 38 53 25 67 48 26 19 24 36 22 35 30 32 29 21 17 57 47 25 41 35 57 58 57 70 78 27 44 45 39 28 27 65 61 46 62 53 53 59 49 34 25 56 64 50 37 49 35 41 61 44 41 34 35 40 45 45 46 48 48 39 44 54 35 35 46 53 61 44 48 37 44 81 81 68 59 73 53 31 64 61 74 69 59 86 94 67 38 27 31 26 32 29 50 62 41 39 53 47 49 32 43 38 30 49 25 22 42 25 46 40 41 38 73 63 19 45 41 27 26 26 46 49 28 49 27 26 23 18 28 29 26 37 34 23 23 19 26 29 24 48 59 48 67 69 48 47 57 66 63 65 62 69 48 48 56 41 55 58 66 57 60 59 49 55 55 61 62 63 80 74 61 76 78 65 55 53 44 37 37 53 94 83 74 72 77 70 56 62 68 63 66 81 74 65 66 69 67 68 75 64 73 82 75 69 67 67 74 77 96 69 68 83 89 88 59 51 81 79 59 61 66 50 55 58 86 88 78 79 83 75 61 64 57 70
26 31 27 23 12 13 15 15 15 14 20 18 12 24 32 25 19 14 23 39 18 19 21 19 26 30 38 27 27 34 31 17 21 17 23 29 20 19 26 18 17 20 22 26 17 16 28 20 24 23 28 28 32 27 28 17 16 19 31 29 21 12 18 22 12 13 18 19 25 30 47 68 70 74 61 43 18 26 41 53 77 72 89 81 44 28 30 33 29 27 29 25 17 17 29 39 37 17 21 24 17 15 16 25 42 30 21 23 20 17 37 37 39 19 76 76 74 92 70 83 76 89 87 87 96 95 90 63 17 71 85 84 91 93 105 90 92 80 86 74 73 87 96 96 91 94 95 108 113 114 116 112 108 111 119 115 125 122 127 122 120 119 118 117 112 121 128 129 135 132 130 130 134 141 142 136 139 150 145 151 151 152 154 145 167 174 179 181 181 196 204 178 129 94 66 83 204 219 210 207 109 66 65 64 65 78 57 65 63 69 55 61 61 47 62 68 69 66 58 39 37 45 40 40 46 43 22 31 60 57 65 64 48 48 32 38 46 38 56 60 53 79 66 58 71 44 49 18 34 36 21 21 25 30 31 38 32 31 28 16 40 64 49 64 51 74 95 100 104 95 74 34 63 33 39 20 25 56 52 48 57 55 47 46 39 75 71 65 54 61 40 64 52 35 55 52 32 31 39 46 36 48 44 40 45 31 48 41 36 38 41 41 51 40 49 42 44 100 56 59 56 57 63 54 90 89 73 71 46 84 87 45 39 32 25 25 32 28 73 111 66 77 70 47 48 30 64 59 65 63 28 58 65 20 41 33 22 52 70 65 30 38 37 28 17 34 55 43 22 36 37 44 40 29 56 37 33 39 36 22 26 27 30 26 31 59 49 56 79 73 49 43 57 65 67 67 62 63 44 46 51 45 41 58 53 53 59 43 46 60 54 59 50 49 82 72 67 62 72 58 57 59 44 38 46 78 76 73 67 61 91 72 46 63 64 61 80 81 72 62 66 62 62 64 96 84 98 83 68 94 75 80 76 101 86 85 68 89 80 86 81 79 85 80 62 84 65 69 69 89 90 96 84 77 72 65 61 49 47 57
22 38 63 27 23 12 15 20 14 18 13 12 23 42 36 35 27 22 44 35 26 15 14 21 42 43 52 30 28 27 34 24 24 22 25 23 20 20 23 23 21 17 20 19 20 28 27 17 14 26 24 22 24 19 25 25 16 17 25 26 52 44 45 51 30 18 19 14 13 35 55 44 52 50 69 64 78 40 27 31 32 27 67 91 87 76 42 31 15 19 16 29 24 24 29 36 38 30 26 21 18 26 23 21 21 28 22 13 43 46 29 30 33 21 37 51 68 86 97 61 31 87 95 104 99 87 77 94 104 79 77 93 106 95 83 88 64 79 91 104 100 103 103 110 108 114 111 118 115 118 120 118 114 121 131 122 125 125 121 115 119 124 133 129 126 132 143 140 146 137 137 147 140 146 147 151 135 143 140 162 168 164 169 173 175 188 186 192 196 204 208 103 74 93 52 36 140 153 140 91 61 59 63 46 56 55 53 48 55 62 62 61 37 45 67 50 55 46 47 58 53 38 33 32 48 50 43 55 60 50 66 64 57 49 33 37 50 41 46 85 60 62 54 59 45 51 53 18 28 26 21 20 29 27 31 25 32 30 27 16 32 52 59 84 56 105 115 115 108 101 94 80 67 43 54 26 63 68 57 57 62 58 63 40 48 69 73 69 58 50 39 53 33 28 43 57 46 36 43 41 36 47 43 39 35 28 44 32 35 32 34 34 40 36 39 38 39 77 58 70 48 45 54 54 73 64 64 71 48 66 63 50 37 43 32 32 34 28 78 100 85 87 87 88 70 42 78 80 87 84 30 46 65 25 62 47 41 60 65 57 37 44 64 56 26 22 42 42 18 27 32 71 67 60 70 49 29 21 34 28 32 28 26 27 34 62 82 50 69 81 62 43 42 61 51 47 55 66 52 34 36 36 26 53 44 52 50 45 36 43 48 61 51 42 78 69 71 52 60 68 56 70 47 40 43 70 70 65 72 67 66 77 54 48 61 57 72 72 69 61 58 57 62 94 84 94 85 89 88 88 81 68 94 89 76 82 76 73 79 75 68 71 66 76 75 65 59 73 74 84 89 84 69 50 66 65 48 38 52 59
31 30 48 26 20 11 21 20 15 22 16 13 33 27 17 32 45 36 25 24 23 22 23 21 39 38 53 39 37 53 34 31 26 27 26 25 21 21 16 22 20 14 15 22 21 28 26 23 16 22 27 28 23 18 27 26 29 24 28 44 54 49 48 46 50 31 19 20 27 38 45 25 49 52 49 37 55 73 35 25 30 17 11 21 38 53 37 26 20 19 17 13 18 25 18 18 17 20 19 16 22 19 24 19 14 16 26 46 94 45 37 41 19 22 49 103 84 38 102 102 104 93 92 101 104 95 98 69 85 99 104 94 79 53 83 89 101 98 98 102 99 106 114 112 114 120 118 115 113 119 109 104 119 114 120 109 120 120 124 128 124 125 134 142 144 148 143 145 157 162 145 152 140 152 152 163 161 162 170 165 169 164 180 175 191 191 194 201 205 212 206 90 51 39 43 25 48 66 78 60 44 60 61 56 51 52 57 55 61 61 51 43 49 48 55 43 49 49 44 46 49 38 35 40 44 46 64 50 37 31 60 59 44 50 44 71 48 45 61 61 55 45 47 60 50 41 48 17 25 25 16 16 28 22 28 27 25 23 26 20 15 41 55 45 32 72 98 99 87 98 106 76 58 40 40 27 60 68 48 55 57 48 44 37 54 56 51 46 48 38 32 35 23 23 43 40 38 32 35 40 45 40 38 40 38 34 31 33 30 26 32 27 34 29 37 34 36 47 54 63 44 47 44 34 32 54 59 51 49 51 53 45 36 52 35 26 31 35 81 77 65 60 57 96 90 54 51 47 66 78 34 51 43 22 35 40 36 55 52 44 51 46 68 43 27 16 40 36 25 25 34 67 61 50 49 65 35 61 77 44 34 35 26 19 57 87 80 71 82 82 80 52 44 65 50 47 43 52 54 35 39 38 29 44 50 56 49 53 37 46 51 57 49 36 69 68 64 71 74 65 52 56 42 36 41 59 75 55 65 62 66 63 67 58 49 54 71 71 63 54 56 53 87 90 82 79 75 84 84 76 66 71 74 78 76 73 73 66 71 69 72 66 71 77 70 68 69 70 67 76 84 61 57 55 62 53 57 42 48 49
32 32 27 23 17 11 29 16 19 25 19 14 21 23 21 23 23 25 23 29 28 24 20 30 35 35 45 45 39 42 35 44 31 23 25 25 22 25 15 20 20 15 17 22 23 22 27 23 17 20 26 27 28 18 24 29 29 21 34 43 46 42 31 36 45 41 41 23 24 41 26 50 48 58 68 33 35 70 81 87 94 73 29 31 23 19 24 11 15 15 19 15 13 18 17 15 18 21 22 12 16 12 17 25 34 37 20 25 46 17 23 16 40 15 62 94 23 9 100 111 99 105 97 98 100 99 98 102 100 87 78 73 85 92 104 105 103 100 107 117 108 116 121 117 111 108 115 111 113 114 120 111 114 113 118 127 133 136 131 138 138 147 149 153 153 160 151 159 171 160 159 164 172 161 164 176 179 180 173 182 181 187 196 189 199 207 203 211 227 227 184 77 44 36 41 29 36 45 51 38 41 47 54 58 45 53 64 66 52 52 56 47 50 41 36 35 47 41 33 45 57 37 55 57 51 44 48 39 33 16 48 55 50 50 46 63 52 43 54 55 41 32 38 38 62 38 48 24 22 19 17 16 38 17 27 26 23 23 21 29 17 30 45 29 20 42 47 73 80 82 84 66 75 23 30 37 54 58 52 48 56 46 35 41 52 54 48 46 44 36 24 33 29 22 28 23 35 38 38 33 33 29 35 35 33 27 31 25 29 28 32 21 25 31 44 45 41 45 61 49 38 39 32 38 60 58 58 52 42 40 46 44 35 49 41 30 35 31 60 72 71 86 69 70 77 56 43 25 51 58 59 49 54 38 42 29 21 64 73 52 57 39 55 33 17 17 58 39 26 37 30 68 60 43 49 55 47 73 63 52 34 26 28 22 67 79 66 70 82 83 67 52 47 58 41 51 64 48 54 41 47 53 72 50 69 62 62 67 47 61 69 67 69 73 87 99 69 68 73 64 45 56 47 34 44 73 74 67 63 69 69 60 69 59 44 46 72 80 62 51 57 58 101 81 86 82 74 81 85 93 71 68 80 71 77 72 56 58 54 61 54 53 57 60 55 60 58 63 63 62 62 59 58 56 52 49 43 35 48 51
37 29 38 27 21 13 34 19 20 26 20 18 19 24 25 27 23 20 19 27 28 25 23 30 26 25 23 30 24 20 26 32 42 27 23 21 19 22 22 17 23 22 18 15 11 15 19 20 16 17 17 21 26 23 24 24 33 25 20 34 45 52 50 47 40 48 55 42 22 54 24 56 82 74 59 68 68 63 94 73 45 40 40 30 20 20 29 26 20 23 15 22 21 18 16 19 17 17 21 11 13 26 11 15 9 30 84 52 25 26 18 27 14 29 41 59 35 43 62 80 94 105 81 70 87 106 75 82 78 84 105 111 114 117 117 118 121 115 117 112 108 108 113 112 109 119 123 110 111 109 126 125 127 122 139 131 130 125 143 136 156 136 151 160 164 173 156 168 165 157 173 173 172 177 176 159 188 193 182 195 198 197 199 203 208 212 220 207 183 116 93 56 39 32 34 25 26 68 69 43 34 38 42 49 51 41 45 50 42 51 49 50 53 27 25 38 48 38 24 31 38 50 68 73 53 36 50 54 34 51 69 56 45 45 65 68 59 52 40 32 34 48 25 42 62 64 73 67 65 19 19 26 35 22 33 25 22 24 22 22 19 15 38 33 28 36 54 49 62 59 49 50 60 27 27 20 37 67 53 42 53 47 49 37 48 51 34 45 44 48 25 55 43 27 27 24 29 46 44 30 39 30 35 38 24 23 29 25 26 30 31 30 18 30 36 48 43 51 45 43 39 33 30 41 72 57 47 44 29 36 59 52 42 41 28 31 38 43 52 50 72 67 66 77 72 77 28 25 34 71 58 64 48 72 50 25 52 74 68 52 35 32 45 32 15 25 75 53 35 79 51 63 47 47 50 44 47 51 48 63 37 22 21 24 47 68 57 61 70 60 54 60 63 57 74 66 84 63 76 62 48 64 76 74 70 70 73 76 52 64 77 67 78 59 101 87 99 87 67 56 48 52 42 37 56 81 74 62 50 64 62 55 62 52 51 47 65 72 59 54 45 80 96 86 80 74 65 77 78 70 78 66 91 70 75 66 51 51 45 57 54 45 65 54 54 57 45 49 52 53 56 54 53 48 39 45 42 40 37 46
32 35 33 27 39 28 22 16 29 15 25 29 16 27 28 19 26 22 22 25 21 19 21 25 20 20 25 27 15 16 20 24 35 21 18 16 20 19 20 16 17 24 23 14 19 16 22 16 15 17 25 25 24 14 19 19 19 25 37 41 47 50 46 47 43 40 38 43 36 45 56 51 79 87 99 80 54 46 65 52 27 27 25 23 32 28 33 41 68 31 23 17 19 16 15 13 15 11 15 13 25 18 16 19 86 91 34 15 18 24 39 21 15 16 20 19 28 53 81 86 71 69 93 84 48 71 99 109 114 119 114 120 108 120 114 119 115 112 125 127 117 121 119 110 123 122 122 121 123 126 130 136 129 129 135 134 134 135 150 145 155 147 172 166 171 175 179 179 180 180 181 181 176 179 192 193 189 191 193 202 204 208 205 208 220 190 164 110 106 103 76 55 34 30 29 23 45 64 56 49 35 43 42 55 56 55 43 37 35 41 41 48 42 35 24 58 54 52 44 41 43 32 56 80 64 84 80 83 79 75 61 60 43 60 62 53 64 59 29 42 50 47 44 43 39 63 77 59 58 29 26 29 31 25 24 19 19 16 19 23 17 17 50 29 27 27 48 70 78 47 47 41 52 45 20 20 20 56 57 44 44 46 55 26 52 44 34 41 48 50 44 43 39 25 20 23 40 33 30 29 35 28 37 31 20 21 25 24 23 37 34 30 23 40 42 38 38 51 44 45 40 37 31 52 65 52 44 39 31 52 54 55 42 30 21 21 40 55 40 48 50 51 52 53 45 85 40 21 30 58 57 61 52 73 80 66 76 74 65 55 58 57 42 26 16 64 64 62 45 66 53 59 41 40 42 41 43 47 47 55 45 31 31 42 64 61 57 52 51 53 58 50 57 61 64 57 73 64 70 65 56 73 72 67 81 68 80 93 67 76 76 76 74 60 97 82 80 87 80 65 52 48 37 37 64 73 63 55 49 65 63 57 63 46 44 46 53 74 71 58 50 99 86 85 65 77 72 73 68 70 71 92 99 91 72 63 42 45 43 53 68 50 49 53 51 48 46 49 49 49 57 56 53 41 40 54 36 36 46 59
37 32 24 18 29 30 21 26 40 29 31 21 24 34 34 21 30 29 30 23 28 22 22 20 16 20 29 28 22 20 24 30 34 20 21 24 18 20 15 18 17 18 23 16 17 18 23 21 13 20 22 17 23 25 29 22 15 27 31 40 53 52 46 56 49 37 40 51 42 26 61 52 68 79 60 87 90 39 31 29 26 37 46 41 38 54 26 11 14 22 22 23 17 13 11 8 17 16 13 11 12 26 39 34 26 36 20 13 21 35 23 14 13 12 28 71 107 62 77 73 67 73 84 95 115 113 112 104 109 113 115 120 112 118 120 123 117 123 132 124 124 120 122 123 122 125 128 122 122 128 134 119 124 112 128 151 155 161 165 165 161 169 169 168 183 180 180 183 184 182 198 195 182 188 196 196 200 200 202 201 212 218 208 181 95 104 112 101 88 102 101 63 28 22 20 26 52 59 52 42 50 49 45 47 45 44 50 24 32 35 31 44 47 41 46 58 46 41 49 55 64 64 73 84 75 62 83 88 93 86 80 65 49 58 51 41 61 57 25 43 55 40 36 44 29 59 59 59 33 44 43 34 27 30 30 18 22 17 18 17 13 19 58 37 23 38 50 73 47 44 50 53 56 37 23 18 37 41 52 44 40 36 38 16 41 48 34 50 54 52 48 40 50 57 30 17 37 32 24 22 37 58 47 63 23 14 28 24 20 31 30 34 49 41 48 44 35 38 39 37 41 32 34 33 30 40 30 32 33 47 47 46 49 42 43 40 52 50 45 43 39 37 45 41 32 48 33 26 34 65 50 51 53 58 56 47 54 72 52 55 57 53 40 27 52 62 51 67 30 61 54 45 39 39 44 41 43 35 40 63 33 26 37 63 55 63 58 47 50 52 52 54 59 63 56 55 70 47 56 65 58 70 62 61 66 69 90 76 74 63 75 79 62 74 87 76 71 81 80 76 49 51 43 28 51 68 67 52 50 62 62 54 43 42 39 50 79 67 71 55 49 77 92 83 71 79 69 71 69 62 79 90 89 83 63 56 44 49 52 57 55 51 49 88 91 53 37 41 48 46 59 56 55 57 83 75 46 33 36 56
24 21 14 30 25 27 18 36 25 30 40 39 24 34 31 26 29 29 28 26 22 26 21 19 20 29 35 24 20 20 26 21 26 32 28 29 22 26 20 16 18 15 22 16 18 20 17 18 26 21 27 27 22 18 19 16 15 26 31 33 40 41 41 48 43 45 50 66 65 51 51 33 53 73 47 66 58 39 33 29 39 51 28 35 19 27 33 25 20 29 29 22 12 16 13 15 19 15 15 12 25 49 40 38 31 15 16 19 30 20 19 7 43 103 81 41 105 39 99 95 97 98 104 108 115 117 122 119 123 124 123 123 128 131 129 130 126 127 131 126 121 129 132 123 123 121 121 107 88 97 121 116 132 147 168 156 171 166 177 170 168 165 171 179 182 193 191 184 190 193 180 192 200 195 206 203 205 208 211 211 200 163 100 115 116 110 97 93 96 93 56 43 28 29 23 20 50 66 57 44 39 40 45 45 41 49 51 38 26 26 20 37 36 38 32 39 41 37 41 41 44 77 74 80 86 90 85 90 83 75 64 61 48 52 35 39 64 43 30 63 67 64 46 40 58 73 69 55 26 30 41 24 15 38 38 17 19 15 25 27 19 30 49 37 24 47 45 68 48 43 58 64 61 55 60 50 46 31 37 33 24 37 21 15 37 55 39 52 47 41 34 33 39 36 36 16 30 45 34 17 34 72 57 72 41 20 23 22 18 28 26 21 20 43 35 41 45 36 43 46 47 29 32 31 44 56 23 33 54 53 40 50 41 54 58 43 44 49 49 37 44 38 38 34 27 28 19 19 39 44 43 51 51 42 41 32 35 61 54 59 54 60 60 51 63 49 51 66 55 55 45 39 33 35 42 45 43 40 46 64 47 18 35 54 64 62 67 42 47 55 51 46 50 59 45 47 53 46 53 60 67 74 53 56 63 68 96 80 82 69 74 69 62 52 88 69 74 72 82 77 54 44 34 28 48 69 73 55 58 65 85 66 57 92 79 49 46 45 57 54 65 90 98 74 75 77 67 69 62 68 84 82 82 78 79 49 48 48 54 58 43 55 48 83 89 87 56 40 47 35 39 52 56 67 83 81 57 39 47 64
22 22 26 44 33 23 30 37 21 16 27 35 38 22 26 23 29 21 23 23 35 26 15 23 26 33 32 25 22 20 24 20 29 21 22 38 28 19 19 13 13 16 22 17 23 16 25 23 51 40 30 19 24 15 33 22 17 22 38 34 31 34 35 46 55 59 44 37 37 45 46 55 40 57 48 34 35 32 31 36 15 17 29 45 34 20 29 23 15 20 18 11 10 13 10 12 8 9 9 4 61 55 7 7 9 14 19 12 18 21 16 49 61 52 27 23 56 28 111 105 115 122 126 122 121 123 130 124 130 130 132 129 135 135 130 120 130 130 121 116 122 122 124 115 108 119 109 108 108 114 120 148 150 146 156 167 158 158 174 178 167 181 177 176 191 194 187 189 193 187 194 198 197 200 203 212 215 212 223 215 143 118 118 116 99 116 121 78 74 39 66 57 41 47 49 34 59 58 53 35 36 28 48 51 53 62 70 78 32 19 17 37 33 45 44 59 54 56 47 37 39 69 75 72 79 75 81 81 74 63 53 56 46 44 36 36 57 47 55 67 49 52 66 70 71 68 71 58 23 44 33 20 16 25 27 17 13 26 51 54 42 50 23 30 28 31 40 51 47 50 68 81 41 38 51 64 66 46 48 27 25 30 26 24 34 43 37 39 39 31 28 34 29 27 33 13 35 51 30 10 41 56 39 44 48 29 20 26 26 25 24 22 20 46 42 38 38 33 36 34 42 32 25 23 29 29 18 48 51 43 33 52 37 49 37 46 44 37 42 32 43 42 36 22 18 22 28 41 35 63 49 44 41 40 44 24 56 43 46 48 46 46 50 36 48 35 57 50 52 50 43 37 30 32 42 37 33 37 56 61 55 43 45 39 41 54 53 44 45 51 53 52 45 46 41 46 46 48 54 57 65 49 45 58 65 69 84 88 75 73 74 59 73 71 80 69 69 65 79 73 58 41 43 34 59 70 95 76 62 97 91 79 80 86 76 77 57 63 61 56 47 93 93 74 81 63 70 52 55 72 90 91 72 71 76 54 47 47 47 45 58 57 64 89 77 76 75 52 33 48 58 53 58 74 81 78 64 21 57 70
27 26 22 23 23 27 22 35 28 27 44 36 31 27 21 25 32 30 27 37 31 24 25 28 23 31 37 30 24 22 25 36 36 25 33 42 21 18 23 13 17 15 21 21 24 19 33 30 36 26 29 22 25 20 27 16 15 21 28 25 28 33 44 50 39 54 37 42 50 70 57 53 38 40 37 25 27 41 35 28 27 8 29 14 24 49 23 15 14 19 15 18 20 17 16 17 9 10 7 10 14 18 17 39 30 23 21 18 39 43 27 26 11 7 22 40 19 108 130 128 129 129 129 127 133 133 136 135 135 129 131 128 128 133 121 121 123 127 121 118 122 126 108 110 118 94 103 118 125 144 150 159 152 162 172 164 176 176 180 186 179 178 190 179 182 189 198 198 199 194 195 191 201 206 207 207 200 223 159 116 112 111 98 86 115 118 106 45 33 59 50 36 40 63 64 49 49 38 41 25 50 27 47 55 48 66 60 58 46 24 34 35 35 47 40 45 50 71 48 43 46 56 75 83 85 81 89 90 73 70 73 54 31 33 38 39 62 38 60 49 35 49 54 69 52 50 56 55 27 53 32 16 18 13 47 42 7 30 42 42 49 44 24 45 23 23 43 43 46 75 84 58 46 37 27 53 64 58 61 23 26 28 25 12 24 51 34 36 39 29 25 26 36 34 24 13 41 33 46 14 38 54 37 34 35 21 18 22 19 23 23 32 22 39 43 33 41 32 30 26 24 25 33 31 27 52 43 30 38 34 37 50 31 37 34 35 39 39 40 31 36 34 24 21 24 22 31 39 58 73 64 66 35 32 32 29 63 45 37 45 32 34 40 17 29 30 51 53 49 44 35 34 30 27 31 32 45 43 52 43 50 56 42 33 41 52 42 43 47 46 40 49 41 41 47 43 42 44 51 63 64 35 46 54 54 71 84 88 67 53 58 62 67 69 62 69 63 69 72 71 54 40 43 28 52 89 91 88 87 77 73 69 76 83 65 65 65 58 61 61 52 96 93 66 75 62 76 62 62 66 83 77 77 72 69 50 38 55 54 44 47 50 83 80 69 72 73 67 34 44 40 48 53 78 73 70 62 33 64 59
14 15 23 26 31 38 18 43 28 42 41 35 21 26 22 21 23 27 27 39 21 23 27 26 33 35 29 24 30 37 26 28 32 32 33 33 33 22 22 23 28 17 21 18 17 24 34 30 34 32 32 28 34 34 31 23 17 21 20 15 29 36 31 34 43 42 26 39 48 68 63 51 49 42 43 39 22 20 28 46 53 76 54 58 48 39 25 28 29 15 10 13 22 14 34 34 10 21 10 8 8 14 44 14 14 18 19 13 60 120 42 40 10 13 45 22 48 127 132 130 136 133 134 136 136 130 125 128 129 130 133 130 134 129 130 133 121 118 124 128 119 129 120 122 138 142 151 150 160 152 170 166 176 163 163 174 185 181 180 194 190 188 179 174 191 195 196 196 202 200 198 175 168 178 193 204 204 142 96 123 66 82 79 89 112 133 127 88 92 78 112 72 59 54 48 51 47 37 26 29 53 39 33 46 48 59 41 44 35 43 41 26 32 38 30 34 43 64 56 41 45 51 59 71 81 82 86 76 72 66 47 33 28 41 40 26 57 41 55 54 44 50 62 65 53 51 53 50 37 41 20 33 45 17 49 67 65 54 43 42 46 48 48 43 24 27 47 44 38 71 57 40 50 35 55 61 32 39 44 42 19 21 20 16 21 41 30 37 47 30 30 27 28 30 19 12 38 36 42 19 25 52 33 34 31 34 15 20 19 19 26 51 32 38 37 35 42 35 29 23 19 22 27 57 63 59 54 26 31 35 36 45 34 34 32 33 36 37 25 29 32 34 34 27 18 23 48 19 54 58 61 57 47 25 29 42 43 41 34 35 25 30 20 15 20 25 44 52 40 38 37 20 25 21 31 28 47 35 52 41 46 48 35 36 31 46 40 32 34 38 35 33 34 33 32 38 35 43 46 53 56 36 37 54 46 88 80 84 70 65 65 44 55 63 63 61 56 61 73 65 52 47 46 37 53 80 85 87 74 69 67 68 76 74 73 71 69 80 63 58 55 86 88 73 61 65 58 62 57 58 74 71 82 74 65 55 46 54 45 39 44 54 84 63 56 62 71 74 46 37 51 51 73 68 59 61 53 32 54 56
19 13 23 31 36 36 28 33 32 41 33 28 26 29 21 21 21 31 35 22 23 28 27 32 27 31 36 28 37 38 31 27 27 28 36 28 30 22 25 23 26 20 24 20 16 24 23 31 31 28 20 18 29 31 30 25 18 19 21 22 32 29 30 48 30 45 30 40 35 38 54 48 56 58 46 57 23 26 19 22 32 38 20 71 48 19 47 97 54 41 46 41 20 19 34 23 25 14 12 10 15 16 17 17 51 10 10 63 42 26 8 20 6 19 10 9 23 123 136 132 140 127 123 123 125 127 118 122 133 134 142 136 130 131 133 130 128 138 130 131 126 128 131 139 150 149 158 158 164 158 164 159 165 179 184 176 176 185 182 191 175 194 197 201 194 193 194 199 198 196 201 209 213 195 214 173 104 68 87 94 87 76 67 94 120 118 113 93 106 107 120 84 50 43 36 40 35 30 33 24 47 39 35 42 43 38 31 51 30 43 46 31 35 29 28 32 51 46 28 33 49 50 44 46 66 80 81 73 75 73 58 53 38 24 34 23 50 38 50 42 40 49 67 70 65 44 49 36 43 36 26 22 40 33 72 68 45 38 35 39 45 42 35 40 44 28 52 40 57 56 40 51 43 51 67 49 41 40 52 46 35 31 29 18 25 43 38 33 34 30 32 25 31 26 22 23 42 28 37 31 29 42 30 29 36 38 20 29 25 20 38 36 32 33 39 41 35 35 27 24 19 16 34 64 47 44 45 31 23 33 45 36 33 28 32 26 35 33 20 20 27 28 38 33 23 34 35 17 44 46 48 42 49 24 36 56 39 33 33 26 24 40 24 15 13 21 42 36 36 30 26 24 24 22 22 29 28 30 33 37 34 29 39 48 28 42 37 29 29 28 24 29 27 26 29 27 31 30 41 40 46 39 35 38 43 83 75 61 50 54 54 44 57 61 58 53 52 68 68 66 49 44 47 32 58 76 67 70 59 52 55 65 64 68 61 65 66 78 69 57 69 79 66 73 59 57 57 60 55 68 76 82 67 77 66 56 42 48 47 39 50 72 79 70 66 61 57 60 45 38 38 38 69 60 59 62 56 41 45 55
26 27 36 36 33 34 31 37 36 26 30 26 34 29 25 22 24 26 36 20 32 31 27 38 30 27 39 42 35 27 24 29 27 29 28 26 24 20 21 22 25 16 21 21 13 19 19 29 31 35 34 19 24 31 29 29 22 21 22 23 28 27 35 29 23 22 32 48 28 37 41 43 49 58 51 56 29 24 18 20 14 31 17 19 33 18 50 60 43 40 36 39 43 27 11 25 94 35 18 10 9 8 23 19 8 57 101 39 22 14 24 104 40 36 42 92 131 133 125 130 128 128 131 130 136 129 128 130 132 142 129 129 139 129 139 147 145 142 126 120 127 146 161 157 152 153 159 160 145 165 167 159 168 175 177 182 178 185 181 194 182 189 200 200 176 186 191 203 209 195 204 222 218 173 98 105 99 100 109 114 117 126 123 121 116 113 129 121 116 118 111 64 47 39 36 41 39 33 32 36 44 49 49 33 29 45 39 59 44 56 52 45 29 29 35 49 59 57 27 30 40 49 46 44 49 71 78 81 68 51 68 69 49 24 42 36 44 40 44 43 40 64 74 57 50 43 52 57 41 37 34 25 43 55 54 52 39 39 31 25 48 52 36 52 43 30 39 36 70 44 46 45 46 52 54 32 40 40 52 70 55 49 58 60 54 46 31 38 32 22 29 27 29 22 25 42 58 37 34 31 28 42 37 38 38 41 18 30 32 18 38 34 30 35 33 33 38 36 24 30 34 61 69 56 49 39 51 25 26 37 29 27 29 36 53 36 28 23 16 18 22 26 28 24 24 31 35 17 26 40 33 37 24 43 40 34 28 27 32 25 25 48 26 17 13 22 55 41 37 32 37 29 31 30 20 23 17 20 22 33 34 31 46 31 31 30 30 22 27 23 23 27 22 24 27 23 25 39 35 43 41 33 34 29 57 77 63 54 48 43 37 42 55 59 54 70 59 61 62 70 59 51 54 46 68 57 57 65 60 59 48 56 57 59 59 57 62 63 67 66 56 70 82 72 67 60 61 61 56 81 85 83 77 69 71 57 46 44 48 38 52 73 55 59 53 53 55 58 47 38 36 46 66 63 71 59 57 56 45 62
23 31 24 19 36 29 29 36 19 26 31 24 20 31 43 22 16 19 33 26 28 28 23 26 24 23 31 32 23 28 30 31 30 35 38 31 25 27 25 21 18 22 22 27 28 22 17 26 32 32 39 28 31 29 22 26 29 26 18 20 21 17 33 23 14 19 44 34 31 32 27 31 42 34 27 24 28 46 30 20 15 21 12 11 21 21 34 33 26 28 17 28 20 19 25 19 28 72 22 16 9 14 14 24 85 59 70 11 13 14 41 45 23 54 60 90 129 121 132 136 136 136 136 134 138 137 137 130 128 141 128 133 145 149 180 145 115 106 74 123 184 180 160 155 156 150 163 166 156 162 172 180 185 186 187 180 181 188 194 200 196 206 193 205 208 201 198 204 222 218 224 219 188 77 47 48 69 103 110 119 122 118 115 120 123 126 114 110 111 109 106 104 90 63 49 37 42 43 46 31 37 44 48 33 25 42 32 47 41 49 47 40 41 40 40 58 44 44 46 17 30 59 55 48 68 78 80 79 68 50 65 65 46 67 56 33 45 39 45 35 45 71 63 61 61 50 44 46 38 56 51 48 59 51 51 40 30 32 19 26 57 56 46 58 35 34 38 28 47 37 47 30 36 42 47 40 28 35 37 66 64 53 54 64 57 62 37 30 28 21 24 35 26 20 34 58 50 40 36 39 36 43 41 44 37 25 38 52 43 35 26 22 23 31 37 36 34 28 22 27 47 42 38 38 39 50 50 29 23 29 23 35 33 42 43 47 28 20 13 13 19 24 34 35 34 37 26 22 17 39 26 35 35 34 33 32 24 24 33 25 44 69 38 19 30 54 56 40 48 31 33 42 53 42 24 31 18 28 25 26 26 30 41 33 31 23 25 32 55 30 29 55 32 19 25 25 23 51 41 40 48 36 66 62 69 69 58 52 51 40 45 50 52 55 42 50 48 49 60 76 55 68 80 63 76 57 67 58 56 53 47 47 39 45 50 65 70 72 59 72 52 53 83 77 63 57 59 60 64 62 73 79 67 63 72 56 57 52 52 45 46 62 63 55 58 58 60 55 51 44 27 30 52 58 60 50 59 56 50 53
36 44 25 38 55 28 37 37 25 37 34 18 22 28 31 31 20 34 26 36 31 32 29 24 20 24 28 31 26 27 41 31 22 28 29 22 21 24 29 26 24 23 23 22 22 24 24 32 27 36 28 20 20 23 22 25 24 26 28 23 18 36 32 18 16 21 37 36 30 27 27 23 29 31 29 29 15 53 69 57 32 25 14 13 11 23 14 27 21 26 34 18 10 16 48 25 23 16 9 16 8 23 53 52 41 36 8 14 17 14 18 21 23 68 133 131 124 137 143 140 127 129 132 137 133 140 138 137 135 132 133 138 150 163 152 151 165 146 131 154 176 154 146 163 154 176 155 179 179 161 170 181 176 177 186 191 192 198 197 196 209 205 213 197 219 210 205 214 211 212 217 158 68 31 31 51 93 116 121 121 120 124 126 122 122 118 114 110 109 98 117 109 103 91 89 93 62 38 28 49 45 43 39 40 57 56 38 36 42 37 27 29 43 43 50 53 31 40 61 34 36 40 34 38 43 49 62 59 60 67 72 49 29 65 46 39 52 45 38 38 53 53 65 58 49 51 45 58 46 45 32 63 52 50 42 39 31 32 24 27 59 52 45 48 29 33 32 27 50 44 50 30 39 38 42 35 31 26 34 62 57 62 40 34 47 48 36 24 32 47 59 62 29 20 33 44 59 51 37 40 30 45 34 46 34 29 48 38 35 27 23 32 28 34 30 27 38 30 32 46 54 53 36 27 54 48 42 47 28 24 29 35 25 39 41 42 21 17 20 22 17 20 20 23 29 37 21 14 19 33 23 36 29 26 30 24 21 21 23 38 45 47 48 40 48 39 36 24 49 44 35 45 48 44 36 43 44 40 34 39 36 32 33 33 47 44 29 35 45 38 31 36 35 25 23 28 35 33 46 42 52 38 66 58 54 64 52 47 44 45 33 33 50 70 46 42 45 54 72 83 55 71 72 69 70 59 63 48 60 53 50 46 53 50 43 46 65 75 70 72 63 54 76 73 63 54 54 62 55 60 76 75 65 65 64 58 61 48 59 59 54 64 58 51 55 62 50 46 60 54 33 42 70 63 56 52 56 55 46 58
24 24 22 33 58 43 24 28 30 33 30 24 23 22 27 35 28 23 23 29 30 23 26 34 22 22 22 25 30 23 33 21 23 26 26 22 23 35 24 26 19 20 21 30 28 26 25 34 21 32 28 17 21 18 17 16 19 24 27 20 14 31 22 20 27 21 15 23 37 25 25 21 18 15 19 16 25 45 48 38 23 19 19 12 7 12 16 12 13 12 19 22 23 53 67 23 43 40 13 15 10 65 20 10 12 24 62 22 18 44 38 19 108 127 129 138 151 147 142 142 148 142 144 140 148 139 133 133 127 124 133 145 144 152 144 141 148 143 163 148 152 158 165 161 171 164 169 184 178 174 177 173 193 186 182 193 200 193 197 198 210 210 201 203 189 205 216 184 191 209 160 61 29 49 69 88 113 115 120 119 118 120 116 116 119 122 120 111 104 103 114 111 100 90 92 95 102 57 35 63 62 33 41 50 48 39 38 50 76 58 45 31 28 39 34 33 25 31 47 26 36 34 30 34 35 27 48 69 63 62 39 52 50 57 48 70 48 54 48 46 43 56 46 48 40 35 42 59 43 53 42 52 46 45 45 33 25 27 23 19 30 37 42 49 36 26 35 20 43 53 54 30 29 28 44 40 26 23 40 54 42 58 37 33 37 42 28 15 46 45 62 63 42 18 33 47 54 50 44 42 16 30 35 41 28 22 39 39 28 26 30 40 35 35 33 30 35 27 16 32 32 28 29 32 52 41 49 42 22 27 26 22 26 19 40 35 20 22 29 32 33 20 42 37 29 28 21 18 18 36 30 74 68 34 30 29 18 17 18 37 45 46 49 47 52 22 37 34 29 30 56 73 51 38 46 55 49 54 65 62 46 50 53 34 38 49 44 58 46 42 45 28 37 39 48 47 45 37 51 43 49 36 49 56 64 88 46 47 39 51 28 37 52 74 60 50 42 45 73 66 62 71 80 71 63 51 54 49 45 43 47 41 49 52 50 53 57 73 66 67 68 85 69 59 58 49 51 47 50 62 87 79 69 63 70 64 55 53 59 60 62 59 56 54 57 52 53 55 54 59 59 66 73 57 54 55 54 51 43 52
33 18 21 24 24 34 37 18 21 20 30 21 24 25 24 26 22 29 25 30 31 28 25 29 27 19 24 21 29 28 30 21 30 23 29 25 25 35 28 20 20 20 24 24 20 22 18 31 31 40 37 31 28 25 26 21 19 20 23 31 29 31 25 35 35 29 23 15 20 19 15 17 24 18 19 13 17 41 27 20 80 53 27 50 46 15 17 17 53 55 118 96 29 26 34 43 17 28 12 15 12 14 16 44 56 35 12 16 28 31 43 53 121 133 147 140 145 141 152 146 146 145 139 154 142 120 123 131 139 148 147 136 153 157 157 147 147 151 152 152 164 166 163 163 154 172 178 170 180 176 170 185 189 192 187 197 198 195 201 216 202 182 173 176 202 214 213 210 218 133 103 49 36 71 74 100 108 113 98 116 121 116 120 120 123 122 117 116 121 121 121 116 109 96 70 83 82 84 46 40 42 50 50 61 40 24 37 67 46 46 47 46 46 36 32 40 18 27 39 28 31 30 23 26 33 28 54 68 52 74 54 49 61 44 42 61 64 41 42 38 52 47 41 51 40 28 58 54 41 39 43 58 44 37 36 32 23 26 25 21 34 27 32 34 30 26 33 15 50 62 46 51 34 28 44 36 29 33 43 47 45 60 34 39 35 34 34 38 47 41 33 32 41 28 50 45 51 48 32 26 48 54 40 38 21 23 47 38 29 20 51 50 64 41 37 31 36 33 17 39 27 29 32 44 41 35 36 38 19 33 25 15 29 47 52 52 25 37 34 27 34 26 39 44 55 38 15 15 17 34 41 49 50 47 36 24 21 17 32 56 53 41 49 48 47 25 42 41 68 84 81 71 68 67 52 68 62 68 61 65 73 90 48 36 41 53 75 78 75 65 72 77 73 73 86 70 57 49 54 59 43 41 68 78 63 81 50 38 34 60 75 66 80 71 64 49 38 48 64 74 102 91 92 97 92 54 53 44 39 43 51 53 54 46 47 51 55 48 50 58 74 94 70 53 58 54 50 41 50 52 89 76 67 57 65 62 52 58 54 59 54 59 56 53 58 59 58 47 43 66 64 63 72 62 56 51 53 43 43 50
37 26 21 21 41 40 63 42 26 29 37 27 26 29 24 20 29 38 31 28 24 22 26 23 23 20 22 15 26 27 24 23 23 17 22 23 33 30 26 28 23 22 24 28 27 25 22 30 29 29 27 17 18 23 34 47 25 25 21 27 40 33 34 43 40 39 36 26 17 15 17 20 29 16 12 11 11 15 25 40 55 30 32 76 67 79 30 28 64 29 28 39 20 19 33 37 16 13 12 10 12 11 21 45 55 15 15 92 80 91 120 127 140 142 137 160 158 144 144 150 144 139 160 161 154 139 150 146 150 151 161 144 152 150 153 150 165 157 146 165 179 168 174 167 172 169 145 164 158 191 196 182 200 202 188 174 196 208 212 210 172 193 213 223 228 207 223 238 165 104 84 49 88 72 38 43 58 118 76 58 79 129 104 120 120 128 123 85 98 80 84 85 90 73 47 71 57 58 51 57 36 76 66 66 52 22 52 46 45 44 30 43 48 28 16 44 33 41 38 36 35 29 21 26 26 25 58 55 42 51 55 60 64 45 33 54 45 33 35 30 24 31 43 50 38 39 51 50 47 43 42 52 33 36 35 44 19 27 16 25 26 23 33 50 48 18 23 25 45 52 40 45 39 39 41 34 29 29 32 42 49 36 37 33 37 22 44 38 52 32 40 34 54 50 40 40 39 37 42 32 47 43 47 43 24 29 41 32 34 41 68 58 47 42 34 23 36 31 26 38 25 27 28 40 46 29 33 44 25 34 22 25 35 56 65 66 37 57 43 56 55 67 70 63 41 23 17 14 16 23 36 56 43 35 34 34 24 35 31 57 53 38 74 76 45 20 28 55 67 73 68 53 55 53 46 51 56 62 67 62 76 76 79 70 104 81 78 79 75 78 72 58 83 91 56 67 70 67 69 69 52 64 86 62 79 64 45 40 31 68 75 72 76 53 57 58 45 54 59 87 86 76 77 75 75 74 48 44 46 39 39 43 38 35 44 43 42 53 51 97 83 84 75 51 55 57 45 38 48 52 65 78 66 65 65 58 51 59 58 58 67 62 52 57 56 57 57 56 44 57 62 60 57 51 48 48 52 56 43 52
19 22 31 27 34 48 44 33 28 30 23 34 37 30 27 27 18 27 30 26 29 29 26 23 25 21 14 22 23 27 24 22 20 21 18 22 23 21 31 20 22 25 20 28 28 20 23 23 25 31 26 23 23 30 37 36 28 28 27 32 34 27 34 29 26 32 30 32 29 38 34 21 28 37 30 17 18 31 48 43 82 114 104 114 118 97 60 14 12 13 23 30 18 15 11 15 17 10 13 8 10 16 12 11 8 17 20 142 127 113 125 121 145 151 156 154 153 147 155 144 154 162 153 154 152 135 150 145 142 158 146 158 150 149 143 151 159 164 176 154 160 168 167 166 175 170 176 181 186 187 178 166 207 192 200 207 198 190 174 182 186 203 210 215 177 197 219 144 106 91 45 50 79 75 49 58 43 63 101 95 114 101 103 104 125 126 95 49 45 75 71 57 64 40 84 99 58 66 65 58 71 54 60 64 68 51 44 43 42 41 34 22 46 56 42 42 55 40 31 29 41 23 16 22 21 25 52 44 37 33 40 47 44 39 40 49 42 29 20 27 36 38 46 46 31 47 43 41 45 43 36 51 35 39 61 58 25 23 13 41 33 23 35 53 50 22 22 37 44 54 37 39 45 40 36 33 32 25 31 31 45 36 28 39 30 43 40 45 36 29 34 39 51 45 40 41 30 34 39 35 35 40 41 29 23 21 29 25 30 47 61 59 42 33 23 20 23 20 27 28 23 23 21 26 29 25 28 34 40 38 35 33 49 48 37 50 50 39 49 62 61 51 39 42 34 37 21 25 18 40 47 52 56 47 32 44 39 33 36 46 38 34 53 73 44 17 29 62 67 65 56 45 51 45 36 46 53 39 67 62 55 77 76 55 82 88 70 69 65 79 69 81 81 61 59 72 77 67 64 77 68 80 51 61 70 82 36 36 64 58 64 68 64 55 82 89 52 60 72 82 90 82 63 69 67 67 40 39 44 36 38 36 36 44 52 44 39 38 87 90 71 72 61 46 55 63 54 36 51 51 78 81 66 57 59 56 53 56 55 58 63 57 47 56 53 54 61 48 43 54 61 59 61 57 50 46 54 53 39 48
17 22 20 27 27 37 39 35 33 23 24 23 23 34 30 24 16 32 30 19 21 28 22 24 25 18 30 28 23 25 24 21 20 13 20 26 21 20 27 23 30 30 27 23 26 29 26 26 33 24 24 31 22 26 30 28 23 21 38 30 23 22 30 27 26 23 26 28 27 31 22 28 28 28 31 32 30 42 34 35 11 28 82 69 80 22 28 20 19 22 20 21 21 15 17 10 12 12 19 14 12 12 12 11 7 5 93 135 161 69 19 153 155 146 150 155 141 142 153 146 149 154 157 161 156 158 159 157 147 144 168 145 151 177 181 157 167 167 148 143 166 163 170 169 169 183 189 159 135 164 186 210 189 198 196 214 200 170 198 222 217 201 207 201 194 189 140 110 99 85 42 41 41 75 67 99 80 70 77 65 105 103 103 86 111 86 57 91 84 34 48 106 126 60 77 55 53 63 52 46 47 44 49 44 60 58 62 49 38 28 33 44 49 65 72 53 49 51 67 51 51 41 45 42 45 36 51 40 49 45 40 35 32 31 50 41 47 45 41 40 40 33 57 40 24 34 36 29 34 42 33 32 33 53 51 47 28 20 12 28 34 20 28 48 43 33 44 46 45 57 41 42 41 41 39 35 29 26 29 22 31 30 27 37 29 37 36 48 32 27 34 48 43 32 52 37 33 32 22 30 34 33 32 28 22 32 43 36 40 57 42 36 61 50 33 19 51 30 30 28 19 18 23 21 40 29 28 37 46 30 31 28 43 41 32 34 35 40 60 67 50 46 34 47 33 61 36 47 28 48 51 31 30 61 45 59 44 61 62 43 41 43 65 46 41 54 30 46 32 63 46 41 38 41 42 56 60 46 52 81 64 72 73 88 95 110 88 58 55 74 64 66 75 56 46 54 75 75 82 75 56 63 51 55 55 58 66 67 73 77 58 74 70 67 83 70 60 57 54 64 77 68 68 66 60 60 39 36 46 35 39 37 38 39 45 32 32 39 88 82 83 76 44 44 61 76 73 47 54 43 75 72 51 58 58 55 44 49 46 48 48 55 45 48 48 52 54 60 50 46 57 54 57 50 51 52 49 45 34 50
15 18 20 22 29 32 53 42 33 21 39 22 17 25 27 25 22 24 20 17 32 24 21 17 20 24 25 21 17 18 23 28 27 20 29 19 25 23 28 19 22 22 18 27 22 26 29 27 26 20 26 26 21 28 36 27 28 17 21 21 22 17 28 21 22 20 19 24 24 24 19 26 24 20 23 19 20 20 16 15 15 25 28 44 23 77 105 41 19 24 17 17 16 31 96 65 8 11 10 15 11 10 30 16 8 72 42 50 55 11 127 178 145 149 91 150 157 161 155 159 155 171 176 156 154 148 151 153 157 152 169 163 163 153 160 160 156 172 154 150 169 162 166 184 181 179 188 165 190 185 191 196 207 214 206 183 190 219 228 220 223 227 223 210 198 211 108 99 88 68 61 58 31 39 54 59 50 36 54 74 81 105 72 94 64 89 110 122 111 102 97 75 90 89 107 66 36 61 51 45 46 45 32 42 40 30 31 30 25 26 24 53 49 50 67 61 67 65 107 81 46 24 38 49 67 57 41 45 45 41 40 31 27 25 42 40 32 33 41 46 32 61 47 39 25 21 31 25 34 21 21 31 29 56 38 40 27 25 14 38 38 24 45 49 42 48 51 39 60 41 32 37 34 33 37 38 27 25 28 19 28 24 20 31 26 30 39 41 30 33 26 37 39 41 48 27 22 31 23 33 27 27 36 27 30 51 37 28 39 64 35 39 35 44 63 47 48 37 30 33 21 17 27 17 38 32 40 31 27 26 44 34 41 40 37 23 30 37 42 44 50 29 31 50 46 32 58 56 68 62 41 32 40 38 30 41 56 54 48 50 41 63 67 73 51 52 32 35 68 70 62 55 40 41 38 42 49 54 81 83 75 73 100 80 101 84 77 45 76 91 63 55 77 53 47 51 59 67 72 62 60 71 67 48 48 52 67 75 71 55 78 73 68 73 68 59 80 62 47 68 70 69 76 68 55 45 62 44 54 44 25 49 56 40 37 33 34 55 91 69 67 61 52 40 45 74 68 58 49 38 67 73 64 60 61 44 34 40 49 49 46 52 49 49 51 47 43 52 52 59 52 55 53 54 57 55 53 42 35 42
21 17 23 35 37 40 40 44 38 30 35 39 17 14 16 17 15 29 17 27 24 21 17 22 23 19 21 20 17 19 20 21 24 23 17 18 23 22 26 24 28 20 23 23 24 21 30 26 34 33 23 30 32 37 44 33 25 22 26 16 18 15 14 11 19 17 14 15 15 14 16 21 17 15 14 13 10 12 16 15 18 19 24 28 22 42 60 24 35 41 33 18 12 19 25 58 114 18 27 16 18 18 18 35 65 22 9 19 32 139 177 113 110 58 28 152 161 161 152 154 124 136 182 163 157 170 149 163 158 160 178 164 162 147 171 151 170 161 165 163 175 177 189 180 183 189 185 194 168 191 196 206 212 209 209 219 218 218 224 222 223 228 228 230 230 198 116 100 60 48 57 52 44 64 86 80 49 73 79 75 69 86 75 116 106 96 111 118 115 114 105 114 115 125 117 116 101 99 90 74 85 81 73 88 96 100 88 60 61 50 63 40 45 56 57 55 58 87 78 50 46 31 29 38 58 28 30 57 45 41 40 41 40 39 33 43 30 29 33 35 41 50 26 24 38 22 32 19 27 20 16 15 28 57 33 38 40 24 31 43 30 21 45 36 47 49 41 36 45 39 37 28 32 26 31 31 22 21 28 23 24 21 20 19 19 19 25 38 25 54 52 59 38 35 40 24 19 28 46 37 32 50 46 28 28 32 25 35 34 46 30 42 32 46 41 31 43 40 25 33 60 39 26 22 30 34 51 26 22 23 33 28 33 43 32 26 44 41 38 46 45 25 28 26 30 37 44 56 42 55 51 31 41 34 19 26 62 55 48 38 42 52 52 64 42 44 47 81 71 50 59 51 47 42 47 48 47 57 76 50 68 57 72 70 61 69 71 50 74 92 70 94 97 66 63 78 76 87 70 59 55 59 59 41 63 71 85 73 67 58 79 64 71 69 66 63 90 80 63 63 57 75 80 75 52 75 57 47 68 91 72 50 83 45 51 44 43 89 74 71 75 57 47 41 41 63 45 37 45 32 67 74 59 52 50 31 30 31 32 41 45 58 44 46 44 45 47 51 57 56 49 44 46 51 51 51 53 39 38 41
15 12 33 36 29 32 42 37 45 43 36 45 32 20 17 15 20 24 25 26 24 25 21 27 23 25 25 22 24 23 22 23 22 21 20 26 22 28 27 27 30 28 20 32 19 20 23 29 24 28 26 28 30 29 33 25 31 20 14 15 16 21 19 11 17 12 12 13 10 12 18 17 15 12 15 12 25 8 14 11 16 14 23 20 16 23 22 16 23 29 23 18 15 20 12 68 30 60 29 15 14 11 18 13 3 16 17 18 41 41 40 45 30 10 69 143 151 157 159 134 119 87 143 147 159 155 157 159 152 157 162 154 144 141 145 149 170 174 169 173 178 174 175 189 193 182 195 189 184 193 198 202 212 203 209 216 221 226 228 223 224 235 237 231 225 124 112 104 103 70 43 34 43 51 77 70 56 109 69 97 69 71 92 117 124 123 111 99 102 107 82 46 84 109 113 119 116 117 110 89 100 84 99 109 108 106 98 90 58 51 59 61 59 34 53 56 39 77 75 49 53 57 76 48 34 44 58 47 37 31 36 52 51 34 36 22 18 23 28 32 26 28 16 21 52 21 32 27 25 54 35 34 40 43 33 31 29 26 36 28 30 19 23 37 54 33 35 39 32 33 32 34 38 39 34 40 25 21 26 22 17 30 26 17 19 13 16 31 26 44 34 33 33 30 35 33 15 46 60 46 27 46 40 34 43 34 31 40 67 47 27 36 35 32 33 17 27 27 34 45 43 40 27 15 20 55 46 28 27 27 32 23 28 43 27 23 25 34 35 34 30 22 33 31 35 31 35 38 50 54 54 40 49 55 49 57 53 34 39 45 48 42 48 48 44 48 37 37 63 54 58 48 30 31 57 50 38 26 50 72 53 53 60 105 103 86 64 47 69 67 56 88 67 67 59 86 61 73 76 62 61 76 53 40 60 74 89 94 67 53 55 48 56 56 59 60 85 76 70 65 47 84 77 79 82 55 40 58 98 92 78 52 59 56 43 61 77 85 74 70 75 51 41 43 50 63 50 40 57 25 51 75 65 52 53 37 34 44 43 50 49 72 53 42 41 48 40 47 48 47 55 53 48 46 39 40 53 50 49 49
19 16 32 34 39 33 41 43 39 42 33 29 32 32 28 26 23 24 22 20 20 22 20 24 17 22 20 18 22 25 17 18 18 22 24 24 29 30 24 26 22 27 27 29 22 24 21 24 22 23 24 17 20 20 15 24 33 25 15 20 32 21 26 26 22 17 17 13 13 13 17 19 14 13 17 19 12 8 12 12 34 10 11 9 12 15 17 15 20 21 17 17 15 15 14 11 14 43 26 8 8 16 15 22 22 29 36 87 30 112 148 73 22 15 9 116 176 178 90 43 25 82 166 141 150 152 147 149 144 156 170 167 154 145 177 156 153 170 163 172 177 178 186 176 179 187 195 187 188 183 190 200 214 211 213 219 220 221 222 223 228 234 237 222 166 109 102 74 56 46 34 37 25 21 25 43 30 92 109 94 85 113 114 116 117 112 101 97 102 82 94 59 67 108 114 111 115 103 98 100 95 82 89 99 105 85 64 74 77 62 48 69 87 83 50 54 67 61 51 52 86 65 73 43 28 41 56 46 39 27 37 42 42 46 38 37 43 25 28 45 45 44 46 36 38 34 45 39 61 52 62 59 59 32 44 50 37 39 50 26 29 22 31 39 48 35 40 33 48 48 29 27 39 33 30 40 23 17 32 16 30 48 37 14 18 43 37 36 28 44 28 38 33 27 31 33 14 50 47 47 41 45 37 36 36 38 24 37 59 42 29 46 28 29 26 18 23 24 32 38 37 35 31 25 38 45 36 41 25 36 24 24 26 35 27 25 24 34 26 27 29 25 32 40 39 27 28 34 29 30 51 44 43 50 44 43 48 39 43 50 61 48 43 58 55 51 41 58 49 50 43 47 37 38 56 42 33 47 59 56 46 47 42 74 103 76 56 55 55 67 61 50 51 64 61 69 59 71 67 41 56 71 51 56 66 80 80 98 84 51 50 51 44 50 64 65 79 74 86 60 41 78 72 80 75 59 59 85 100 90 80 68 66 55 87 92 88 78 67 77 74 71 83 85 85 93 88 62 62 65 60 68 71 54 56 45 36 43 47 36 52 51 55 40 43 42 38 43 36 55 53 49 44 43 32 36 52 60 52 58
27 30 30 37 36 26 25 38 40 40 27 20 24 28 24 30 20 24 22 23 24 29 23 15 18 22 22 17 22 20 21 19 19 23 22 20 27 26 23 26 18 23 39 35 18 18 19 21 17 16 15 19 21 22 24 26 27 29 28 25 20 21 21 17 14 15 19 18 13 14 14 11 11 9 12 16 14 15 9 17 23 19 21 16 10 12 14 15 12 16 14 11 12 11 29 66 42 98 110 8 11 8 12 10 15 37 94 106 35 35 92 75 30 28 19 75 158 133 60 49 14 73 83 67 158 166 171 158 161 176 165 157 183 165 162 165 158 155 178 187 179 180 182 177 188 186 182 183 169 196 208 200 214 211 214 231 225 222 222 230 231 230 228 240 162 106 104 84 49 43 79 73 56 64 78 60 106 97 33 35 20 71 104 119 123 120 115 111 107 107 89 49 61 87 70 86 94 79 108 101 40 25 17 36 62 111 92 64 54 96 95 84 70 57 45 52 49 32 47 62 61 56 60 66 43 43 45 44 36 29 34 42 43 35 24 32 43 17 28 49 51 55 66 60 42 44 38 45 46 33 30 45 91 40 45 46 35 37 37 24 33 48 49 44 46 30 29 29 45 32 25 29 32 18 27 29 15 19 32 30 39 46 33 27 33 43 36 26 36 34 28 29 32 24 24 19 14 42 32 58 65 49 50 47 35 45 35 41 50 40 36 45 28 28 23 21 16 32 28 23 37 31 57 54 31 43 29 34 40 49 28 34 39 28 21 20 14 22 30 19 22 25 26 25 30 33 33 35 31 42 52 50 27 25 45 51 69 56 54 47 52 52 61 51 40 45 49 48 26 39 55 40 36 44 53 36 47 56 42 62 53 39 42 61 70 60 57 58 69 54 67 60 76 74 61 54 53 54 61 43 49 48 41 68 70 70 84 97 77 60 50 50 53 77 87 90 83 78 68 50 70 94 82 69 73 89 97 100 85 79 74 73 71 74 86 66 72 68 54 65 71 70 99 94 88 82 81 74 51 79 91 70 61 62 53 44 37 51 96 71 66 52 50 53 38 39 39 39 31 37 47 45 31 29 35 35 52 59 62 58
32 23 27 36 34 25 36 44 42 33 39 26 25 23 23 21 26 23 25 21 21 26 25 20 21 26 23 20 22 22 21 25 23 24 17 21 22 21 18 26 27 25 33 17 24 18 17 21 20 21 18 20 23 26 19 19 22 25 30 30 22 16 19 21 17 24 23 14 15 15 14 15 11 9 8 10 13 13 10 15 16 14 20 22 15 14 19 13 11 9 15 14 14 10 21 91 60 25 17 15 10 45 5 13 8 15 41 26 10 63 104 104 52 14 16 25 159 75 29 49 35 35 28 75 159 152 162 169 176 166 160 145 175 166 169 175 174 170 186 177 181 170 186 186 170 192 198 187 183 199 211 212 213 214 218 222 224 218 218 227 220 209 221 226 114 106 108 105 67 51 73 82 64 92 32 10 48 99 89 75 75 73 108 114 115 107 112 111 117 71 55 101 116 38 33 67 118 117 118 118 92 80 82 95 100 87 75 65 74 91 82 69 83 80 66 63 66 45 37 54 46 41 46 38 53 53 72 55 48 48 51 52 44 69 67 70 56 47 50 68 47 53 46 67 54 35 32 45 45 26 35 42 60 33 36 50 36 31 38 27 30 34 63 38 42 35 34 29 41 28 23 25 26 14 21 28 21 25 34 49 51 49 43 21 44 35 47 57 51 32 36 37 35 25 30 24 14 34 38 66 46 53 60 42 19 33 43 54 59 46 29 43 37 26 21 19 29 46 27 28 48 32 58 63 27 49 31 35 39 35 31 34 34 37 22 18 30 32 27 18 29 39 61 35 17 27 27 31 24 40 44 43 37 52 46 42 53 35 60 47 51 75 68 49 54 41 59 67 65 62 64 41 37 43 48 39 37 46 41 54 57 43 45 52 53 51 58 43 62 60 53 48 73 85 86 85 91 77 67 41 46 33 45 84 69 64 66 75 70 55 64 72 50 65 67 68 71 56 78 66 72 73 71 74 74 84 91 92 80 72 78 93 88 97 90 72 77 78 76 64 65 91 99 92 101 80 85 80 47 67 66 47 55 49 46 43 71 89 82 75 80 45 49 68 63 61 62 54 55 53 52 52 38 42 42 50 54 68 82 89
34 23 23 28 29 25 39 33 33 35 51 55 38 24 21 18 20 20 23 24 16 19 22 20 22 27 21 22 20 15 15 18 17 22 17 25 26 25 31 29 24 26 29 18 22 21 14 16 15 17 17 19 20 14 10 20 18 19 20 22 26 27 24 25 26 25 24 24 20 22 18 16 21 20 14 12 13 18 12 17 15 12 18 22 15 20 19 15 14 15 16 19 20 18 40 17 18 19 17 18 6 21 63 20 12 12 14 34 13 8 21 63 108 42 38 16 33 46 18 28 36 18 13 81 147 173 167 158 156 156 151 172 178 170 178 178 172 182 179 171 190 194 193 178 190 194 193 190 201 212 209 216 212 216 226 218 220 210 222 204 205 209 222 191 89 107 107 96 92 46 44 73 50 67 69 94 100 115 105 102 108 106 114 123 121 129 91 41 87 34 57 87 109 114 93 86 105 110 103 105 76 64 79 71 70 104 101 94 83 71 79 77 74 63 89 104 79 50 34 47 51 49 50 66 70 55 54 44 34 35 44 45 45 61 37 18 29 48 39 51 63 77 58 52 52 27 18 38 36 28 43 48 42 38 48 48 49 26 31 29 32 59 73 50 49 36 35 28 39 28 14 24 52 46 42 35 38 42 29 21 49 45 44 48 44 44 42 49 52 33 33 30 24 29 24 20 22 32 48 45 29 45 37 24 22 20 38 50 48 41 21 32 18 19 21 24 26 38 33 44 47 42 57 59 72 60 38 49 47 37 55 41 36 50 36 36 57 54 35 26 21 49 49 47 30 23 32 28 59 45 51 31 43 39 34 61 47 47 39 29 54 61 48 41 51 31 47 47 45 43 56 43 42 45 54 54 61 45 41 51 45 31 42 58 47 42 53 61 59 69 69 65 67 78 80 65 75 60 63 40 72 57 54 68 54 45 57 57 75 57 56 70 69 64 59 79 86 82 93 84 87 75 68 64 68 63 69 81 81 70 77 90 66 80 95 71 81 78 70 68 95 81 81 78 80 77 78 56 45 72 90 78 71 60 38 49 80 69 66 71 72 49 48 67 59 66 85 88 89 81 74 62 66 68 76 71 71 84 69 72
40 17 24 31 37 31 34 40 34 33 31 39 19 20 26 22 20 23 24 23 21 17 19 22 25 20 25 17 16 13 18 22 24 21 24 26 22 22 33 25 27 28 23 24 22 25 22 22 14 13 19 24 19 18 24 19 23 21 15 23 41 30 36 20 24 26 26 20 25 24 26 20 16 20 21 17 18 22 13 18 12 12 17 16 23 21 12 13 11 24 15 48 15 15 19 20 17 15 33 23 10 56 60 15 24 17 15 14 27 36 29 45 108 150 24 24 23 22 17 15 15 16 66 161 174 159 172 158 153 170 167 169 164 156 179 175 189 184 186 182 189 190 183 194 204 200 169 187 195 210 206 221 213 227 201 230 229 226 234 214 230 230 217 218 103 106 109 75 19 43 82 93 93 61 66 44 46 82 96 81 54 58 55 81 68 111 130 123 131 127 114 114 100 102 97 79 96 95 106 103 105 97 72 57 70 90 83 68 90 67 66 47 79 63 53 64 91 52 21 31 38 38 51 60 55 44 43 55 36 30 37 44 38 49 52 55 64 67 47 36 64 60 54 45 44 30 36 39 42 27 46 35 51 59 63 32 31 38 47 33 28 55 43 29 35 27 33 30 28 21 16 19 39 50 28 17 17 33 18 32 49 42 35 48 44 41 39 49 57 33 25 28 24 31 24 15 20 37 36 45 23 39 28 31 49 25 31 47 39 43 39 34 28 22 14 24 39 28 37 49 44 52 58 43 58 53 52 54 43 37 54 33 44 56 37 46 46 50 49 50 54 66 44 43 41 35 36 53 62 66 57 30 40 33 43 61 33 34 46 38 60 53 48 43 39 23 30 32 35 42 56 40 30 51 48 30 50 49 59 67 49 32 46 61 51 38 55 46 54 62 62 49 68 83 64 54 69 66 56 79 76 76 74 74 61 47 52 59 53 42 47 63 64 65 66 74 88 88 72 63 72 75 59 60 74 54 62 78 68 70 99 115 56 75 82 82 80 64 57 77 82 68 64 80 79 80 91 64 40 85 79 87 100 102 101 101 93 83 75 68 60 45 43 67 82 91 95 95 99 102 78 84 78 69 91 86 84 86 65 71
28 38 29 32 40 37 42 50 37 30 39 36 54 28 20 20 16 18 22 21 20 15 17 18 19 24 27 28 24 20 20 26 31 24 28 25 23 21 21 22 29 26 22 27 23 19 17 26 14 13 16 17 18 29 30 26 17 15 16 19 22 15 18 13 13 21 20 15 17 20 15 30 27 25 21 16 25 17 25 11 9 11 12 14 18 19 13 9 10 16 10 12 16 17 23 21 21 26 25 21 18 8 9 7 15 14 12 16 46 30 99 69 152 21 23 48 29 16 15 14 14 19 58 160 156 171 170 171 174 155 178 170 181 165 172 186 193 171 186 185 191 189 184 197 190 184 202 217 207 193 225 220 218 223 224 235 237 235 233 227 239 232 242 240 127 113 106 97 89 110 93 114 69 28 46 47 67 62 72 54 42 42 24 27 44 87 94 92 92 108 111 105 117 110 94 101 105 113 118 100 112 86 58 86 107 108 85 92 98 94 107 87 88 48 35 61 39 30 41 32 36 25 42 47 65 51 23 48 33 19 63 44 24 37 68 63 80 54 44 52 47 33 41 65 81 48 41 35 20 18 36 57 63 81 47 25 27 33 44 29 23 58 53 31 30 34 30 32 36 23 17 25 43 55 37 16 17 31 20 24 43 33 30 35 34 27 28 43 49 31 24 24 24 24 34 30 34 34 43 32 30 32 22 27 48 33 44 44 40 50 33 41 37 13 17 34 45 25 48 47 51 43 30 29 38 41 45 49 31 45 42 23 41 37 23 35 44 46 31 44 69 47 39 42 53 70 63 63 59 61 48 65 49 53 65 51 60 40 37 31 34 41 43 39 40 24 28 34 59 48 47 40 28 47 48 45 42 44 35 59 41 33 41 41 29 32 43 39 49 57 47 38 76 75 48 50 60 63 79 76 45 56 65 57 67 76 69 51 65 74 71 49 70 55 47 69 79 67 66 57 61 73 76 79 72 56 56 69 65 77 99 101 102 107 104 90 89 63 48 67 71 66 62 73 90 86 90 48 55 70 78 73 78 84 97 94 94 86 63 61 59 44 48 76 93 88 83 74 91 89 88 86 84 74 107 94 66 68 66 87
20 31 23 30 32 29 37 41 34 37 36 37 42 28 22 22 25 18 24 18 26 18 21 21 22 30 25 29 26 16 19 33 25 20 21 19 20 27 20 27 28 24 28 27 21 18 17 26 25 18 14 17 14 11 15 15 18 12 16 20 19 16 18 12 14 12 12 16 17 17 14 19 23 20 14 18 18 13 17 11 9 7 14 14 18 16 11 10 15 12 13 13 13 24 22 21 18 17 5 12 19 17 9 10 13 11 9 16 47 38 13 46 18 10 13 12 20 54 83 60 74 119 93 150 172 175 169 173 178 169 162 164 171 177 175 165 187 197 190 188 191 191 198 186 203 204 207 195 204 219 214 185 209 224 234 225 228 233 232 238 244 236 237 232 107 109 110 101 106 74 32 68 61 20 53 73 99 104 74 52 18 32 34 39 60 100 110 77 20 65 69 85 99 48 37 64 113 110 121 112 108 65 38 39 89 95 77 93 105 86 111 93 77 69 78 73 51 32 36 23 21 49 60 93 54 47 35 52 35 29 93 62 35 49 53 88 37 59 74 39 39 55 82 97 98 96 97 81 65 51 41 42 35 51 51 32 23 28 24 21 14 21 43 31 27 26 24 38 25 16 12 24 31 36 32 27 27 34 27 22 44 24 22 21 19 27 33 45 30 26 22 22 20 25 27 19 29 31 40 35 29 22 33 27 39 49 52 54 42 40 26 29 18 13 19 31 30 24 49 45 37 41 24 23 34 39 36 40 32 48 33 24 48 24 31 46 46 41 41 62 51 56 35 40 56 51 60 70 59 53 37 60 44 62 57 43 41 38 45 54 55 48 41 45 31 12 22 38 56 40 41 38 26 42 52 34 30 38 33 50 36 21 43 48 41 40 44 41 48 42 42 47 78 65 55 47 54 51 64 69 45 51 57 57 82 82 75 73 78 71 73 50 60 58 55 71 70 53 52 59 78 91 69 66 70 60 70 69 65 85 124 116 112 109 108 82 72 63 48 63 68 65 59 62 64 64 80 61 43 56 71 80 65 75 85 84 72 65 71 69 43 47 66 91 83 75 73 68 84 90 79 73 63 72 88 77 85 91 81 87
23 26 37 32 26 37 34 31 32 35 38 36 28 24 22 29 22 23 27 28 22 16 18 14 14 24 21 28 23 17 19 21 18 29 26 26 28 24 21 21 19 24 26 28 24 21 20 32 26 20 15 18 12 9 13 15 10 13 18 18 18 21 16 15 15 13 14 14 17 21 16 15 18 17 21 19 17 12 26 20 14 9 8 8 12 11 10 10 8 15 13 14 12 17 16 19 18 15 11 21 21 13 10 16 23 16 70 73 44 16 24 14 14 39 23 66 90 149 164 142 151 154 131 175 178 177 180 174 169 170 173 177 163 174 199 185 189 190 187 205 196 197 194 193 203 214 204 201 204 208 226 224 227 222 226 223 231 235 236 238 238 236 235 240 124 101 101 100 45 52 67 75 78 57 76 107 97 101 56 44 87 55 75 62 66 110 103 100 100 49 37 19 31 87 74 99 115 116 118 115 106 93 99 84 94 91 106 85 73 46 53 82 110 85 81 42 66 68 70 63 64 58 71 89 61 36 44 32 31 21 50 39 28 31 41 76 47 44 50 72 65 85 85 100 111 112 89 58 42 70 88 67 57 67 52 26 28 18 23 19 12 20 37 23 21 24 14 26 15 13 11 20 16 20 24 35 14 22 28 18 18 21 11 28 34 35 34 37 26 23 28 15 13 20 48 48 45 28 44 29 46 29 24 23 42 57 44 48 41 39 42 39 32 25 21 23 31 53 53 38 30 44 35 32 51 33 29 22 39 35 26 34 52 23 20 55 45 53 42 56 49 40 28 43 62 41 67 54 55 41 50 56 46 52 48 41 41 64 57 65 57 47 42 58 40 38 42 58 70 63 55 47 24 47 44 23 26 34 21 38 35 20 37 39 37 39 24 20 36 51 27 59 78 59 70 64 73 63 54 60 49 75 67 53 83 62 63 56 54 54 71 80 61 65 48 66 75 56 47 49 85 82 58 53 61 56 65 54 64 73 97 85 84 98 88 71 68 54 50 79 78 68 60 57 55 71 68 48 57 63 69 76 56 73 89 94 66 51 57 57 53 77 71 87 76 67 75 87 72 70 62 68 80 69 104 101 101 93 86 88
21 30 21 23 29 31 25 24 28 29 27 24 28 26 39 27 20 24 20 22 20 17 19 24 23 20 24 30 20 19 17 22 20 27 28 25 33 26 26 25 23 24 26 27 23 22 23 21 19 16 13 17 12 13 15 16 10 9 17 17 19 18 14 13 13 12 15 12 18 19 20 17 14 14 13 25 16 20 19 20 17 12 10 11 8 10 9 12 9 12 17 17 14 11 12 10 11 11 16 13 10 12 9 10 18 26 54 4 68 19 31 15 13 65 90 16 73 169 167 182 170 185 181 181 181 174 186 166 174 170 175 189 179 180 181 185 199 183 189 188 193 202 184 192 201 192 213 215 211 203 223 220 222 225 233 226 234 228 224 234 239 241 241 243 218 96 109 106 85 88 120 95 81 90 79 92 86 68 30 33 67 62 22 31 37 70 93 105 95 77 67 44 39 73 71 92 109 103 108 112 111 108 116 106 85 98 101 102 30 16 16 33 71 56 59 44 56 77 67 49 64 73 62 53 57 51 39 53 53 59 45 56 56 28 32 26 40 94 100 78 87 78 72 87 92 98 81 69 56 37 79 66 52 60 54 27 52 54 68 37 34 27 30 28 11 23 10 20 12 18 11 14 17 14 15 25 30 19 28 35 51 24 14 37 24 18 26 28 27 21 21 15 17 31 39 36 46 38 34 34 52 39 26 23 38 45 48 34 30 33 30 27 27 24 41 39 45 72 59 29 20 37 15 19 41 29 28 28 39 29 31 42 37 21 8 20 28 50 39 43 33 27 27 46 56 48 58 57 45 34 40 48 39 57 44 25 43 47 57 64 43 30 36 44 54 54 51 51 57 54 47 40 27 35 40 42 46 42 38 37 38 22 31 39 35 27 22 28 28 36 37 47 57 70 72 66 70 70 58 73 64 69 76 56 69 57 66 61 69 61 68 62 44 49 44 68 66 50 47 87 73 63 73 62 59 58 65 54 67 82 76 63 67 72 65 73 52 41 43 53 85 75 68 56 67 76 92 61 54 58 73 59 59 80 82 84 73 55 59 71 50 64 73 82 72 68 78 64 69 61 73 62 77 86 93 111 92 78 76 86
22 37 25 19 23 34 35 33 28 33 28 22 28 40 37 28 24 24 20 19 15 27 23 21 23 21 24 20 21 26 22 25 18 29 25 21 35 25 31 19 22 20 23 24 17 17 25 21 20 20 14 19 13 13 16 14 18 20 21 20 13 16 14 12 12 12 12 14 18 19 13 18 15 10 11 13 16 15 15 19 15 11 11 11 9 9 10 10 18 19 13 14 14 12 8 8 9 9 12 8 7 6 8 95 93 85 140 91 14 47 5 19 29 134 190 109 182 169 179 187 183 154 167 158 167 173 180 177 174 187 185 183 187 194 196 198 193 177 187 191 191 209 197 199 200 209 201 207 217 208 223 215 220 219 222 230 230 237 236 233 240 242 239 242 248 122 109 99 109 111 108 89 52 58 75 58 79 51 24 40 64 82 88 42 40 45 50 54 51 61 57 51 80 119 56 50 80 104 119 111 105 99 71 68 56 94 95 68 81 88 96 102 100 80 48 44 42 25 51 53 55 49 49 46 33 57 72 82 48 31 35 43 40 47 21 22 39 48 43 49 72 95 89 68 86 78 55 26 67 34 58 54 41 38 58 22 44 53 60 64 70 45 43 29 29 29 14 30 32 45 29 21 20 14 17 21 21 19 19 22 37 32 23 32 20 24 24 28 21 23 16 16 11 29 31 31 21 17 31 46 39 42 35 23 35 54 43 31 30 33 26 31 34 40 49 32 36 46 48 32 21 36 23 16 31 24 25 27 34 41 31 31 36 19 6 10 22 43 49 49 28 27 24 32 40 48 58 48 40 36 51 48 36 59 42 22 49 51 43 49 43 15 28 37 60 65 62 47 43 45 34 29 20 19 24 39 48 48 53 43 39 27 32 33 31 31 31 47 37 43 58 60 32 68 68 54 54 62 62 61 47 60 58 60 65 61 61 56 64 51 69 70 50 55 33 50 57 50 62 71 55 62 63 62 50 49 57 48 74 73 60 57 69 71 76 78 50 59 46 44 96 75 54 48 68 86 86 55 56 48 79 79 67 54 96 82 85 48 58 63 53 53 75 78 76 78 78 79 67 61 51 71 81 65 77 92 90 73 67 81
20 23 23 19 22 21 21 32 27 27 33 34 39 35 36 33 19 20 15 20 20 23 24 21 24 29 29 19 22 23 16 19 17 27 29 28 22 24 27 22 18 19 23 19 19 12 31 25 20 19 19 14 14 18 24 21 16 18 18 17 18 17 15 18 11 11 12 16 14 16 14 10 11 18 15 14 16 13 15 19 20 13 10 11 11 12 7 14 29 17 14 14 14 15 7 10 16 18 17 11 10 7 12 4 9 7 5 5 28 19 67 36 24 102 173 154 186 161 169 122 93 184 183 176 165 182 187 184 182 173 185 186 191 186 181 186 195 190 194 187 195 198 200 195 194 197 221 222 211 215 224 217 230 227 233 232 231 237 231 229 227 240 237 241 250 192 81 105 103 106 109 72 27 47 50 59 85 47 88 102 74 75 91 48 38 47 45 55 49 45 26 25 28 38 85 56 52 91 115 102 95 80 107 103 86 104 92 78 77 83 70 88 102 77 24 20 20 44 54 43 39 19 30 50 45 35 29 41 48 24 17 26 25 31 22 16 38 38 36 32 25 41 104 68 67 83 68 37 73 91 59 44 46 82 64 38 52 58 58 63 52 51 46 33 33 30 17 41 49 43 31 27 26 20 21 23 37 61 56 41 25 22 19 39 17 20 23 32 18 21 13 17 19 22 15 24 30 10 25 43 36 51 43 30 21 38 41 29 31 19 16 26 33 31 33 14 26 43 52 24 22 41 44 51 51 27 16 21 33 43 36 52 54 53 43 48 46 41 39 47 25 23 20 31 37 20 32 34 36 39 39 38 34 45 34 20 65 58 37 61 60 21 39 85 61 65 69 57 39 46 46 38 27 38 26 26 51 62 56 55 39 30 26 39 45 50 55 60 82 92 97 71 66 75 58 50 47 61 54 50 39 41 44 50 57 42 58 59 65 58 67 65 74 69 66 73 69 54 76 59 56 54 56 52 48 47 57 40 62 72 67 56 58 68 61 68 65 75 63 43 80 74 54 42 53 56 87 63 67 61 85 89 70 31 65 88 80 49 58 57 43 54 62 80 71 66 63 60 79 72 61 68 61 66 75 71 79 83 79 67
20 18 14 10 13 16 20 31 30 25 25 28 21 37 35 27 15 18 20 15 20 18 21 25 19 20 32 21 20 16 16 27 26 24 32 27 19 22 18 13 15 15 20 18 16 24 20 21 21 25 21 13 16 16 17 21 15 15 17 18 22 17 14 16 15 11 13 12 13 21 23 19 17 19 14 12 15 14 17 17 13 15 11 13 8 12 10 12 24 14 14 13 13 13 22 23 18 12 7 6 10 12 7 17 6 9 13 30 20 58 63 20 63 172 181 31 115 19 93 14 89 150 171 182 181 193 186 174 178 170 189 185 190 193 184 183 197 195 189 198 199 195 203 209 202 210 211 204 208 210 223 224 216 223 226 227 224 232 238 234 228 233 243 241 238 221 121 94 107 100 111 99 68 45 29 44 51 52 104 111 94 65 72 57 53 63 30 35 42 32 46 41 57 67 58 40 37 47 61 84 95 103 105 67 42 102 112 70 48 42 17 30 71 82 79 77 76 102 111 106 105 113 62 36 32 27 48 38 59 37 31 21 13 19 35 49 70 61 35 26 33 45 87 96 66 54 95 114 75 84 88 46 21 35 32 44 61 40 29 41 37 51 42 23 20 22 26 32 24 38 30 20 33 54 64 76 73 85 87 79 81 67 54 36 33 19 17 15 17 14 10 13 16 24 22 20 32 24 26 40 39 47 33 35 15 8 36 23 26 36 16 23 37 38 29 45 43 37 34 21 17 39 45 28 42 43 18 17 22 29 43 49 39 39 33 33 28 40 34 36 19 20 24 43 35 26 44 50 49 41 42 39 24 28 34 27 39 24 8 24 50 22 42 54 40 54 66 57 35 43 69 58 55 47 36 45 51 51 50 47 43 46 63 64 70 65 32 37 72 96 87 83 80 72 57 50 50 66 52 41 43 34 45 47 47 51 65 63 68 60 62 51 57 44 58 64 53 46 79 51 56 46 51 38 38 37 40 32 59 57 50 66 62 58 50 61 77 74 71 59 83 78 62 53 53 78 71 72 67 49 53 49 37 44 69 107 98 48 58 43 61 78 76 68 71 71 60 58 65 57 55 76 74 50 85 95 82 82 74 86
23 23 23 17 19 32 27 20 24 25 25 25 23 48 44 21 16 17 24 24 20 27 26 35 26 20 22 23 20 21 19 24 25 26 27 23 21 26 17 15 16 15 25 20 14 22 15 20 16 21 17 16 15 14 15 10 15 15 15 16 15 15 25 16 18 13 17 15 17 16 16 12 14 12 16 13 13 12 22 19 18 13 9 11 8 10 11 11 12 10 16 19 16 17 15 15 13 14 9 8 8 15 12 12 12 19 21 14 15 14 55 123 63 54 13 10 9 20 20 11 52 169 168 171 167 173 194 192 185 188 182 187 190 181 183 188 186 181 188 195 207 200 201 209 205 220 215 219 213 224 211 215 230 229 224 231 235 237 241 243 234 238 238 243 238 241 242 138 91 102 99 96 49 83 50 59 55 55 97 86 68 42 35 43 24 35 36 62 60 33 39 38 63 45 36 46 34 49 65 74 44 49 63 44 25 57 64 48 76 98 102 95 70 99 88 75 116 99 107 93 98 108 117 71 49 56 46 62 87 92 96 119 119 123 116 86 61 42 38 39 41 31 38 47 71 66 71 94 59 54 57 36 39 40 30 54 53 30 34 33 27 37 35 28 26 25 20 15 19 29 49 36 24 44 49 80 72 74 73 75 73 75 80 28 40 20 37 42 32 24 37 44 37 38 40 40 34 40 41 30 35 39 27 29 21 19 30 14 21 27 19 24 42 57 37 56 41 23 40 18 21 30 48 24 27 30 19 15 27 26 33 38 31 26 40 46 47 47 33 29 20 14 20 28 39 51 59 47 67 62 72 63 21 27 36 27 28 30 20 24 26 23 35 45 47 40 41 41 31 41 66 72 69 75 73 69 64 58 65 54 48 36 54 73 52 45 25 22 38 27 53 56 74 70 61 46 46 52 42 37 62 39 32 44 47 54 64 55 48 56 64 58 57 47 39 54 53 59 58 53 46 52 47 32 34 26 29 42 73 41 56 60 51 55 56 54 69 63 57 59 67 73 55 48 46 68 70 66 68 57 61 52 69 78 77 81 81 47 62 70 71 59 70 76 68 65 57 74 58 50 49 67 77 77 91 92 90 80 76 81
22 17 27 25 28 21 18 22 24 25 19 35 36 30 26 27 24 18 18 15 21 23 28 24 20 18 17 22 16 20 20 21 25 25 28 23 19 24 21 20 17 17 21 21 28 22 23 18 19 16 16 19 16 14 16 13 12 14 23 23 14 15 28 11 12 13 18 17 17 12 12 10 10 10 11 12 16 8 15 16 16 15 17 14 9 8 14 16 14 15 19 25 17 17 22 14 8 14 9 9 9 15 11 8 10 14 20 14 16 14 8 19 7 7 5 11 10 15 25 5 114 189 172 174 171 182 181 189 176 190 192 190 189 199 199 192 200 191 198 194 198 197 204 203 212 209 207 218 204 217 204 222 227 228 228 223 215 218 228 229 230 238 238 243 237 242 241 230 126 91 102 99 106 108 91 87 46 82 81 89 63 80 59 55 53 41 42 85 45 23 24 27 53 56 31 27 35 47 43 47 44 55 64 64 82 81 39 30 31 32 71 98 95 109 92 98 120 114 120 111 106 89 55 87 79 85 117 96 69 96 96 78 65 59 74 88 48 44 75 75 73 71 38 94 101 60 79 72 41 48 35 35 67 47 32 54 50 31 29 31 30 28 32 14 19 16 25 25 22 40 60 50 44 49 55 66 70 71 64 62 59 58 73 27 31 14 36 45 54 53 62 63 47 48 42 42 48 38 36 20 30 28 23 27 29 23 24 13 16 25 12 31 43 43 42 35 35 27 28 18 20 23 43 40 28 30 26 22 28 27 34 32 23 19 24 14 25 40 24 31 16 11 23 43 51 48 54 55 45 31 53 59 48 48 32 30 32 44 33 36 28 24 34 46 44 36 32 43 28 36 46 67 42 61 76 77 86 81 86 71 64 75 73 76 63 68 57 73 52 70 63 85 85 66 55 45 46 43 36 25 37 27 26 62 65 60 57 39 40 46 67 64 48 43 34 60 36 30 29 54 48 54 47 32 34 18 28 34 40 45 48 59 55 46 49 47 61 59 51 54 64 65 53 46 42 69 64 65 74 77 56 61 73 78 76 61 75 54 58 56 51 57 68 77 61 62 63 90 63 47 52 84 52 52 78 86 78 74 71 71
20 21 19 13 14 21 22 23 25 36 30 31 28 32 29 34 33 20 15 11 23 15 16 18 25 20 24 25 19 18 14 28 24 16 25 21 20 17 18 22 16 18 21 18 17 21 19 23 21 18 15 14 14 12 14 10 12 14 14 17 12 12 26 20 11 14 10 17 24 16 17 14 21 14 13 8 16 21 24 17 14 11 13 12 11 11 14 13 17 15 13 14 19 20 18 12 14 17 13 10 10 10 6 8 9 9 16 12 20 9 29 7 10 48 79 14 13 13 9 38 182 178 187 184 182 186 188 172 172 182 180 192 191 194 183 184 181 190 204 201 203 204 204 194 212 211 185 199 213 208 193 209 230 225 224 233 235 235 229 229 228 232 236 239 223 234 241 242 248 139 90 107 90 100 101 105 93 109 76 50 49 76 99 117 94 65 50 57 54 71 39 27 34 36 24 51 53 41 27 32 56 29 55 55 79 82 69 58 37 44 39 30 76 75 43 15 38 102 114 73 40 99 107 109 104 97 86 68 86 98 77 104 95 93 108 97 46 32 70 79 99 93 67 59 65 38 34 36 30 36 28 25 31 47 40 53 50 33 32 28 41 48 43 36 37 29 25 33 46 55 48 27 50 59 69 74 61 48 54 53 41 61 50 19 13 13 17 27 38 45 30 17 43 51 53 51 50 30 22 27 25 25 22 19 17 16 24 15 17 21 21 39 33 40 57 35 34 28 30 18 17 21 27 21 13 19 21 18 37 27 31 48 24 23 30 31 50 50 31 33 16 12 16 44 41 52 63 43 25 37 38 39 34 57 53 61 51 52 58 59 64 58 62 45 33 37 51 41 26 36 37 62 60 26 43 65 64 79 30 36 29 41 38 47 69 82 89 89 51 55 86 70 82 67 44 37 51 34 36 30 24 23 26 37 46 48 48 43 43 36 38 42 44 34 48 61 45 50 49 58 47 51 43 39 44 36 46 51 68 50 54 60 62 56 58 47 73 67 69 77 59 56 58 54 80 73 65 71 67 68 56 65 85 90 83 75 73 54 40 50 51 54 92 81 67 65 69 71 62 50 51 63 56 54 69 72 74 80 74 76
22 23 26 31 22 17 20 19 26 24 25 21 28 27 29 37 32 18 15 15 16 16 25 20 25 23 23 23 25 19 20 27 20 19 23 20 21 16 18 19 14 18 29 19 20 15 22 14 21 20 13 12 11 13 17 13 20 16 19 21 15 14 17 20 18 20 22 24 20 20 22 12 25 28 28 29 11 15 15 19 19 16 12 9 10 8 7 9 11 11 13 10 13 13 12 11 12 12 14 12 9 11 7 10 9 9 11 11 13 10 16 21 15 12 23 16 28 91 35 86 188 186 185 186 184 181 173 191 177 168 188 191 191 195 195 187 180 197 198 204 197 198 198 194 192 158 181 208 211 211 230 227 224 231 235 235 228 219 231 224 217 225 236 232 234 237 242 235 243 225 199 93 117 97 88 94 96 107 90 56 29 49 86 52 21 34 51 76 61 82 65 60 47 57 69 89 46 33 34 30 37 56 54 57 59 59 79 84 80 64 63 98 90 72 52 37 71 61 83 84 92 81 108 91 98 104 109 34 95 111 98 120 126 120 127 123 81 61 92 32 55 96 108 72 46 36 22 33 21 23 21 36 40 23 23 38 39 25 25 37 37 37 42 56 55 38 46 65 54 46 26 24 29 59 64 66 56 46 56 75 70 42 47 32 27 38 44 31 29 36 41 44 36 31 17 18 23 14 21 15 28 21 18 22 26 30 27 12 11 30 25 41 32 33 50 45 48 33 28 17 18 24 25 22 9 12 12 14 37 37 23 45 27 29 40 54 47 37 22 22 14 13 26 54 43 59 59 37 26 21 43 43 40 52 53 69 53 20 40 56 61 54 58 43 31 29 49 39 28 51 36 58 64 71 86 73 53 54 80 73 93 69 31 26 45 46 90 79 37 39 60 64 80 72 47 39 44 43 33 20 28 33 28 34 44 58 48 44 41 27 38 27 41 25 57 53 36 51 72 70 47 40 54 60 53 53 64 65 66 57 67 64 70 72 80 80 65 56 68 69 48 52 54 63 75 69 60 67 54 67 54 49 64 72 75 81 72 46 54 61 64 66 83 62 59 76 72 77 56 49 51 54 47 44 51 67 64 59 60 69
16 23 20 20 39 27 21 17 24 22 22 27 27 26 29 28 25 20 20 19 18 18 18 19 17 18 22 26 25 18 21 18 24 24 16 18 18 16 15 12 13 16 21 20 18 18 20 12 19 18 24 19 15 16 17 10 13 15 14 15 13 12 15 14 17 16 17 19 16 15 21 14 28 24 17 16 15 16 17 16 14 13 11 12 10 8 14 15 19 19 17 22 20 17 19 11 12 16 14 13 7 8 9 11 13 8 10 12 11 45 47 26 16 10 14 17 29 71 79 143 181 182 191 197 191 177 176 189 202 187 182 186 202 195 187 185 185 189 196 188 165 161 199 202 205 213 212 202 191 189 216 214 221 224 222 222 224 228 232 227 224 233 229 229 236 230 233 230 228 235 218 140 112 104 116 97 84 99 97 77 46 47 64 52 59 24 44 60 63 75 60 72 55 39 66 59 69 51 49 61 73 83 67 75 54 49 67 77 83 62 44 94 94 62 87 49 69 71 47 21 37 46 92 86 92 50 72 36 54 91 108 102 105 108 116 119 56 71 94 79 69 90 88 98 104 105 81 72 75 54 50 42 40 32 39 42 34 26 43 41 26 30 30 24 42 48 53 74 31 51 38 40 48 60 61 55 79 71 66 63 56 34 35 44 54 26 26 42 76 73 69 52 50 31 12 16 28 12 16 26 36 26 19 35 42 38 28 13 21 32 16 29 34 37 25 42 51 44 40 35 44 40 44 47 35 35 32 26 30 34 24 21 20 23 33 32 16 17 24 21 14 15 21 30 33 52 41 31 17 13 41 77 75 68 62 44 42 33 32 53 54 42 45 37 29 35 51 29 15 36 28 54 61 67 79 53 39 77 82 94 84 90 93 64 50 38 48 54 61 82 62 53 59 71 45 43 48 31 23 24 26 29 31 37 24 34 50 40 44 40 54 48 29 31 49 52 42 43 48 62 45 36 49 65 64 52 50 62 65 58 63 65 67 81 81 78 74 47 61 63 50 57 62 72 71 55 48 52 53 67 74 65 60 57 58 72 84 88 89 82 82 78 64 59 60 72 67 68 63 56 58 56 51 45 41 65 64 60 58 59
20 24 15 23 40 16 18 13 17 25 23 31 23 23 25 30 37 22 29 38 20 14 19 14 17 27 26 21 24 19 18 16 19 17 16 15 15 15 12 15 19 18 21 19 17 14 21 14 18 18 25 15 14 13 15 12 14 17 15 10 10 12 17 15 12 11 17 16 17 12 14 12 12 12 18 21 20 16 13 12 12 12 10 13 12 15 18 13 16 18 13 21 13 16 21 12 10 12 15 17 9 6 10 11 9 23 17 41 28 49 92 17 11 15 24 51 44 29 39 149 162 168 187 134 173 190 194 166 175 149 157 179 175 189 179 176 191 200 196 195 202 201 200 197 194 201 195 207 201 207 188 220 210 210 211 232 234 232 232 234 235 226 235 229 223 222 230 235 227 231 246 246 223 155 88 95 94 97 84 103 106 91 87 86 91 103 95 64 85 102 67 62 32 47 51 52 34 16 29 52 38 56 81 61 39 55 52 71 68 61 62 76 47 44 59 61 64 87 77 81 56 102 113 98 96 74 35 41 26 34 47 47 83 89 97 96 30 27 38 19 19 48 72 83 81 67 39 33 92 109 64 65 97 67 64 31 26 27 31 37 25 31 28 48 38 28 22 38 25 48 40 29 26 26 45 61 61 54 63 59 38 26 42 43 47 66 36 43 80 79 85 72 81 64 17 14 16 11 12 19 16 19 17 23 26 30 51 25 24 31 25 32 39 40 45 56 48 45 54 62 52 57 65 72 78 72 79 68 38 41 59 41 26 17 11 10 16 10 24 25 34 30 29 36 21 37 22 26 13 10 45 72 24 62 81 81 73 57 40 20 39 30 40 44 18 30 47 19 15 27 28 56 70 57 60 41 47 54 63 79 77 73 63 39 34 39 58 58 31 81 49 48 56 70 70 49 81 70 49 40 59 62 61 64 36 31 39 34 33 33 29 25 30 45 43 54 55 52 54 68 45 49 64 51 33 30 47 58 65 80 81 68 70 77 72 72 80 67 71 70 54 57 71 75 75 64 50 46 48 69 79 62 85 74 58 68 70 71 90 84 76 60 57 71 49 67 67 63 57 65 66 43 50 54 56 60 54 58 50 54
16 18 28 14 33 16 23 34 26 23 22 22 23 23 28 29 34 35 40 27 12 14 14 21 20 19 24 19 25 15 19 16 16 13 17 16 15 13 18 18 21 16 22 22 18 25 22 10 19 22 23 17 24 14 12 12 9 11 12 13 13 10 13 14 19 19 23 25 15 13 16 12 14 16 17 11 15 15 14 12 8 15 14 13 12 13 12 10 14 16 18 15 16 16 12 10 11 11 11 14 12 10 12 11 10 20 13 42 19 18 15 10 8 10 16 79 54 117 162 191 154 80 76 67 204 171 173 193 196 191 193 177 185 189 183 184 184 164 179 186 204 200 196 211 208 210 199 192 175 177 183 196 199 210 209 193 196 219 228 216 217 220 226 232 236 236 231 226 232 237 236 230 233 229 210 133 105 97 110 93 83 94 101 99 114 103 109 62 70 84 82 94 54 47 41 27 50 47 41 24 39 46 72 60 27 31 82 74 69 60 53 49 38 36 46 41 45 33 25 55 63 60 67 53 45 24 17 11 31 57 49 48 80 64 44 62 39 28 30 13 16 37 63 41 64 37 92 105 74 65 40 40 55 77 110 94 65 18 34 24 26 26 25 31 17 13 27 58 62 36 18 16 19 20 24 25 30 48 54 51 38 19 50 53 74 56 35 38 49 36 55 68 62 77 58 42 37 32 32 40 29 13 10 18 22 21 43 24 15 34 44 48 65 51 55 59 47 44 41 35 28 44 39 56 57 46 84 65 39 41 64 47 60 112 83 72 56 43 27 22 25 33 37 44 63 54 31 29 13 17 35 50 58 58 64 67 64 61 69 55 44 22 26 42 20 34 68 38 22 23 15 44 39 40 39 36 26 20 53 68 72 72 56 36 29 31 36 49 72 57 49 54 45 48 54 51 57 71 70 76 79 88 83 72 90 75 36 30 29 54 72 52 61 47 68 48 53 69 69 66 39 51 50 59 77 64 55 64 82 74 81 76 59 67 66 64 77 68 73 77 52 50 67 71 69 68 49 42 42 73 81 74 69 76 57 60 74 65 84 86 81 54 58 67 39 72 68 66 83 81 83 63 67 66 56 56 50 46 38 56
13 19 26 29 24 18 23 32 20 22 23 21 29 27 20 18 27 29 31 24 17 10 15 20 19 18 19 17 16 15 18 14 17 15 19 19 15 18 17 17 21 21 28 22 19 19 14 13 20 18 21 18 12 8 11 11 11 12 11 10 12 10 11 10 20 22 29 22 15 11 18 14 16 14 11 11 14 13 13 13 10 15 10 11 14 13 11 11 12 15 20 17 12 13 18 15 10 12 7 10 8 11 13 13 12 11 15 17 11 11 8 11 11 26 75 12 16 124 180 179 61 17 12 176 188 180 192 183 187 191 190 199 199 200 188 177 197 205 194 177 178 191 184 201 194 189 207 174 189 188 197 192 200 211 204 209 225 217 219 223 215 211 222 243 250 242 233 237 238 236 224 223 231 224 218 222 217 152 107 106 108 99 95 94 101 111 113 95 71 73 84 83 78 59 42 46 64 65 74 92 24 28 44 34 53 54 75 70 57 52 41 46 55 45 55 54 70 58 61 68 36 31 39 38 50 57 63 81 62 30 25 15 25 30 46 30 31 22 35 15 37 50 40 52 59 38 48 97 88 79 75 54 67 86 92 71 62 29 21 18 23 27 18 25 25 14 9 16 27 21 21 43 46 33 38 39 47 40 37 28 29 36 42 40 40 25 30 30 36 26 35 32 26 42 42 24 28 51 70 60 50 41 26 25 20 28 32 24 15 22 40 44 34 48 52 41 31 27 33 64 71 51 61 71 77 75 82 82 42 36 47 63 55 70 79 98 94 91 94 87 58 52 51 54 50 51 31 22 16 13 22 35 55 34 66 54 60 64 60 59 51 23 31 32 14 29 60 26 15 31 40 67 49 60 68 40 22 24 32 47 60 70 56 47 56 45 70 75 77 50 46 42 42 44 42 51 56 64 69 68 59 62 54 47 53 63 58 62 51 71 65 64 50 40 30 45 68 73 72 60 52 48 54 69 64 89 97 88 77 68 78 75 63 60 47 57 62 46 52 53 44 48 50 71 71 72 46 34 48 50 68 64 55 63 54 82 91 94 86 59 72 57 48 72 43 60 66 58 72 69 63 61 87 72 64 63 43 37 64 82
19 20 16 33 23 25 23 25 21 17 20 19 24 22 17 23 26 32 33 16 15 16 15 20 22 22 24 24 19 17 17 21 19 16 22 16 19 17 14 17 17 29 35 26 21 15 17 20 15 18 18 18 19 15 10 9 12 12 13 12 9 10 9 10 9 12 20 13 21 20 18 14 9 10 14 12 15 10 13 13 12 11 11 11 14 11 10 9 9 11 14 12 8 10 14 13 11 9 9 8 8 12 15 13 14 10 9 12 9 8 16 18 11 61 56 33 14 13 32 54 15 6 115 169 168 186 193 172 194 193 184 191 189 192 177 156 172 200 179 187 183 179 182 182 194 207 215 207 190 179 188 145 150 153 187 191 197 190 195 209 223 224 206 215 226 232 224 220 225 220 216 234 227 236 234 238 238 245 224 154 104 102 121 104 90 80 93 91 92 77 71 99 97 75 99 106 93 51 80 89 63 54 37 52 51 87 67 75 37 30 58 49 81 49 77 52 38 41 49 43 49 58 67 46 51 63 63 52 44 13 12 19 40 49 58 30 23 53 76 52 28 23 30 47 44 25 29 45 64 27 29 31 36 36 78 74 46 14 13 10 24 24 31 46 30 24 20 18 19 13 20 60 22 11 35 54 54 23 23 22 44 22 22 23 20 23 22 27 24 24 25 29 29 34 35 43 38 47 37 40 57 53 48 45 34 35 33 32 44 37 30 26 41 47 21 14 28 28 41 45 37 67 51 58 80 54 49 54 39 25 40 71 46 34 35 28 33 47 70 61 36 72 60 25 56 52 44 31 24 16 17 20 26 18 33 46 53 41 45 43 46 24 45 45 13 29 36 27 17 17 30 92 86 82 66 68 62 72 66 61 85 82 77 66 50 68 80 68 80 71 48 49 35 41 37 34 35 40 49 54 55 58 56 49 62 74 66 78 81 68 61 47 75 54 69 83 77 60 59 60 71 78 91 87 84 93 87 87 67 56 74 56 61 63 53 54 61 51 49 38 26 34 31 66 59 59 58 49 62 71 81 87 86 100 83 91 97 90 84 60 56 63 68 66 42 61 75 73 64 63 59 68 82 70 47 51 42 48 72 83
21 22 41 42 21 19 30 27 23 18 20 22 29 20 20 21 19 20 18 14 15 15 16 21 16 15 23 20 22 17 16 18 14 16 20 14 18 19 18 19 26 18 36 35 22 15 19 19 19 21 20 13 16 17 16 11 16 11 10 11 11 11 12 12 17 21 18 14 13 10 13 13 15 19 14 9 14 17 18 13 11 10 10 10 12 12 15 15 8 8 13 8 11 11 10 14 12 13 14 11 9 14 15 13 13 12 13 17 12 14 11 22 25 21 29 21 23 12 12 7 14 12 100 172 146 167 182 176 186 195 202 194 196 193 176 188 186 167 181 191 175 176 190 194 193 194 191 205 186 183 176 165 133 167 216 192 173 182 204 212 213 215 211 212 211 221 230 215 203 201 220 210 207 222 222 225 228 229 233 214 153 92 96 80 93 90 84 89 84 93 95 94 84 72 81 60 43 47 81 47 18 38 37 44 87 91 82 69 38 22 56 58 87 71 77 90 74 79 82 95 69 57 61 56 59 79 71 64 79 76 61 50 56 38 21 24 28 72 110 76 41 60 54 53 32 24 33 39 48 47 57 26 31 17 35 54 73 72 53 49 24 16 12 35 59 68 61 35 45 62 55 55 68 60 58 46 57 38 25 30 51 24 23 29 23 32 50 26 31 30 33 36 26 18 19 32 36 47 38 27 36 34 26 35 25 44 31 39 33 36 27 29 28 28 39 56 37 29 31 46 72 77 64 69 73 70 68 51 29 21 56 71 87 65 67 48 54 52 41 67 68 79 65 83 85 75 55 74 72 63 57 47 40 46 33 39 34 42 57 66 44 23 26 33 17 14 27 18 30 35 33 33 49 52 59 92 89 94 104 103 98 91 85 60 59 72 59 46 60 62 39 34 36 29 34 49 64 49 58 46 45 36 42 54 58 52 36 48 74 59 59 57 62 74 79 83 70 76 75 73 92 80 77 76 73 81 75 88 77 64 78 60 60 61 58 62 71 81 94 84 92 91 75 66 42 40 56 60 59 64 85 90 96 98 95 86 83 68 74 77 51 83 93 79 67 77 61 72 58 63 61 68 67 62 43 57 46 48 72 77
22 24 30 25 21 22 18 18 20 17 17 18 21 16 16 26 18 20 26 16 18 22 16 14 15 20 20 21 23 16 15 15 18 19 16 16 15 21 20 23 20 20 33 18 14 16 15 17 16 14 15 12 25 17 20 10 12 11 12 11 10 9 12 11 14 13 13 16 23 21 21 12 12 17 15 15 18 14 13 14 13 14 12 10 8 8 12 14 12 14 11 11 13 8 11 11 12 11 13 15 11 12 12 16 14 15 9 5 7 11 14 19 12 11 10 12 10 14 14 6 49 35 47 133 132 172 184 196 189 195 192 190 193 183 187 187 190 186 193 198 194 184 187 188 194 200 189 205 179 198 177 167 152 174 193 205 191 171 184 177 195 224 225 217 208 184 176 170 186 174 167 221 233 230 212 214 189 211 208 205 224 217 227 186 169 100 99 103 94 85 74 78 80 85 99 78 32 65 67 49 43 51 26 30 50 29 55 68 76 73 67 37 50 67 77 87 72 62 73 89 87 43 37 61 88 85 73 63 65 55 45 23 32 40 43 47 67 85 76 60 71 75 62 31 42 20 11 48 45 24 56 49 56 80 64 71 65 70 87 81 74 79 59 49 41 61 86 62 38 56 55 51 59 57 67 94 60 39 34 81 49 31 32 25 12 24 22 25 52 87 90 61 83 69 65 64 44 58 28 20 26 13 20 36 41 34 17 12 10 26 47 26 21 31 35 23 38 28 18 37 57 52 40 53 68 76 71 47 25 22 44 41 38 66 65 77 80 92 83 91 77 32 28 46 49 43 59 78 61 49 33 55 54 46 61 51 40 48 39 50 33 12 23 39 39 42 32 25 46 57 83 63 74 62 54 60 80 79 93 99 113 98 87 88 79 71 51 47 45 63 56 27 28 20 27 46 63 61 50 41 36 29 38 50 58 55 20 50 69 46 53 66 66 70 90 99 94 91 79 92 98 81 81 88 83 92 99 103 99 61 81 71 70 66 72 57 63 82 61 49 72 81 62 68 50 53 66 56 56 63 66 75 87 82 67 55 72 54 65 64 82 104 95 93 101 89 82 73 68 62 62 67 52 71 77 55 42 52 67 85
15 13 19 15 16 20 22 16 19 21 18 14 15 17 17 20 19 18 22 22 18 18 23 20 26 27 21 22 25 16 17 18 12 18 15 15 18 17 22 20 28 24 26 27 13 18 19 14 14 14 20 20 21 22 20 17 11 10 12 12 11 9 12 11 9 13 22 17 23 13 15 16 18 22 19 13 11 12 12 12 10 15 15 11 14 11 13 16 15 11 10 11 8 10 10 9 16 16 17 15 16 17 13 16 10 12 9 12 9 8 8 6 7 10 11 10 15 7 12 15 32 34 41 54 79 191 185 185 198 199 200 189 190 191 195 202 201 202 184 202 173 179 194 187 203 196 191 208 204 188 207 214 208 200 191 161 179 193 206 211 191 199 201 214 219 212 221 210 216 221 208 215 217 217 224 213 203 201 201 199 221 221 225 230 214 214 163 103 100 103 117 94 96 70 94 78 77 66 42 57 40 86 73 78 77 65 66 71 33 28 41 76 49 70 65 80 66 98 91 54 23 24 79 48 61 79 79 93 82 101 96 77 69 53 39 37 46 66 56 39 43 53 54 39 30 33 23 37 28 55 35 47 60 53 51 52 35 29 45 37 61 91 76 53 102 100 103 98 79 49 53 60 57 56 48 42 37 22 87 82 36 25 19 18 32 29 20 32 35 55 65 36 20 32 75 71 69 80 78 100 84 61 51 72 71 58 72 64 51 37 33 39 38 18 21 21 33 29 15 24 25 23 23 27 50 58 67 35 19 19 25 40 36 15 30 40 62 60 54 80 76 25 18 36 66 57 69 54 30 31 21 30 45 48 55 41 29 56 78 79 69 37 29 32 48 62 29 17 41 62 70 70 76 79 90 72 44 47 55 55 57 69 89 87 84 88 87 72 68 73 60 26 28 23 46 57 68 80 75 70 38 32 52 75 69 47 35 42 49 41 59 74 81 47 59 56 78 77 80 71 77 75 76 78 82 86 91 90 97 63 83 65 72 78 78 70 76 89 59 41 75 94 78 57 97 77 48 44 42 52 56 73 73 59 53 47 68 61 65 62 73 74 89 97 100 93 85 67 69 73 64 57 61 62 67 70 74 91 75 84
13 12 13 16 16 14 20 19 17 16 19 13 16 13 19 16 20 16 14 21 20 11 15 19 33 25 14 18 15 14 15 16 15 15 20 18 15 16 16 14 24 32 31 21 17 15 16 16 9 10 14 21 22 23 19 21 16 8 10 9 12 7 13 14 8 10 11 13 29 17 11 11 16 22 18 12 18 20 20 14 14 14 13 9 10 11 12 13 13 14 10 10 10 9 8 10 10 14 17 19 11 13 14 12 13 8 12 10 12 10 11 11 7 7 11 11 9 10 13 22 21 11 31 29 25 124 194 184 182 181 189 196 197 198 170 183 192 156 204 196 198 174 167 194 187 201 186 172 174 204 192 186 195 207 205 163 182 163 167 172 154 204 212 219 200 212 224 213 210 203 183 210 214 219 204 218 218 218 212 215 220 224 225 234 219 224 230 217 210 110 101 107 115 115 104 87 79 88 75 60 45 77 93 104 77 46 65 64 34 15 46 71 94 82 76 60 66 35 64 85 61 83 67 31 41 63 69 73 72 74 118 102 87 83 97 74 55 66 79 77 43 33 36 34 20 33 28 46 56 41 42 47 45 39 38 43 20 28 46 57 56 64 64 68 53 90 77 104 96 83 51 36 42 54 29 22 37 81 80 36 14 16 43 61 74 67 58 49 56 61 38 22 43 56 37 42 66 69 67 84 73 82 61 39 65 75 93 84 88 63 67 55 71 57 65 61 44 33 18 29 53 53 51 57 61 67 42 17 15 15 21 17 31 43 27 35 49 34 27 22 40 35 16 26 45 67 71 31 16 17 70 82 73 76 58 27 15 43 63 61 95 82 90 102 94 76 56 56 71 68 60 51 47 43 44 36 25 44 47 50 92 77 61 96 87 84 45 35 60 65 73 26 32 27 53 38 52 58 50 67 48 31 55 77 63 76 88 78 66 50 57 85 102 76 86 93 83 67 63 61 73 91 82 87 78 82 84 78 69 52 79 73 68 63 63 63 67 69 74 65 68 71 51 53 90 95 81 93 80 75 87 62 58 64 52 49 61 54 57 63 80 85 75 76 89 97 75 66 64 84 74 93 75 78 100 105 85 84 78 77
20 16 14 17 14 19 16 17 15 19 21 17 19 15 15 13 15 13 15 20 17 23 27 24 21 20 22 22 26 18 22 15 21 19 21 21 13 16 16 17 22 30 25 20 15 16 12 10 12 19 19 13 16 16 15 21 20 11 12 12 20 20 13 11 13 12 8 10 18 18 14 16 14 12 18 14 12 14 12 8 8 9 8 9 10 13 11 11 9 8 10 11 9 8 6 9 13 8 9 15 12 12 11 11 12 13 16 14 10 10 8 10 9 10 10 11 10 12 13 21 18 9 23 9 12 76 148 197 190 179 178 142 154 137 54 191 205 199 197 196 195 204 202 189 182 187 182 197 163 158 177 195 164 138 159 160 163 172 189 171 176 179 168 201 192 202 213 208 210 210 207 196 207 216 185 225 211 215 183 177 163 217 223 219 208 217 212 225 207 193 170 145 115 75 82 75 101 89 83 97 98 90 93 67 58 83 88 42 35 45 72 48 68 63 51 44 18 22 38 49 44 64 79 68 81 69 38 21 41 44 60 51 35 58 59 59 48 80 89 77 34 32 60 48 47 44 45 40 33 62 29 46 40 59 47 44 40 48 57 37 28 42 39 47 43 26 17 31 51 53 36 40 35 32 32 25 31 31 31 20 17 10 32 49 33 28 39 24 62 72 35 20 27 40 42 37 32 33 23 30 79 93 54 20 20 46 43 82 88 62 53 53 59 44 50 57 42 23 17 22 30 38 32 35 60 34 46 13 9 12 14 11 15 36 37 26 20 45 83 79 81 48 50 51 58 55 21 11 13 24 20 36 44 74 74 83 58 74 47 42 31 39 56 53 55 46 16 19 24 17 31 35 41 64 78 108 97 83 92 78 99 87 50 52 50 41 60 71 65 49 50 23 19 23 20 21 49 54 62 62 46 34 47 82 84 80 88 79 80 65 48 81 62 68 92 98 88 71 69 69 80 76 79 97 92 83 83 64 26 38 57 65 58 50 54 63 57 53 71 66 60 83 71 79 86 95 92 88 99 94 82 51 60 69 52 50 57 54 50 66 68 95 105 97 85 80 78 62 72 71 70 68 57 62 53 76 94 80 82 77
17 17 16 16 21 22 22 20 22 21 19 16 17 22 17 13 16 12 15 16 24 37 23 24 30 42 26 19 17 15 16 14 20 22 20 21 20 16 21 25 26 29 28 21 16 16 14 17 17 20 19 18 16 14 21 22 18 9 17 11 9 18 19 17 16 10 6 9 10 17 16 16 22 19 18 15 15 16 13 12 8 11 11 14 13 13 10 8 8 5 7 8 9 11 11 11 10 12 13 12 15 14 13 13 10 11 14 15 13 13 13 12 10 11 12 13 17 16 11 17 7 12 22 18 16 47 159 194 159 184 190 159 93 11 86 203 190 174 193 197 186 202 186 184 181 199 185 181 204 180 171 174 201 194 163 137 160 179 201 204 198 197 190 191 146 157 178 186 182 201 207 212 211 189 174 201 198 191 183 197 204 193 198 188 184 183 181 205 199 200 208 211 216 202 179 136 107 95 105 101 109 108 103 100 86 69 74 69 68 63 55 67 93 98 88 43 18 13 29 36 14 30 61 63 61 75 67 54 67 53 35 31 42 29 33 30 43 62 61 51 17 15 66 71 73 30 19 30 53 40 21 29 19 41 48 38 13 4 39 31 20 33 28 35 55 48 42 63 71 30 34 23 38 37 22 19 21 13 17 15 17 10 23 58 49 90 74 30 38 31 31 32 24 41 68 50 42 19 42 68 90 60 77 29 29 55 59 61 71 70 78 64 84 61 52 41 20 24 30 14 15 16 16 21 26 27 22 17 14 12 20 17 13 29 27 9 14 54 57 41 33 35 45 37 45 34 31 24 22 23 25 31 34 30 38 48 23 42 68 71 73 85 69 49 70 57 58 33 35 45 48 77 95 92 64 93 100 108 98 88 78 75 100 51 26 30 47 59 66 54 53 33 24 28 18 20 25 38 57 67 40 30 36 55 49 60 69 70 60 35 49 76 81 83 85 92 82 65 57 78 85 81 82 93 88 95 90 70 68 57 65 83 62 48 47 56 40 28 51 58 55 78 79 78 73 77 80 60 91 90 100 80 94 107 82 55 52 46 59 76 51 68 74 97 102 112 100 94 75 65 81 97 78 71 70 72 78 73 72 72
18 15 16 20 21 19 17 21 30 18 20 23 26 41 21 15 18 14 23 26 27 30 18 42 40 38 49 31 18 16 20 32 17 24 19 14 19 22 18 25 31 30 25 23 14 14 17 16 16 16 16 20 17 20 18 16 17 18 19 12 9 14 14 22 18 19 25 23 24 21 21 23 18 11 13 15 13 14 9 10 10 10 12 9 11 8 9 6 8 9 8 8 15 11 9 11 11 8 9 14 14 13 18 14 12 11 14 8 10 8 12 7 8 9 15 16 15 15 9 16 13 17 17 8 14 25 118 143 182 130 54 130 53 136 190 193 187 197 192 206 151 163 186 181 166 184 186 193 164 165 147 181 155 193 151 170 163 173 190 201 191 181 185 197 194 203 173 174 183 157 170 196 189 186 190 196 184 183 173 196 181 172 193 204 183 151 185 170 170 175 189 183 185 195 199 195 211 187 156 144 129 108 112 108 92 95 102 84 104 95 84 77 71 78 83 62 49 53 36 39 49 63 80 59 102 99 48 23 28 53 33 28 28 28 41 34 31 53 38 29 12 12 25 32 33 29 32 61 60 35 25 30 40 43 35 48 34 28 36 21 20 30 25 20 47 81 54 82 71 43 32 18 56 50 28 18 23 16 15 9 13 10 28 82 68 73 76 49 28 38 50 36 54 32 30 51 14 23 26 43 62 28 14 13 22 29 55 70 31 19 32 60 31 47 44 42 40 28 37 44 57 35 36 41 30 35 54 49 34 28 31 36 37 40 30 25 27 31 34 25 30 39 38 30 46 59 39 29 36 23 38 31 40 49 51 51 50 44 54 55 43 57 46 26 55 77 46 45 81 76 57 66 83 70 64 54 100 99 99 83 93 73 70 77 72 81 86 87 62 56 62 54 59 63 66 75 66 51 50 50 46 42 49 68 55 71 34 22 43 27 33 51 72 72 51 37 56 60 56 66 86 98 90 82 83 91 85 79 94 87 98 72 73 75 57 81 83 89 77 52 59 83 74 80 73 82 81 75 79 78 69 65 61 83 68 60 57 60 71 63 51 69 71 89 68 70 95 82 56 52 72 116 107 110 103 83 98 85 69 70
23 26 25 26 23 20 20 26 54 45 24 30 29 23 22 20 31 16 20 28 30 21 17 16 37 32 30 33 28 12 25 38 22 16 16 16 14 18 14 19 22 33 19 13 21 18 16 15 16 12 15 16 17 21 20 20 12 10 10 9 8 12 14 21 17 12 9 12 14 17 22 13 14 11 14 18 17 13 10 12 10 14 9 8 11 8 10 10 12 9 12 11 11 10 12 12 9 13 14 10 16 12 15 10 11 10 14 14 10 10 9 7 7 8 11 11 16 18 19 21 20 20 13 6 19 25 34 103 45 14 71 55 37 148 187 181 167 180 171 185 201 202 199 189 188 205 186 192 196 193 171 119 119 202 182 198 201 198 171 164 147 197 196 177 165 185 185 197 173 168 193 203 198 143 159 177 180 186 174 152 189 163 163 186 181 168 160 177 143 168 168 183 178 185 190 188 182 189 191 184 185 187 172 115 82 91 103 93 101 111 90 100 78 73 67 71 76 98 87 73 91 97 98 87 68 75 58 46 24 13 18 29 52 25 63 114 120 82 45 47 61 59 57 45 26 13 41 62 36 29 39 70 69 39 48 58 55 63 51 71 89 71 70 40 33 54 45 39 46 29 16 17 29 39 20 14 22 15 19 12 13 11 48 64 62 57 82 66 31 44 39 23 38 19 21 35 30 25 33 37 34 33 42 45 34 26 33 42 25 17 19 35 17 9 11 14 18 17 20 28 36 41 44 43 63 62 39 35 33 39 39 44 38 25 31 43 41 41 23 23 22 19 32 33 43 49 44 35 26 47 65 44 73 76 91 65 52 67 87 74 57 45 49 53 60 63 64 61 74 85 85 98 85 91 82 58 74 66 55 66 86 55 35 48 77 68 48 41 36 49 32 61 55 57 64 52 44 36 26 36 44 53 63 45 72 72 79 91 101 106 105 96 95 94 102 101 69 51 42 76 97 93 82 81 68 79 88 61 79 75 69 75 69 69 61 75 71 83 81 80 85 86 85 80 85 74 77 83 88 83 62 47 49 49 51 65 49 73 86 88 87 86 63 71 81 78 71 65 55 53 50 74 84 87 75 71 100 80 68 76
20 21 21 32 31 21 24 24 32 19 21 15 17 16 26 52 36 22 19 23 23 16 15 41 40 60 58 33 20 15 18 27 36 16 18 19 15 17 16 17 33 34 31 27 39 18 16 15 18 10 17 19 17 15 20 17 13 10 11 11 10 10 12 14 11 14 11 20 20 20 11 11 9 17 13 13 11 14 14 19 16 10 16 15 10 13 12 11 11 9 15 14 11 12 12 9 5 14 12 12 13 10 12 12 12 9 11 16 8 12 14 13 5 11 16 16 11 9 18 17 20 18 23 19 15 25 16 24 11 38 23 61 192 187 182 190 178 196 189 182 197 180 200 178 164 174 167 177 188 204 167 48 108 154 185 142 178 168 206 210 204 182 193 166 140 167 199 196 200 164 159 144 181 170 202 182 166 190 181 160 157 173 152 147 164 155 208 182 165 159 145 176 157 195 160 168 172 170 168 169 171 182 170 188 194 180 157 118 114 82 103 101 94 103 109 114 105 86 76 83 65 90 72 48 35 28 52 76 85 68 62 66 45 18 41 61 79 79 79 89 79 47 61 68 55 31 67 41 18 22 61 89 49 29 27 44 33 18 14 69 76 47 71 56 39 80 68 21 53 38 9 10 11 28 20 15 23 13 15 11 14 11 16 37 42 34 38 57 7 29 32 27 30 11 14 14 18 28 20 25 26 25 28 34 28 14 24 16 13 31 22 13 19 35 39 26 27 25 35 29 30 17 28 45 41 33 45 44 59 30 29 31 26 30 21 23 15 17 15 33 39 70 51 34 31 20 24 30 30 36 30 31 64 75 45 26 46 70 80 51 33 44 59 70 59 54 47 56 45 33 9 47 98 95 76 46 53 62 89 94 92 81 60 63 82 93 82 73 93 75 75 61 59 67 41 29 26 32 27 40 60 49 43 37 53 51 57 61 72 83 81 77 72 81 83 79 52 35 41 68 87 79 83 89 69 74 69 36 60 46 50 62 61 56 71 82 64 75 90 97 80 59 82 91 95 99 96 78 85 79 87 71 65 68 75 56 51 69 68 74 72 77 70 74 73 75 73 46 57 48 46 58 62 69 68 59 71 69 66 76
17 17 22 24 27 20 26 28 28 29 26 15 26 35 32 37 22 17 16 14 12 15 55 65 46 50 57 41 39 30 8 31 33 19 21 17 29 31 24 32 37 37 21 32 26 14 14 15 20 26 20 26 16 18 15 11 13 11 11 9 9 8 11 11 13 10 11 13 19 14 17 9 12 13 14 14 16 15 15 17 14 27 21 16 16 15 11 11 14 10 13 11 10 11 11 7 8 9 11 14 8 7 7 8 8 10 10 11 7 11 15 17 17 14 13 11 11 7 9 12 13 15 18 21 17 16 16 14 37 40 127 151 185 154 151 171 169 139 186 186 174 161 163 172 188 191 163 189 161 152 137 49 104 105 152 175 167 169 186 209 191 185 189 173 165 153 201 169 194 208 189 181 182 186 175 192 188 180 138 169 168 166 172 162 159 145 172 179 150 130 147 156 167 149 152 158 140 146 161 164 145 152 160 168 158 154 151 144 155 144 148 175 127 125 99 102 102 108 119 109 96 84 80 82 81 78 50 31 64 80 77 77 23 15 21 22 28 21 58 49 50 72 96 88 94 61 67 21 10 20 25 46 52 27 28 40 53 42 50 48 27 31 31 30 65 71 50 60 62 53 45 27 26 23 15 10 11 14 15 13 10 16 22 25 16 20 19 24 15 15 17 32 26 19 21 18 22 19 21 28 20 19 19 28 40 32 33 22 51 53 64 70 56 74 81 63 43 38 41 41 42 40 25 39 36 35 35 26 16 22 16 26 21 23 28 47 10 35 45 52 64 65 69 65 47 46 42 31 35 26 36 50 64 80 74 77 75 68 54 52 74 68 57 54 53 52 83 79 36 26 51 63 83 47 29 35 27 13 36 69 88 81 85 87 88 59 43 74 83 77 68 32 21 53 81 76 67 48 84 73 55 68 34 29 58 57 45 44 86 92 92 98 65 49 48 56 53 36 42 38 61 82 57 59 58 58 46 45 44 44 66 53 44 51 70 67 58 62 69 72 73 61 66 66 81 73 85 79 83 82 77 70 52 57 61 52 43 61 78 69 68 74 65 69 83 85 71 88 80 52 49 43 57 59 63 47 73 68 65 73
17 21 22 20 24 22 25 33 40 30 28 31 31 42 41 32 20 15 22 24 17 17 44 47 69 63 50 47 30 48 43 38 36 22 18 21 39 22 15 32 28 35 26 15 15 18 12 19 18 18 21 18 15 11 9 9 9 10 11 9 9 10 10 10 17 15 17 18 15 14 18 16 13 12 10 12 12 7 9 9 10 16 13 11 11 10 12 12 11 8 11 9 8 9 9 7 9 11 5 6 7 10 7 9 10 12 10 11 10 10 11 13 10 11 13 10 8 8 10 8 10 11 12 10 9 10 9 26 53 65 180 184 188 195 189 185 174 173 181 191 187 190 186 183 200 179 191 185 173 170 90 24 38 50 109 139 134 134 166 180 179 190 198 160 186 220 185 171 192 199 207 197 195 197 202 183 169 187 171 163 149 148 170 169 167 141 155 155 134 157 163 130 162 139 149 161 161 162 143 165 154 133 149 188 197 180 187 142 164 166 179 182 196 202 195 185 131 102 101 92 103 111 101 97 101 87 81 80 71 75 81 81 37 38 33 32 33 15 42 31 32 45 39 31 48 51 40 20 20 24 32 29 31 22 27 31 42 42 41 22 19 8 19 21 43 92 83 69 41 25 62 69 68 42 28 15 14 14 19 12 11 26 19 19 13 10 14 9 8 9 7 11 35 19 15 15 20 27 46 28 28 24 27 35 37 53 19 21 43 39 56 58 31 62 62 26 43 23 34 26 42 56 57 49 54 46 21 28 20 27 40 41 41 30 20 42 34 61 42 38 34 27 39 51 64 73 85 73 42 81 82 85 77 76 57 69 56 26 18 22 32 40 38 21 38 35 39 38 39 37 45 63 59 37 18 31 23 22 45 48 37 49 39 57 77 72 58 77 70 60 53 36 24 29 57 53 50 69 54 41 37 62 64 61 60 48 32 35 52 63 64 62 79 75 71 69 50 46 67 60 70 48 41 38 39 46 39 48 39 40 56 46 45 63 79 55 60 61 55 59 62 55 66 73 78 83 86 61 52 74 75 63 53 49 57 63 49 52 58 51 50 83 84 70 73 71 64 57 76 46 57 52 54 55 56 52 68 51 52 67
17 18 16 19 22 22 26 35 27 22 30 33 43 34 24 32 25 26 19 22 15 45 48 42 43 52 51 42 31 42 38 46 41 39 24 21 30 25 15 32 31 36 33 21 17 16 14 15 17 18 13 17 14 10 12 14 10 5 10 7 8 10 11 19 20 16 17 12 10 14 14 10 10 13 11 9 12 9 10 8 8 10 8 10 11 9 11 14 14 8 11 7 7 11 7 7 10 8 10 7 7 8 8 10 8 12 11 15 10 11 11 11 8 12 8 8 8 8 9 10 8 9 9 10 15 11 8 36 24 95 196 177 152 141 156 156 124 123 166 180 190 187 178 180 178 174 146 178 188 90 47 11 19 48 34 159 186 209 173 162 197 191 148 142 179 219 199 193 177 155 183 175 182 180 184 199 194 162 151 173 151 168 180 185 183 174 168 170 180 169 212 180 178 159 149 161 146 133 132 158 179 180 204 176 182 161 188 167 181 181 188 169 164 173 165 158 148 153 151 154 143 127 146 133 115 115 115 103 98 79 80 66 67 66 55 40 50 43 58 70 73 56 17 39 34 37 36 33 30 18 27 36 45 36 28 39 70 48 61 61 43 35 24 30 40 49 39 42 22 26 36 31 40 48 33 25 25 20 16 17 21 21 23 17 18 16 16 12 17 10 10 13 24 22 14 12 17 24 41 14 12 12 19 32 29 36 18 15 58 29 21 23 15 30 30 25 28 12 22 24 22 18 22 29 28 25 20 17 19 31 46 45 36 28 36 45 39 46 43 32 70 62 35 24 29 39 55 37 51 54 30 71 63 102 36 80 80 24 14 24 29 35 29 28 33 31 22 19 21 17 45 33 26 21 22 31 35 29 38 40 45 53 69 30 65 65 66 38 61 65 29 46 75 67 67 39 40 62 75 49 33 49 62 42 38 59 79 82 83 66 43 30 89 88 90 99 79 52 51 40 48 46 59 70 33 45 86 63 35 35 40 28 39 46 53 49 46 52 62 46 43 61 57 52 47 56 71 41 42 74 75 50 52 51 56 67 57 58 60 66 64 75 71 44 69 72 68 56 41 31 33 40 69 95 91 68 58 48 47 59
10 15 16 18 20 16 24 29 22 23 32 34 38 32 22 22 25 26 11 11 30 49 57 47 56 56 35 27 21 51 51 41 33 35 18 21 32 36 21 30 29 43 28 33 23 11 12 12 18 27 18 18 14 12 11 9 12 11 15 15 15 17 9 13 20 21 22 20 13 18 18 12 14 15 15 11 10 8 10 10 9 9 10 7 10 11 12 11 16 8 10 10 9 10 9 10 8 6 12 10 7 6 8 7 9 10 8 6 10 8 12 12 10 10 10 8 9 6 10 9 12 11 15 14 11 11 8 40 51 120 123 174 162 178 177 164 142 136 140 149 129 139 182 193 196 182 159 137 187 138 18 25 24 57 52 140 171 181 174 179 154 166 208 217 185 176 212 204 194 195 172 155 158 163 140 181 189 166 191 190 218 184 171 174 195 192 196 159 179 173 179 150 153 166 183 163 175 203 183 178 170 166 193 168 145 157 175 190 195 182 185 167 178 170 167 181 180 168 187 190 191 168 128 141 83 102 106 107 108 112 107 114 105 91 78 67 65 78 62 54 67 59 72 46 34 47 38 18 19 11 22 16 14 21 26 27 26 32 36 34 39 42 41 23 21 25 16 24 28 32 40 29 44 28 18 26 19 22 26 27 20 19 18 23 22 22 26 17 22 24 34 36 49 40 19 9 14 24 35 12 9 13 3 18 34 43 26 15 36 29 22 13 8 28 20 30 20 8 18 19 19 12 14 18 18 25 24 14 18 31 28 25 22 35 53 40 38 22 33 33 50 31 30 31 28 17 37 67 37 51 62 60 22 26 15 31 40 53 58 55 29 16 20 13 29 26 23 16 14 15 54 29 21 18 20 25 38 42 37 38 44 72 82 43 69 86 71 52 52 60 65 52 56 73 50 30 29 43 74 72 80 52 30 69 80 77 71 67 64 48 39 32 45 86 77 76 68 63 47 54 31 51 52 79 67 43 53 59 54 72 73 78 57 34 40 51 50 56 50 34 42 52 63 55 41 55 56 38 40 59 52 36 53 53 56 50 62 52 41 39 34 59 76 94 90 105 109 84 73 56 50 32 51 72 82 76 75 57 47 64
22 20 21 24 18 21 23 22 20 25 33 27 34 31 18 27 28 30 34 21 22 33 47 46 38 37 43 38 20 41 38 39 33 34 24 29 42 39 25 18 27 33 29 22 33 33 32 21 21 27 15 21 17 17 13 11 9 16 18 20 18 14 9 10 27 18 14 17 26 15 17 14 16 15 15 12 15 9 10 12 10 11 16 12 10 10 10 8 11 9 12 8 8 8 6 5 6 5 10 9 6 6 9 8 10 12 10 8 7 5 9 9 7 7 12 13 14 10 12 11 12 11 15 14 10 6 10 7 53 134 98 107 186 195 165 187 190 171 166 153 160 169 182 173 150 149 170 180 140 132 36 77 46 23 76 117 145 126 153 157 173 173 203 208 207 167 169 162 183 189 199 187 199 138 80 140 180 159 198 183 156 151 184 191 176 180 180 164 139 149 136 162 162 179 176 171 159 142 176 171 145 171 170 174 156 163 189 192 161 151 180 168 165 181 170 161 161 127 147 138 143 136 139 150 152 159 142 124 99 87 107 94 111 114 112 116 104 95 108 102 101 93 95 60 72 53 63 49 48 40 13 10 10 27 45 33 28 46 51 48 45 37 29 12 11 16 15 21 28 34 31 30 25 13 14 18 27 30 24 19 24 24 23 22 19 17 34 34 25 34 39 32 29 22 29 17 13 9 24 33 30 32 44 43 49 36 29 31 34 27 26 11 9 34 34 38 32 12 20 17 21 14 19 24 16 22 14 15 28 29 30 21 23 30 49 42 28 24 18 50 56 33 31 28 24 16 11 37 40 38 36 50 51 54 55 38 39 30 51 44 49 34 41 16 26 29 40 36 26 17 17 22 15 8 17 27 26 38 56 53 45 49 53 48 53 52 38 46 46 51 59 48 50 87 69 55 40 80 79 55 40 23 19 50 82 79 57 38 76 63 22 18 26 56 82 106 69 36 57 54 33 40 92 96 82 68 66 59 47 56 64 78 102 79 77 50 41 64 67 75 68 66 92 87 91 91 61 36 41 63 76 92 65 41 66 86 74 49 48 52 56 77 109 103 98 105 115 104 80 105 119 107 105 86 98 95 71 55 54 86
19 19 24 28 32 19 20 21 23 18 20 13 20 19 16 29 30 26 36 47 52 21 25 39 32 25 56 20 16 37 38 43 41 28 30 30 36 32 25 20 30 39 40 22 28 33 37 48 33 15 16 21 12 12 8 8 10 15 26 18 23 23 26 8 23 19 15 15 18 12 11 12 16 13 8 10 12 10 12 12 10 11 14 14 13 10 9 11 7 9 12 9 10 10 8 5 5 9 8 7 5 7 6 7 11 12 5 6 8 10 10 10 9 9 11 12 13 11 13 16 13 12 10 10 9 7 7 22 20 80 25 37 122 185 192 181 160 178 94 138 143 146 172 198 198 178 193 169 127 39 22 52 36 11 44 109 75 203 191 166 180 156 154 165 173 180 161 185 209 197 180 180 169 104 17 112 191 142 160 174 200 181 155 136 158 185 146 169 200 171 143 136 155 161 149 170 143 159 167 152 157 155 170 151 163 187 175 150 164 187 189 162 183 151 164 165 161 150 153 169 163 145 165 152 142 160 156 153 158 143 134 114 109 80 73 87 99 99 98 97 102 88 94 93 75 79 75 89 68 78 85 80 62 55 57 52 37 33 42 28 34 30 21 27 32 29 45 33 28 29 26 30 21 19 23 21 21 22 28 21 14 23 19 19 9 11 19 30 32 31 25 24 31 24 27 26 36 28 35 36 32 27 42 34 36 33 25 19 29 24 23 14 15 11 33 25 24 24 29 21 25 42 23 46 54 40 27 19 11 16 24 30 34 31 35 31 27 27 43 60 37 31 26 27 16 18 16 26 38 49 46 33 22 23 33 38 27 30 27 54 43 50 59 55 25 41 47 53 51 54 61 39 47 57 46 39 31 31 38 32 28 36 54 43 36 24 29 37 22 32 59 47 33 41 42 26 26 68 74 56 36 24 31 40 80 70 81 65 57 67 86 74 50 28 58 75 53 34 29 30 22 26 46 82 83 103 102 100 114 103 70 55 75 88 85 70 42 90 86 77 104 90 112 86 106 106 56 25 35 44 54 67 29 26 28 71 84 117 105 102 73 59 95 65 52 53 103 102 73 89 91 78 87 87 84 68 80 92 63 80
14 14 19 20 20 16 25 24 20 15 18 18 21 13 25 30 21 23 20 13 42 47 49 28 49 25 45 32 32 24 36 45 33 26 33 34 34 41 24 25 34 49 33 27 21 35 29 31 13 14 21 13 9 8 8 9 11 13 19 15 14 14 17 27 19 17 11 11 11 17 15 13 12 14 12 10 14 11 10 11 13 13 12 12 9 9 6 8 6 7 11 8 7 8 11 12 9 8 7 7 8 6 8 10 10 11 5 8 7 9 8 9 8 12 10 11 12 13 13 14 13 18 12 13 6 4 10 7 92 67 29 86 205 193 189 164 176 154 40 166 168 146 178 152 185 184 168 197 157 127 60 60 11 17 71 29 104 91 200 189 168 154 166 189 192 190 215 201 214 159 182 164 154 65 16 118 196 194 155 125 141 187 157 172 182 134 126 162 181 185 174 173 193 182 166 154 143 130 110 124 142 149 170 177 167 168 146 140 178 171 170 204 174 158 155 168 144 152 166 173 152 147 169 159 154 138 145 158 135 136 149 167 158 146 156 129 103 80 88 84 98 99 103 107 113 113 98 99 76 90 69 91 95 86 90 83 80 73 66 55 36 35 24 43 42 33 39 66 22 30 40 26 11 17 25 19 19 14 20 28 24 18 28 23 20 13 24 17 14 24 26 23 22 15 19 19 24 22 33 33 27 22 35 46 28 35 29 27 41 31 29 28 25 41 42 36 41 27 25 22 27 34 39 47 41 44 36 39 36 31 21 52 34 23 19 18 29 25 50 39 28 30 27 31 32 29 41 39 25 35 45 44 37 36 19 18 24 35 46 47 43 47 39 45 61 57 45 54 53 45 48 32 51 52 51 37 28 31 63 55 60 29 47 37 36 26 35 54 66 53 47 43 37 44 44 21 20 49 46 41 31 37 48 60 64 74 80 60 64 82 68 72 72 68 63 62 78 78 90 82 63 65 71 94 91 82 79 89 90 81 95 73 88 85 77 41 28 72 51 72 76 86 89 95 88 94 96 96 59 38 40 66 61 50 52 62 56 89 71 79 68 62 75 85 62 71 61 64 35 44 45 77 87 72 82 69 64 79 57 82
15 17 15 19 15 22 20 20 19 19 24 20 22 10 20 16 16 23 28 21 33 40 42 44 47 45 32 39 21 23 41 39 27 24 48 48 37 28 27 28 26 35 28 26 34 29 27 24 18 21 17 9 7 9 10 23 28 17 21 12 10 13 13 21 19 19 15 14 18 17 14 12 15 19 13 11 13 14 14 11 12 11 10 10 9 10 9 8 10 8 10 7 7 8 10 9 11 7 6 7 9 5 5 8 11 13 8 6 7 7 6 7 5 9 11 12 11 10 10 11 13 14 12 11 10 7 13 18 23 6 100 129 183 177 190 157 171 142 46 106 119 160 184 186 175 161 131 105 155 60 81 88 19 48 43 110 28 125 200 203 195 194 213 209 133 141 181 180 202 192 173 149 126 66 15 68 117 146 173 212 199 158 158 201 188 165 178 159 151 134 166 205 178 176 174 169 168 149 173 186 189 193 166 146 161 133 151 155 155 165 164 134 172 170 158 162 159 176 193 193 175 156 173 193 183 170 157 163 152 171 163 139 132 135 136 136 138 138 142 144 121 99 132 118 101 95 88 77 76 89 82 77 79 87 101 100 107 111 96 94 85 74 54 41 44 38 55 59 51 65 60 70 39 40 40 40 31 23 22 29 37 31 18 25 21 27 14 10 16 21 17 15 18 15 20 21 28 24 32 22 17 12 15 25 22 39 27 30 37 26 33 28 29 35 34 33 42 44 35 31 39 27 29 20 27 35 42 39 55 34 34 43 41 35 36 28 43 46 44 27 13 26 30 62 37 32 36 23 23 24 28 31 28 29 18 11 21 56 34 19 38 49 29 44 45 46 43 34 33 27 34 42 34 32 55 40 50 71 60 54 58 61 67 60 48 49 44 45 47 57 62 42 41 27 35 30 32 35 33 34 40 37 53 62 62 79 66 58 54 48 57 63 53 64 71 70 91 85 79 89 91 77 96 109 76 77 81 60 70 54 68 99 112 98 104 76 63 50 51 32 48 50 63 99 70 107 105 104 80 93 77 79 79 83 94 67 82 65 54 39 43 59 64 63 40 56 51 41 66 62 70 86 102 103 93 72 43 46 41 91
15 13 15 17 19 20 23 21 23 16 22 17 20 30 22 17 19 28 32 32 22 51 56 49 42 33 36 36 46 49 38 39 40 35 46 41 45 25 20 23 32 35 32 21 25 23 21 19 16 22 22 13 19 17 37 36 24 24 22 13 11 19 20 19 19 20 18 20 17 15 15 14 14 12 9 12 11 7 10 10 11 10 10 10 12 12 12 10 10 8 10 6 10 11 10 8 8 7 9 7 10 8 8 9 9 8 5 7 8 8 8 10 5 8 12 12 12 10 10 7 14 13 11 9 8 9 13 14 30 7 97 201 198 179 198 198 192 154 53 70 96 150 136 157 146 175 171 27 28 18 61 28 18 23 26 18 32 137 158 175 190 190 181 180 199 187 196 156 166 196 204 158 64 46 10 39 168 151 203 207 149 162 219 215 167 174 172 185 190 173 165 169 155 158 173 208 192 164 145 146 175 187 208 164 169 172 144 166 191 171 187 166 181 164 177 186 175 168 164 170 186 149 160 168 156 145 161 171 168 156 146 144 148 141 138 141 145 144 130 142 135 131 120 139 141 127 128 116 98 83 73 85 66 82 80 69 84 89 88 103 99 73 109 91 78 71 63 60 80 66 45 58 49 53 67 65 55 50 36 37 37 44 46 34 18 16 22 32 17 10 17 8 7 15 22 19 15 21 21 22 24 23 19 10 20 43 39 31 44 37 27 35 47 48 46 42 39 38 32 34 53 33 31 39 40 44 37 49 51 20 25 22 24 48 40 46 42 35 52 42 33 49 65 42 25 27 28 17 14 11 28 32 41 53 35 46 34 47 53 48 70 68 45 58 36 25 37 27 22 36 42 38 42 39 43 38 46 48 74 29 25 48 31 42 80 67 38 53 40 43 42 51 37 38 66 66 48 52 66 50 65 54 53 47 50 68 60 65 51 66 46 51 48 45 45 40 35 38 58 62 72 60 86 94 84 64 65 68 37 42 31 57 64 84 87 104 105 70 43 33 37 12 36 83 81 84 87 50 53 57 66 72 106 77 100 97 99 44 35 28 36 36 69 83 97 64 31 31 61 92 75 89 74 89 72 97 99 87 75 88
16 14 16 19 13 13 19 15 17 23 22 19 16 17 14 15 17 17 22 16 28 49 34 38 42 36 20 20 26 30 32 42 39 53 43 38 33 20 20 19 28 21 28 28 31 26 28 23 15 16 28 26 24 15 21 21 17 18 20 18 18 20 21 16 11 12 11 15 14 14 16 12 15 11 12 11 11 14 17 10 10 10 11 11 12 8 8 6 9 9 12 8 11 11 7 7 9 6 8 7 7 9 11 10 13 10 7 8 11 9 7 9 6 7 10 9 14 9 11 11 9 9 7 9 8 8 15 12 12 8 40 92 196 209 181 186 172 77 86 29 110 193 183 186 173 191 167 70 16 68 114 24 17 22 34 15 79 99 151 130 197 183 162 191 187 180 204 179 180 192 192 198 146 28 7 61 55 113 172 167 189 179 167 133 136 179 180 139 141 149 181 216 207 151 161 190 181 187 196 181 145 205 217 202 206 172 142 146 140 137 164 161 173 175 158 151 128 150 177 161 149 157 198 166 157 184 176 162 159 168 172 172 167 162 153 150 148 154 168 150 134 137 134 138 145 139 139 130 135 131 118 125 133 127 142 126 132 116 101 86 88 76 78 86 72 82 91 95 84 83 78 66 75 73 70 72 44 67 52 43 54 63 65 47 46 42 45 43 39 35 32 25 30 19 33 29 22 30 39 27 26 44 35 30 26 31 20 18 22 24 27 27 22 35 29 32 24 46 63 51 24 29 43 49 44 47 33 30 36 25 24 28 27 31 32 24 24 37 37 31 17 29 30 35 29 22 29 19 17 17 24 28 35 62 56 47 35 34 25 20 35 57 44 51 47 38 32 55 59 63 35 27 45 41 45 53 61 54 90 76 80 57 77 78 88 91 37 33 38 46 52 27 32 44 23 40 53 39 32 45 43 67 41 42 39 43 35 43 43 57 47 45 45 57 74 68 77 61 62 59 56 61 57 59 67 53 51 52 55 49 47 46 42 63 58 74 76 63 52 53 56 49 45 47 43 56 59 76 82 71 64 61 71 92 75 84 75 72 52 37 44 60 72 75 87 25 22 14 24 46 62 62 68 70 50 68 80 62 56 72
18 17 16 14 13 18 15 16 26 21 15 24 26 16 13 17 16 16 20 20 40 56 43 34 40 24 14 20 36 29 29 32 44 47 38 28 31 31 26 22 26 24 28 27 24 30 27 19 12 15 19 24 24 9 9 13 14 12 14 13 14 15 15 13 9 10 13 12 11 12 14 12 13 13 15 15 12 18 15 10 10 12 11 11 9 8 8 7 10 12 12 8 11 8 6 7 9 9 6 9 9 9 9 11 13 12 7 10 8 6 7 10 12 10 14 13 14 11 14 14 11 9 16 10 9 13 15 10 9 13 25 8 96 179 164 193 152 69 102 22 88 181 149 167 143 176 168 51 33 16 56 31 13 20 23 17 19 113 60 126 194 156 153 175 184 167 141 177 199 190 122 66 75 36 17 21 17 40 149 159 177 183 159 192 167 148 140 154 190 172 149 152 157 149 172 158 165 175 177 161 190 188 174 146 135 139 174 147 151 165 168 164 152 154 140 131 158 171 155 139 135 150 169 130 138 140 138 179 161 168 161 144 135 144 157 162 158 149 152 149 150 156 154 150 155 153 153 150 141 148 131 147 134 154 137 136 138 129 124 132 135 137 125 121 119 107 99 101 101 81 78 88 71 75 94 72 58 70 82 70 76 84 86 89 82 73 65 73 70 73 53 56 59 56 49 51 47 31 41 39 46 43 56 44 38 37 41 39 39 38 16 17 22 22 20 24 28 30 28 25 34 29 26 38 37 33 32 32 33 25 26 42 54 31 37 42 59 41 43 34 30 38 42 42 32 11 24 46 26 24 39 37 33 47 49 43 40 38 31 42 41 37 28 14 37 55 37 30 44 45 48 43 62 53 24 22 46 42 59 42 31 28 31 30 58 51 87 67 83 71 77 77 56 43 62 71 56 53 71 46 32 37 35 52 61 53 29 31 26 46 66 76 58 59 51 39 60 48 51 56 59 59 52 57 53 50 50 59 45 50 50 55 66 57 52 50 53 84 73 50 52 69 77 50 68 79 92 59 63 46 53 64 55 59 73 63 41 77 56 76 72 83 78 79 101 83 76 67 71 68 59 72 54 51 43 48 62 45 57 44
14 11 15 13 18 18 15 17 22 21 19 22 23 16 15 20 15 12 15 47 51 48 21 42 24 13 29 31 21 18 35 38 37 36 32 39 23 31 29 21 30 34 29 20 25 27 39 34 12 24 33 23 11 24 15 11 11 15 19 12 8 15 10 9 10 15 14 12 14 16 17 16 16 14 16 18 17 16 10 9 9 11 11 13 10 9 11 10 9 10 9 7 8 8 8 7 7 8 7 9 7 10 9 9 10 10 8 11 10 8 8 9 10 12 11 11 13 13 11 14 14 14 15 10 10 11 10 8 16 18 20 9 32 149 183 166 148 57 87 68 93 193 206 177 188 166 201 63 19 25 45 92 14 21 21 16 22 46 60 150 130 171 182 154 150 160 183 185 158 165 170 107 23 68 16 10 37 177 116 161 160 170 164 182 167 164 182 176 149 123 139 160 180 162 146 179 145 165 196 192 185 174 160 163 200 220 202 166 164 172 157 163 158 129 146 148 138 146 135 147 149 123 132 139 158 178 148 150 148 126 138 133 122 130 136 128 132 139 141 137 140 138 173 151 146 136 145 135 152 146 144 141 153 141 147 136 147 127 133 134 131 123 124 122 118 120 122 120 119 120 120 121 118 119 110 104 101 105 90 78 83 82 91 77 77 80 75 73 81 85 76 89 74 84 75 74 84 71 75 70 61 67 74 61 32 48 46 37 46 42 31 32 32 25 38 39 47 45 39 37 52 28 23 14 18 16 16 29 27 23 28 43 37 38 37 35 53 49 40 26 20 38 46 39 52 34 46 45 38 39 49 47 35 36 49 40 31 29 37 37 27 52 76 64 69 39 64 52 71 45 58 63 46 41 44 39 43 31 28 37 48 41 38 54 73 38 64 48 36 65 73 52 57 33 68 89 81 49 45 58 54 66 56 51 61 34 26 31 21 26 41 60 98 78 60 61 72 38 29 44 49 76 64 61 71 75 68 78 71 54 54 63 47 73 78 68 86 89 61 41 47 52 74 78 87 89 76 65 70 62 56 78 95 102 80 83 63 68 78 48 50 71 53 59 70 87 73 86 72 58 53 46 48 55 46 38 59 45 59 54
21 18 20 17 25 24 19 14 21 15 16 19 18 15 16 20 21 13 17 38 26 29 29 54 18 20 29 15 16 14 29 32 33 32 36 32 27 28 36 25 24 29 30 16 24 28 40 37 18 24 29 16 21 22 14 10 10 15 14 12 8 12 20 17 11 11 11 16 17 14 12 14 14 13 13 10 12 13 9 10 14 13 12 14 15 12 10 7 10 10 7 8 6 8 8 8 5 6 7 8 7 10 9 8 8 9 10 11 10 10 10 8 7 10 10 11 10 13 19 15 14 12 12 11 11 11 14 10 18 17 16 14 8 69 170 161 200 113 18 40 86 133 196 172 171 165 142 85 20 44 28 18 19 19 19 9 9 25 130 194 147 170 181 177 183 184 182 151 175 150 97 69 73 16 17 39 60 12 94 174 154 179 153 162 158 162 152 124 152 193 168 130 119 145 173 142 163 178 182 149 158 150 134 165 191 155 152 163 172 179 176 192 204 213 215 166 158 155 148 157 130 146 132 133 148 176 188 164 177 159 153 129 145 135 176 126 151 147 147 146 138 131 143 149 138 124 140 127 133 125 125 132 124 119 123 141 145 138 168 142 129 130 128 126 117 133 134 131 128 124 134 131 133 129 129 121 121 117 119 115 118 113 111 113 111 109 117 114 115 117 109 109 103 111 110 99 98 88 64 81 88 74 91 86 79 67 54 74 58 60 60 57 71 54 61 47 48 51 76 36 52 36 41 45 25 23 26 35 43 41 54 55 43 47 59 35 38 33 25 44 28 41 31 32 35 41 27 19 35 38 49 53 28 23 38 30 19 37 47 39 28 25 45 47 60 50 53 36 44 71 63 57 33 50 49 40 34 40 46 46 63 38 24 32 44 46 41 40 52 43 18 21 45 23 35 45 66 58 42 34 50 73 63 52 50 29 19 21 15 13 27 59 68 78 69 67 68 73 65 61 70 73 40 58 81 62 56 70 73 77 82 67 62 85 50 59 77 76 72 77 73 68 81 91 60 56 66 41 43 45 56 59 82 73 61 67 74 60 79 71 77 59 66 71 61 61 59 58 51 46 84 80 50 66 78 68 42 64 53 55
11 21 24 17 25 33 32 21 19 20 23 20 17 17 18 18 16 27 16 12 19 26 30 53 18 29 22 26 33 22 31 26 20 22 27 26 24 25 33 22 18 25 23 17 19 19 36 37 34 31 41 16 18 9 10 15 18 19 16 11 9 9 16 13 13 16 19 15 15 16 13 13 17 14 13 13 17 12 8 13 14 13 12 14 10 10 12 12 11 10 5 8 6 7 8 8 7 8 8 8 10 8 6 7 10 11 11 11 8 10 10 8 10 9 9 11 10 11 19 16 19 9 9 11 10 11 7 12 17 13 12 15 8 50 179 213 163 87 50 58 52 74 165 167 175 198 38 34 15 12 17 21 16 26 7 8 12 9 139 84 123 168 199 196 170 179 182 216 201 169 146 85 24 11 10 8 40 114 159 72 177 179 190 173 175 182 147 134 168 162 142 166 173 152 118 133 172 161 119 129 136 126 151 163 162 129 164 199 181 161 200 158 153 177 174 190 204 179 171 169 162 166 159 167 166 151 168 173 152 173 133 141 172 142 148 135 162 133 130 164 168 157 152 144 131 136 173 165 132 129 151 150 145 138 135 130 128 131 140 129 133 124 129 140 131 133 130 130 132 137 132 122 120 119 128 120 120 118 114 116 115 110 114 108 117 118 119 119 121 121 123 122 121 118 117 127 127 127 112 113 105 100 93 88 77 74 82 91 87 101 93 106 76 102 87 98 74 88 80 63 57 43 45 71 41 38 44 36 32 40 48 42 37 39 45 43 33 33 24 58 51 59 28 28 27 35 41 38 49 32 34 36 8 12 22 20 12 19 42 47 39 36 33 42 36 45 39 51 32 56 61 50 40 34 30 39 18 34 45 49 41 55 41 47 28 26 40 46 36 50 54 59 69 39 38 36 65 50 50 50 37 65 70 49 53 37 29 37 37 31 39 35 29 38 47 44 39 57 54 59 65 70 78 54 60 61 57 65 52 49 62 66 53 63 57 51 52 62 52 44 39 47 70 82 66 42 55 56 60 75 70 68 55 64 71 70 73 60 61 48 59 56 63 57 57 65 60 82 65 46 69 68 37 47 55 65 57 80 73 89
17 23 13 21 14 27 20 22 24 17 23 15 19 19 19 19 20 27 22 18 18 29 26 57 19 32 31 60 36 31 25 34 18 21 21 21 26 17 20 16 14 16 14 15 14 29 33 24 27 36 42 15 11 11 17 18 17 16 13 7 9 7 12 16 20 15 14 13 15 14 15 13 17 18 11 11 11 8 12 13 7 6 9 11 13 13 10 10 10 9 8 8 8 6 6 7 7 9 8 9 9 6 8 9 10 8 10 10 8 10 10 11 7 11 10 9 12 11 10 12 14 10 11 12 9 9 15 16 18 10 11 13 18 82 145 147 109 19 29 35 70 105 80 114 151 153 107 7 8 13 27 13 16 13 8 10 11 9 44 6 161 182 177 141 142 137 204 196 174 194 90 75 14 6 10 7 12 11 70 201 195 186 171 143 164 201 206 218 186 176 187 152 160 143 146 136 152 143 117 168 194 160 142 153 160 161 155 154 125 150 194 201 149 139 162 172 152 137 141 163 180 183 185 176 156 143 155 146 141 138 162 191 193 150 143 183 157 146 154 162 152 145 158 146 152 135 137 131 149 138 137 131 148 124 122 123 129 141 135 136 160 149 128 130 152 143 129 138 140 139 139 145 127 139 136 125 123 122 129 128 125 120 118 118 118 118 126 130 122 118 122 124 123 129 127 127 124 126 123 124 124 117 116 115 117 112 110 100 92 91 69 74 85 78 88 88 101 83 88 99 108 106 100 91 93 92 74 86 80 67 72 67 64 60 54 47 43 39 32 31 26 36 36 28 20 35 33 38 32 44 43 49 41 32 30 40 24 22 30 30 32 33 22 16 22 28 29 38 36 27 39 27 26 38 32 40 37 32 43 36 38 52 42 39 18 11 20 35 35 49 45 43 36 46 48 40 38 32 62 54 54 53 69 42 34 32 48 40 29 35 51 35 50 58 60 71 58 52 42 48 43 41 50 57 57 64 56 45 75 81 53 43 53 60 54 52 65 64 48 67 59 60 57 58 53 79 81 72 69 47 67 68 65 75 56 56 43 41 64 48 55 50 77 98 88 63 60 54 55 56 62 98 97 75 71 76 49 57 63 78
18 21 14 15 20 15 18 21 22 20 21 20 23 20 15 15 23 23 16 13 28 28 25 45 24 26 43 43 28 24 17 25 18 24 26 19 21 19 18 18 16 17 16 21 15 20 31 27 37 35 28 11 13 14 19 18 19 29 12 10 7 7 10 18 15 13 13 14 14 15 15 12 13 15 14 11 11 11 10 10 7 9 8 10 13 11 12 11 9 10 6 6 10 10 8 5 6 8 8 8 8 6 8 5 10 9 7 9 9 11 10 9 9 10 11 9 12 11 10 13 14 8 9 11 14 16 16 16 15 11 9 13 12 33 20 104 49 23 31 23 52 103 55 83 57 6 46 37 23 13 8 22 17 11 13 10 7 11 8 16 142 137 150 147 166 178 163 157 162 43 10 6 7 9 5 8 5 42 119 123 133 155 195 199 190 150 136 137 142 160 191 184 189 164 140 184 147 120 176 177 123 121 158 151 220 160 159 156 165 224 195 164 171 192 192 196 182 148 171 205 174 169 147 146 165 173 184 153 147 158 131 116 138 143 136 182 155 133 161 181 155 163 165 138 136 177 181 165 131 142 159 171 173 135 147 165 175 135 143 132 140 144 151 139 140 155 145 147 149 152 154 129 133 143 133 123 135 128 127 128 120 121 119 127 129 123 129 127 130 123 133 130 125 124 127 126 125 127 130 123 119 120 118 121 119 117 117 115 112 111 110 113 112 108 107 107 107 101 83 74 94 75 87 84 97 83 92 87 100 99 114 102 113 108 96 96 87 87 74 80 65 70 83 71 80 69 88 67 65 58 46 42 47 36 40 59 47 36 40 37 46 39 37 27 22 17 19 14 30 24 26 27 23 27 34 30 25 29 49 41 24 31 41 30 27 21 26 21 23 25 23 23 25 26 31 35 34 32 29 30 29 37 45 47 31 39 44 35 17 28 49 48 59 52 40 47 39 50 49 38 53 52 51 58 51 60 57 62 66 59 66 52 57 60 68 49 50 54 43 47 56 55 69 47 45 75 58 50 53 53 61 55 48 56 49 38 46 44 57 58 61 60 62 79 74 39 44 46 37 43 54 73 67 37 71 99 55 29 36 47
16 17 18 18 15 12 18 15 17 18 24 19 28 32 32 18 24 25 15 19 31 20 30 21 23 48 44 23 26 36 21 29 18 19 18 15 28 21 19 22 13 21 20 18 28 21 29 30 31 27 21 23 20 17 19 17 12 19 21 17 21 20 16 13 15 13 11 11 12 13 13 11 13 16 14 10 11 12 12 11 10 12 10 11 11 9 12 10 7 10 7 7 9 9 8 6 7 7 9 9 9 8 10 7 11 10 7 9 10 8 10 13 12 12 13 9 8 10 12 15 14 12 13 11 22 15 9 13 13 8 11 12 16 26 18 33 24 18 36 40 42 57 26 35 147 96 17 22 34 24 9 13 17 13 10 11 8 12 7 8 41 163 183 196 174 170 168 170 162 176 60 19 5 12 7 12 10 4 65 114 132 127 112 124 132 115 110 134 177 162 151 140 149 150 156 155 145 152 156 161 123 129 167 155 130 126 150 193 177 141 128 154 159 188 177 174 194 184 170 144 163 158 163 181 156 141 150 147 141 143 157 147 149 148 136 162 130 131 167 164 167 155 168 178 192 137 136 150 152 156 155 149 153 137 142 136 136 139 145 155 120 122 133 138 129 118 121 131 147 152 128 147 135 130 140 122 123 133 133 124 122 120 126 122 122 124 129 132 133 128 127 125 120 122 127 120 120 121 123 121 118 121 121 117 116 122 117 120 117 114 115 112 112 107 110 110 106 106 105 96 101 109 94 79 78 59 95 96 79 71 75 83 81 82 86 88 82 95 94 85 85 104 99 89 100 102 103 101 109 101 89 96 90 88 89 91 73 82 54 64 59 55 61 61 57 51 60 47 40 36 48 52 37 39 34 27 51 22 30 44 33 35 38 32 32 32 31 29 24 31 25 26 26 28 39 35 31 27 30 33 38 43 31 31 37 31 29 36 40 41 46 40 52 39 47 54 46 46 57 51 44 53 57 52 57 56 59 54 55 54 54 49 50 53 64 51 64 54 50 57 53 34 52 51 41 35 50 50 50 59 51 45 49 50 29 37 46 52 80 61 46 55 44 35 39 25 30 19 13 18 27 41 41 31 46 59 61 43 45 69
18 14 12 11 13 13 13 18 20 21 26 23 18 22 17 13 14 12 14 22 18 22 16 27 35 43 38 31 32 24 26 28 20 21 14 14 26 16 20 17 14 18 16 15 30 26 27 19 22 23 20 19 20 16 21 22 17 21 21 20 16 15 16 14 12 13 12 13 15 13 14 14 16 19 12 10 12 10 13 10 11 10 11 12 11 10 11 10 9 10 9 6 12 10 8 8 9 7 9 11 8 11 9 10 9 6 7 6 7 6 10 10 9 10 12 8 14 16 15 14 13 12 15 13 15 13 11 10 13 10 9 10 11 9 25 63 19 17 22 28 120 40 21 63 194 105 21 10 48 18 14 19 13 9 9 15 23 8 6 43 82 163 161 153 164 152 151 198 168 46 14 5 3 8 9 9 23 57 92 42 91 162 163 171 164 156 131 141 130 119 139 165 136 117 113 108 124 134 131 127 169 154 124 99 128 173 174 156 125 106 139 190 157 121 98 107 151 189 159 142 158 174 175 127 139 163 150 136 125 123 131 154 143 154 150 148 158 167 181 167 127 145 156 140 139 147 176 172 142 158 142 145 157 140 149 179 152 134 144 161 140 148 140 114 138 136 138 132 141 141 161 134 115 147 146 118 125 134 135 133 128 127 122 134 125 121 131 135 128 122 122 124 126 120 121 118 118 114 118 110 108 109 120 109 121 116 116 114 112 115 113 112 114 112 114 113 106 111 108 113 106 105 104 104 100 87 108 100 105 106 107 106 99 86 106 95 98 85 83 83 79 76 85 74 75 83 89 87 93 101 98 88 102 102 99 65 86 104 96 91 102 104 102 93 100 92 86 95 75 71 78 71 65 62 54 58 55 58 52 46 44 40 37 38 34 36 36 34 32 29 38 42 43 46 32 49 33 38 36 32 38 35 30 28 30 36 36 40 34 48 51 40 40 33 43 47 39 39 36 31 41 32 44 41 35 46 37 46 53 55 61 56 68 68 76 64 81 75 84 81 88 64 79 72 57 53 53 45 45 41 56 44 50 47 56 60 54 45 47 57 56 57 51 76 62 57 48 31 28 29 35 29 39 28 39 76 52 34 29 56
17 15 13 26 25 15 13 21 26 12 17 18 14 19 15 14 19 17 12 27 30 20 21 30 30 30 28 27 31 26 33 34 24 15 16 15 15 12 16 19 20 22 21 16 22 25 23 27 25 16 25 25 15 12 14 22 19 21 17 17 15 13 10 10 13 19 14 17 17 17 13 14 17 18 12 10 9 16 11 13 11 10 13 11 13 11 11 10 10 12 11 7 6 8 6 7 8 10 11 11 9 7 11 10 7 9 8 8 9 7 9 8 8 10 12 14 15 14 12 15 14 12 14 11 7 16 9 11 8 10 8 10 11 44 80 18 15 13 18 29 21 80 39 79 152 157 46 59 9 10 8 16 11 9 12 13 18 14 6 43 45 91 188 163 159 128 170 179 77 14 7 6 7 7 5 6 7 16 6 9 8 36 123 140 187 155 161 174 153 129 178 183 167 158 170 156 125 100 114 104 112 120 106 152 145 86 100 126 147 159 131 94 88 116 154 215 200 128 111 157 192 192 175 165 165 187 170 159 150 142 159 147 119 126 137 126 138 140 159 124 170 171 158 158 162 132 133 119 116 142 169 156 163 134 138 128 142 145 151 125 120 137 137 145 151 123 135 151 156 137 124 127 146 152 115 123 142 146 122 135 145 126 126 130 116 127 133 127 131 142 130 131 124 135 138 137 131 132 126 126 122 123 124 118 114 118 121 117 117 117 112 110 113 111 111 111 111 114 109 108 109 108 108 111 106 102 105 104 104 102 104 106 106 102 103 97 94 99 99 90 90 71 61 90 62 54 72 58 72 48 46 63 73 66 73 93 83 77 99 100 96 85 97 102 107 104 109 96 94 103 107 111 104 100 95 89 70 73 79 79 78 63 84 73 65 58 66 70 74 74 58 49 47 41 54 51 49 49 48 51 59 54 53 43 58 53 55 31 36 36 54 34 38 43 39 46 49 38 49 53 42 55 38 47 43 37 24 36 38 27 31 35 49 38 48 46 42 42 56 56 65 68 58 75 55 48 71 70 69 61 46 37 60 43 41 42 35 59 45 54 58 61 50 56 53 44 75 76 71 66 50 40 32 40 38 44 45 62 61 47
11 14 24 30 26 24 20 16 24 17 20 33 24 18 15 12 12 16 15 27 18 15 24 21 29 22 22 29 25 22 19 24 27 15 15 13 17 14 15 16 20 18 22 20 21 21 20 24 22 22 27 30 21 20 19 21 22 19 12 13 17 15 15 11 10 14 9 18 17 14 13 11 11 14 15 11 12 17 13 14 11 11 11 11 14 12 11 8 6 8 10 7 9 6 11 6 5 6 8 9 6 9 9 7 7 10 7 10 9 9 10 10 11 10 12 7 9 9 11 9 12 9 10 8 8 15 14 12 9 7 9 12 11 21 26 14 12 13 10 10 23 134 112 55 12 38 50 25 15 12 8 14 13 15 9 11 11 18 72 59 16 37 146 158 143 96 176 212 71 18 8 12 9 8 6 7 10 24 11 13 19 15 9 116 141 136 127 140 165 177 160 128 109 101 125 131 140 140 159 159 153 132 101 127 129 151 195 163 142 116 138 170 168 151 164 133 132 151 192 198 192 133 107 134 161 144 109 133 165 134 133 137 166 166 167 149 161 158 140 152 175 145 137 138 152 154 148 159 144 157 153 126 125 136 159 153 133 122 127 141 147 140 135 123 125 139 139 128 122 142 144 137 123 119 121 142 133 103 127 132 123 118 122 133 114 116 118 122 139 128 125 141 126 124 127 130 130 137 127 122 126 126 131 129 126 123 121 122 122 122 119 122 120 118 119 120 113 115 114 120 115 113 110 111 108 109 103 105 107 104 103 105 107 108 106 104 105 104 102 106 105 101 107 103 99 99 101 102 98 95 99 95 95 84 87 71 55 54 62 53 60 67 76 70 70 64 73 55 72 67 69 67 58 72 70 71 81 75 94 83 77 85 84 75 94 99 102 91 86 100 89 91 91 94 96 82 87 69 81 80 79 71 67 62 58 71 65 69 74 57 58 77 58 62 75 65 57 68 60 76 63 71 56 64 57 68 67 52 43 55 31 24 35 31 29 35 26 37 32 45 70 57 59 50 35 42 63 61 45 41 38 53 50 36 44 40 48 52 59 46 55 51 63 53 60 62 40 40 60 52 46 51 60 43 57 72 51 54 61 61
17 12 17 8 11 5 11 23 17 17 17 23 23 15 10 15 21 15 18 30 20 20 19 31 24 20 23 27 27 32 24 20 21 18 18 15 12 17 15 16 13 13 15 22 21 18 23 22 23 15 20 29 24 23 24 24 20 16 10 11 13 12 9 12 11 10 10 11 13 13 11 13 9 10 10 10 12 11 10 12 13 12 10 10 9 8 11 12 7 7 9 7 7 7 7 6 8 7 8 10 8 9 8 8 8 7 5 7 10 11 11 12 10 6 8 8 14 10 11 8 12 6 7 10 8 9 12 12 11 11 10 9 7 6 15 8 9 9 9 10 12 151 117 62 21 8 6 9 9 9 10 12 15 12 8 13 11 6 23 15 12 8 176 180 128 26 87 137 75 18 13 7 8 6 7 6 8 12 11 9 11 10 12 22 166 204 188 149 130 122 138 134 134 164 163 153 147 143 181 190 179 133 169 186 159 158 120 104 119 125 120 172 159 146 176 166 149 172 169 155 148 107 176 196 153 129 133 161 148 152 169 148 144 160 149 136 128 150 156 141 128 125 145 128 149 169 159 131 154 155 142 144 147 138 151 131 131 134 166 153 119 106 123 134 161 144 133 132 137 130 121 127 139 150 135 108 104 131 129 117 115 125 124 121 125 115 124 121 118 135 125 141 129 129 138 134 123 132 131 129 126 131 127 123 125 122 124 121 123 122 121 119 120 120 122 121 121 126 116 120 119 117 121 117 117 115 113 110 115 111 115 109 114 110 113 113 112 108 112 107 107 104 106 111 109 108 105 103 102 105 100 100 98 100 100 99 97 98 97 99 99 94 95 83 101 93 92 91 97 98 100 100 98 100 99 99 84 82 81 79 74 64 72 71 64 68 66 57 72 74 76 83 80 85 76 88 91 94 84 100 97 93 81 97 95 97 106 98 94 88 101 101 95 99 100 95 94 98 103 98 95 85 84 90 82 86 92 85 75 71 83 61 64 77 72 77 77 81 66 60 71 64 72 67 61 50 58 62 70 60 51 61 58 61 65 64 65 70 90 86 70 65 66 79 71 66 80 76 64 48 58 40 42 44 62 38 57 50 57 69
13 16 13 18 12 11 18 21 15 16 22 20 14 13 18 19 19 12 21 22 17 19 19 13 20 17 20 18 26 23 22 21 25 24 19 19 12 12 22 26 16 13 18 21 15 18 19 19 14 16 16 28 28 22 23 24 21 20 14 12 10 10 11 10 14 11 9 11 13 10 12 10 12 14 8 5 11 12 12 10 11 10 13 10 14 10 11 13 8 9 10 9 10 7 6 7 9 7 6 7 5 7 10 5 7 5 8 9 8 9 7 8 8 9 9 11 12 11 11 7 6 7 10 7 8 11 14 13 9 11 7 7 7 9 16 8 10 7 8 4 6 100 69 42 20 14 60 39 8 5 8 10 11 6 13 14 11 45 30 13 10 9 30 61 68 8 56 221 41 6 8 7 8 6 9 8 12 8 9 7 11 12 13 7 17 120 139 188 176 173 207 153 166 158 162 169 166 168 153 166 159 162 145 139 126 119 157 164 167 166 132 153 154 156 177 158 160 136 149 179 173 166 152 123 118 156 159 181 157 149 115 142 145 145 147 149 141 156 137 119 127 126 105 130 126 119 154 181 175 188 126 139 138 122 131 124 125 126 133 132 131 125 125 119 96 114 134 141 126 110 130 127 146 140 120 119 129 127 107 111 126 143 123 118 114 128 127 110 100 131 127 105 111 110 134 133 117 126 123 123 136 123 123 122 123 127 122 125 127 120 123 121 121 118 120 125 124 121 119 124 115 119 117 116 117 117 116 113 114 114 112 114 110 114 112 112 114 109 111 111 110 108 111 109 108 107 106 104 106 103 101 101 99 103 102 98 99 94 101 103 102 96 98 98 95 94 93 90 90 91 96 97 101 97 104 99 98 96 102 99 94 96 97 96 91 89 95 99 99 86 87 91 89 86 91 91 78 76 74 84 82 84 76 72 77 75 77 70 80 75 92 89 99 103 83 104 92 111 106 113 104 105 111 124 112 115 114 116 111 93 97 96 110 102 111 109 110 86 105 106 105 106 96 104 102 93 82 88 97 91 105 91 92 98 79 82 98 87 94 70 47 69 87 87 77 71 74 92 80 79 83 84 65 80 78 88 86 70 69 87
17 19 20 17 8 10 14 12 21 16 19 16 10 12 11 13 12 14 15 15 15 15 17 16 31 21 23 23 19 16 23 25 15 21 23 22 22 17 20 23 14 12 19 22 15 16 18 17 19 25 16 23 31 23 22 16 16 15 13 10 10 12 10 7 9 10 13 11 10 10 9 9 11 16 14 9 9 9 11 12 16 13 12 12 10 11 10 10 10 9 8 9 7 8 10 8 10 11 7 7 8 4 9 7 10 6 8 7 8 10 9 9 8 7 9 8 9 7 11 10 10 12 11 7 8 10 10 15 16 10 8 7 7 9 9 10 9 9 4 7 7 8 27 34 32 40 8 6 9 5 7 9 10 12 9 11 9 8 12 10 9 15 18 13 14 10 26 133 45 8 6 7 7 5 5 6 9 11 10 7 6 8 7 10 17 160 206 201 159 169 168 174 197 180 180 188 170 131 140 159 175 176 184 169 178 163 138 120 125 149 134 168 154 154 179 172 161 191 176 179 148 166 181 189 192 188 141 146 131 135 147 134 143 159 156 148 145 140 136 133 157 179 162 149 124 118 125 164 128 124 156 126 124 137 190 133 117 140 148 137 122 141 146 139 123 133 127 140 148 142 158 137 118 121 146 134 139 136 122 130 129 126 131 125 115 118 118 121 131 125 117 117 116 111 114 129 127 110 115 125 123 106 122 135 134 123 132 136 122 124 121 122 119 119 122 122 120 120 119 123 121 116 113 116 120 116 118 116 117 114 113 111 117 112 112 114 113 109 110 111 110 111 108 109 109 111 107 103 107 106 106 104 103 103 104 103 100 103 103 105 107 106 105 103 101 101 101 101 96 96 98 103 102 104 102 102 100 98 101 96 101 97 99 97 94 95 94 91 97 98 97 91 96 87 92 91 93 94 94 91 96 93 95 99 96 93 85 84 87 86 88 79 86 80 81 90 80 89 82 70 78 79 83 81 98 93 101 99 87 111 107 117 104 110 106 116 97 106 102 112 114 116 104 116 118 115 120 121 117 121 114 112 114 114 114 112 121 109 107 101 116 108 115 118 113 109 112 109 103 99 86 81 90 102 96 102 93 88 93 89
13 8 11 9 7 9 13 15 19 11 9 11 12 10 9 15 13 14 21 20 17 19 17 20 31 25 19 17 22 29 28 23 16 18 24 22 20 24 19 14 12 18 23 15 24 30 24 23 23 17 19 21 20 20 19 17 16 13 14 10 16 13 10 7 11 11 10 12 16 11 10 12 12 12 11 14 10 10 15 11 8 7 9 10 8 10 9 8 8 8 9 12 7 9 12 13 19 8 7 6 7 7 8 8 6 6 10 9 8 7 7 10 9 7 7 7 6 8 12 13 9 7 6 7 10 11 10 14 11 5 11 9 6 8 13 11 7 8 5 6 8 22 10 45 58 43 14 6 7 8 9 9 10 9 12 7 9 10 11 7 9 11 12 13 15 9 14 88 24 8 5 5 5 5 7 10 8 7 6 6 7 7 8 10 44 84 166 148 158 204 189 152 165 180 176 186 179 185 195 194 150 175 170 144 161 128 132 182 179 201 171 159 154 143 162 152 146 182 194 181 178 211 172 124 121 163 165 152 147 164 174 184 166 134 137 128 119 142 177 150 159 119 116 107 176 150 141 130 142 152 147 136 125 133 161 147 134 138 140 142 129 125 143 163 144 151 153 144 146 141 148 121 121 136 133 122 125 116 107 120 126 120 115 129 135 124 126 122 101 100 115 131 132 120 117 127 126 118 124 116 114 119 140 135 117 119 130 116 116 122 130 115 113 125 125 117 121 116 118 118 112 112 124 121 110 114 117 111 112 113 115 113 113 112 113 114 109 115 111 111 113 113 110 108 107 108 108 106 105 103 105 105 105 103 107 98 98 102 102 106 106 105 104 103 103 103 101 101 101 104 102 104 105 105 104 105 103 103 103 101 102 98 97 98 98 99 99 95 96 96 97 96 96 97 96 91 96 95 96 96 97 96 92 100 98 93 96 89 91 93 96 100 100 99 99 98 97 94 93 97 97 90 88 88 83 81 82 85 88 85 80 85 82 72 72 67 74 75 75 67 73 77 77 73 74 82 77 78 87 91 86 99 89 91 81 83 89 91 97 94 97 84 95 91 96 90 96 111 85 104 104 109 99 96 122 118 115 113 119 116
13 8 11 11 11 11 12 15 13 13 17 17 12 9 10 8 8 14 19 19 21 21 17 23 24 22 18 18 17 16 17 12 13 14 14 20 21 24 19 18 14 22 30 23 23 22 16 18 15 15 18 21 23 18 14 15 13 14 11 13 15 12 14 13 17 23 21 16 14 9 13 14 11 10 11 9 12 11 11 7 6 7 11 12 8 10 9 10 9 9 10 13 10 13 13 7 11 12 7 5 8 5 9 8 9 7 9 8 11 11 11 8 8 6 8 10 12 13 12 8 10 6 4 5 10 12 17 13 15 11 6 10 10 19 16 12 12 10 8 6 10 13 5 19 6 9 7 8 6 6 8 12 7 10 9 9 6 9 11 10 7 6 9 11 17 14 9 90 24 4 8 5 6 6 7 10 8 5 5 8 8 7 7 7 3 96 181 168 163 163 145 169 200 183 166 162 138 139 164 170 179 162 132 138 142 139 121 132 120 156 161 116 157 193 189 161 160 148 156 147 144 142 151 171 193 187 178 155 164 155 169 160 151 168 191 190 177 167 155 109 122 133 157 160 159 144 135 133 148 157 138 127 131 148 175 127 130 142 160 133 128 128 140 169 155 126 165 172 139 145 157 148 151 153 122 118 129 150 142 132 122 126 141 134 118 144 124 116 113 124 127 115 119 125 123 115 114 111 130 129 117 113 113 114 120 121 113 110 122 124 121 114 128 129 113 111 120 128 115 114 118 121 123 117 117 117 115 111 118 113 113 112 112 114 109 111 115 112 107 108 112 110 110 108 111 108 108 106 105 106 108 105 106 106 106 106 105 101 106 104 107 105 101 102 103 103 104 104 104 104 104 108 105 106 103 100 105 107 105 105 104 102 107 104 100 101 101 99 100 98 98 97 99 101 98 98 95 95 96 98 100 98 96 94 98 98 97 92 95 95 100 97 97 98 100 101 100 97 98 97 96 94 98 97 96 89 95 96 93 93 90 87 82 85 88 89 90 89 90 88 91 92 90 95 90 98 98 93 94 100 88 82 85 94 91 98 95 92 96 96 93 93 87 90 86 90 82 79 78 82 88 87 94 83 76 65 79 77 98 103
9 9 8 13 13 13 10 11 16 14 18 11 10 15 15 22 23 15 19 16 19 17 17 24 24 20 19 20 25 20 13 15 18 20 21 17 14 16 17 19 16 17 24 25 18 15 24 27 20 17 14 15 17 14 14 14 17 15 13 14 13 11 12 9 11 8 12 16 15 11 17 12 14 14 15 12 11 11 6 7 7 7 10 9 9 8 6 8 10 8 7 8 7 9 12 9 9 11 8 10 8 8 7 9 7 6 10 11 11 12 13 10 8 8 10 10 8 10 14 8 6 6 5 5 9 14 12 11 9 16 13 14 8 12 13 14 13 9 9 8 10 11 7 9 4 10 8 8 4 7 7 8 8 8 7 8 8 9 9 8 4 4 12 9 9 11 9 15 11 6 7 9 5 5 7 10 7 5 5 7 9 9 9 4 1 157 214 184 181 210 178 171 157 150 172 142 127 124 135 155 165 145 168 170 146 153 183 176 143 167 157 145 164 152 187 162 142 152 188 194 195 171 164 137 133 110 120 159 179 186 177 172 170 166 181 158 154 140 153 140 165 176 162 154 118 106 118 151 170 156 137 129 123 149 149 129 129 132 124 133 132 152 174 135 125 136 160 175 142 126 152 158 141 154 156 144 143 121 134 126 134 140 124 120 124 125 134 123 118 124 122 119 128 119 115 136 146 125 117 113 119 125 126 118 126 113 115 129 121 122 113 114 127 128 120 120 115 113 118 120 115 120 122 120 120 118 114 111 115 114 114 111 111 110 114 114 110 110 115 110 112 108 110 111 113 108 109 108 106 106 108 106 104 104 103 105 105 101 105 104 108 107 104 107 104 104 105 105 104 103 106 103 107 107 105 105 103 104 104 102 103 104 106 107 102 104 104 101 104 104 103 100 98 99 98 99 99 99 100 100 101 100 101 103 104 101 102 97 99 100 100 100 103 103 102 101 99 97 99 100 98 97 98 96 94 93 93 95 94 92 94 95 89 86 91 85 83 88 86 89 93 93 97 97 98 100 101 97 95 94 94 96 93 94 94 89 86 88 91 78 88 92 89 93 95 94 96 96 87 93 96 92 85 80 92 82 85 79 88 87
9 15 14 9 10 12 16 14 17 11 16 20 19 26 38 24 22 15 19 20 18 11 12 21 20 18 27 23 33 27 21 16 16 17 20 21 22 14 12 15 18 17 23 17 20 19 25 19 19 16 19 19 12 8 14 14 13 16 15 11 11 12 11 10 11 9 11 11 17 17 14 8 11 10 9 7 7 9 10 9 7 6 10 9 7 7 9 7 8 8 10 13 10 10 12 10 7 12 6 9 8 7 8 9 8 9 10 7 9 8 11 9 7 13 10 9 10 10 10 7 6 6 8 10 9 9 9 8 8 16 12 11 17 12 15 18 15 12 12 10 10 9 7 7 8 6 6 6 4 5 10 10 9 8 7 9 8 7 8 7 4 5 8 8 9 11 8 9 11 9 4 14 6 5 8 8 6 7 7 6 7 7 5 5 14 151 186 178 154 133 115 142 179 170 181 180 163 143 131 131 133 154 174 159 150 146 155 156 126 172 202 177 146 140 149 122 137 172 184 192 172 159 128 135 156 194 206 185 178 168 145 133 131 160 158 163 161 174 166 160 165 140 148 142 144 162 173 160 137 143 149 177 180 154 149 152 150 119 126 135 130 147 135 125 152 159 135 117 140 142 143 134 122 123 145 140 126 122 132 145 135 133 129 141 121 122 130 133 127 115 124 122 130 131 124 117 119 119 121 123 124 120 115 120 116 123 123 115 119 113 114 126 122 118 118 121 118 118 113 119 119 121 120 114 111 112 110 110 113 115 115 114 111 113 110 110 112 110 110 112 114 114 114 113 112 108 112 110 108 108 106 109 108 102 103 107 110 104 105 108 109 106 107 111 105 105 108 106 103 106 106 108 107 107 106 106 107 106 106 107 107 105 106 105 104 100 101 103 104 102 101 102 101 101 105 103 106 99 100 105 102 102 104 106 104 104 102 102 100 98 102 105 103 105 103 103 103 101 101 104 101 101 98 102 100 99 98 98 101 101 98 95 93 93 90 92 89 92 96 96 95 99 102 100 99 98 103 101 101 98 100 97 95 98 99 94 87 92 95 97 97 92 99 93 93 93 95 90 92 88 93 88 89 86 90 96 93 91 91 91
10 13 13 12 13 14 16 11 14 22 21 18 19 28 20 11 11 17 22 20 20 29 21 19 18 17 16 14 19 27 14 12 18 10 28 29 24 20 19 23 18 23 27 12 15 15 12 17 13 10 12 13 13 10 11 9 9 12 17 11 10 11 11 10 10 15 17 19 18 10 11 10 11 9 8 6 8 9 9 8 5 8 14 7 8 9 10 9 5 9 11 11 10 11 9 10 6 13 8 8 8 9 8 10 12 11 8 8 7 4 10 10 7 8 9 11 10 11 9 4 4 7 10 10 12 9 11 9 6 8 10 9 11 15 14 15 18 17 11 9 9 12 11 10 11 6 5 5 4 9 10 10 7 7 9 9 7 9 9 4 7 6 14 9 6 10 9 9 10 11 7 7 5 5 8 9 4 6 6 4 7 12 11 8 25 32 56 93 137 161 158 164 138 150 196 185 141 120 107 152 145 143 174 182 154 112 174 165 130 149 181 162 157 127 115 138 146 133 152 172 159 140 154 182 174 202 205 166 130 114 141 161 194 178 181 163 156 126 142 143 152 166 176 169 176 177 176 139 149 138 147 137 131 161 139 147 149 158 170 138 156 157 159 130 135 141 132 131 135 131 124 134 149 146 134 110 125 132 130 133 131 139 119 113 109 121 141 138 115 116 130 133 120 112 109 114 115 115 116 106 114 122 119 114 113 134 124 119 117 127 128 123 109 117 118 114 120 119 118 114 117 117 116 114 109 114 117 110 114 114 116 116 117 115 113 115 108 111 112 110 112 109 105 103 107 110 107 104 107 106 107 107 105 106 107 105 106 105 105 106 105 109 107 110 106 106 106 105 104 103 106 105 104 107 107 106 106 103 107 108 109 107 106 105 106 106 105 107 104 103 102 102 102 103 102 101 103 103 100 103 102 102 103 105 104 107 104 100 99 103 104 104 103 104 104 104 105 105 100 104 103 105 103 103 101 102 102 101 102 99 101 99 99 100 97 98 97 95 96 98 102 99 102 99 99 98 102 100 102 101 100 101 97 98 99 94 92 97 97 100 98 100 97 101 96 96 94 96 97 96 100 95 90 90 96 94 92 94 92 94
11 12 10 9 9 10 12 14 17 22 20 15 11 14 12 11 15 18 19 15 18 17 10 18 24 18 18 13 10 16 19 17 15 20 35 29 25 23 21 26 21 23 25 22 17 19 12 13 17 15 15 11 8 15 11 19 15 9 13 13 10 11 11 10 10 14 19 13 10 8 15 17 17 13 13 12 10 13 14 10 5 8 13 9 11 8 7 11 6 7 8 11 8 11 9 7 5 11 8 10 12 8 12 9 10 9 5 5 6 7 11 9 5 5 5 7 7 9 11 10 7 8 8 6 8 9 8 8 8 6 15 11 11 14 12 17 14 20 13 8 13 11 10 9 9 6 7 7 8 9 12 19 9 10 12 10 6 4 5 6 7 6 7 8 8 11 11 9 13 11 10 9 7 6 9 9 8 9 8 7 11 9 8 10 8 6 16 20 152 164 142 151 175 193 175 115 121 127 107 142 148 148 172 175 126 152 195 200 146 135 151 164 162 139 153 179 192 160 128 118 118 132 149 182 193 204 147 106 114 138 192 193 200 170 145 133 137 165 207 167 153 148 139 120 120 143 153 160 156 155 148 141 161 143 131 140 176 167 117 128 153 138 131 131 119 127 132 135 153 146 148 136 141 143 146 137 139 133 121 123 127 118 126 132 134 143 132 129 117 117 116 122 119 123 128 123 118 115 121 115 114 117 109 96 120 113 98 103 135 125 114 106 113 140 130 113 114 121 117 118 115 121 115 117 118 111 117 114 108 112 118 115 108 109 112 113 115 112 110 110 112 109 107 107 112 115 108 107 112 111 102 106 99 104 106 106 104 104 107 109 105 105 108 108 108 101 106 107 105 106 107 109 110 107 105 107 106 106 104 107 110 109 107 107 106 108 107 108 106 106 107 107 106 105 103 102 104 102 104 103 100 103 104 101 99 104 104 103 105 105 103 105 104 104 105 103 103 100 104 103 104 106 104 102 101 102 103 103 102 101 104 103 98 101 99 100 98 98 98 102 102 103 103 106 103 101 105 101 103 102 100 100 100 98 101 102 100 100 103 103 101 100 100 101 100 102 100 104 102 103 101 94 91 92 98 94 91 91 91 97
11 13 10 8 10 14 9 11 19 23 12 9 9 9 12 18 16 18 21 13 20 19 18 19 17 14 13 13 14 11 19 16 22 28 22 24 31 28 19 17 13 20 17 20 16 13 13 12 14 9 11 12 11 14 13 20 10 11 13 12 9 10 11 10 10 11 12 12 12 9 12 14 12 9 15 16 13 13 14 14 11 9 7 10 11 12 10 10 7 7 8 9 9 7 8 7 5 13 8 8 9 7 10 11 9 9 10 6 7 7 6 8 9 12 6 6 11 9 10 10 10 11 10 8 9 10 12 7 6 6 16 12 10 10 11 17 19 15 12 14 12 8 12 5 8 8 9 7 16 11 14 19 9 7 10 7 8 5 6 6 7 8 7 5 5 9 12 10 9 7 8 7 10 9 10 10 9 7 5 6 6 11 11 10 4 6 16 17 53 178 178 157 144 127 149 153 144 143 88 90 85 122 140 147 141 168 168 112 102 131 158 147 176 150 130 139 171 160 125 134 160 183 192 137 119 124 126 152 177 219 216 198 168 153 160 152 146 148 162 137 137 122 135 174 176 164 147 152 134 142 136 139 125 132 134 151 146 138 153 159 142 135 141 132 137 135 124 114 133 151 141 127 123 124 127 128 123 127 130 126 137 143 143 123 104 100 123 137 125 125 128 120 117 111 108 127 135 114 109 114 117 128 128 115 117 115 114 119 123 121 116 109 117 128 119 107 106 121 121 121 117 113 108 106 121 117 110 110 110 109 114 109 110 113 115 110 110 113 113 110 111 108 107 108 113 108 101 104 101 106 104 105 108 106 104 106 104 102 106 97 106 103 98 101 106 105 102 108 108 100 109 106 107 107 106 107 103 105 108 107 105 106 104 107 104 105 108 105 106 106 105 103 107 103 104 102 103 101 101 106 102 102 102 102 103 104 103 104 102 101 103 103 101 102 106 105 106 105 107 107 107 106 105 102 104 103 103 104 106 106 104 101 102 103 99 97 97 101 101 102 102 102 105 105 105 103 105 102 103 103 106 102 101 100 102 100 102 103 101 103 101 101 102 100 104 107 105 104 103 107 104 98 94 94 95 93 95 91 95 102
11 12 13 7 8 11 12 13 11 14 11 7 14 17 21 17 23 20 21 20 17 19 24 15 13 11 13 13 15 14 20 19 23 27 19 20 23 25 20 17 12 12 19 18 17 11 11 13 13 11 12 11 14 14 16 17 8 12 9 11 11 12 12 11 9 11 12 12 11 9 10 10 12 13 18 12 11 9 13 10 9 9 11 9 12 9 10 10 6 5 8 9 7 10 9 7 8 9 12 7 8 8 8 11 6 7 8 6 6 6 7 8 9 11 10 8 12 11 11 12 7 7 8 10 10 12 10 11 11 11 14 19 10 9 12 15 18 14 12 11 17 10 10 7 5 10 12 8 9 15 22 17 17 9 10 8 5 6 4 5 5 5 7 9 4 8 12 6 7 8 7 8 5 7 7 9 9 8 7 5 8 10 10 7 6 16 8 95 14 127 153 175 200 179 164 159 138 137 89 151 162 178 154 118 175 153 169 139 131 156 154 139 125 136 170 179 140 121 147 170 185 155 116 108 149 202 214 188 170 180 153 145 125 133 138 140 126 143 146 150 164 152 193 147 121 131 122 119 123 156 136 146 163 132 126 129 126 132 139 145 157 133 147 137 131 122 129 146 134 119 116 119 126 124 138 138 114 115 123 126 121 109 122 129 125 129 137 119 120 129 136 116 104 117 117 96 95 102 124 128 116 104 110 114 126 118 113 113 113 114 116 118 120 117 117 110 119 114 109 105 108 108 113 115 123 112 103 108 115 115 122 108 108 110 111 110 110 111 114 114 110 108 109 105 108 100 98 104 107 102 107 106 108 105 104 102 100 104 102 95 102 105 104 105 105 103 100 103 104 101 99 105 109 102 104 111 104 101 106 104 105 106 106 104 102 108 106 105 105 102 106 105 106 103 102 103 101 101 103 103 103 104 104 104 102 102 103 100 101 104 101 103 101 100 105 104 106 104 105 104 104 105 103 102 105 105 106 102 106 105 108 105 102 101 101 100 97 104 102 104 100 102 104 104 104 102 104 103 103 103 102 103 105 104 100 104 101 103 102 101 103 100 105 100 103 104 105 107 102 102 105 105 100 99 93 96 92 95 95 106
11 8 14 10 9 11 9 8 12 14 12 14 14 12 14 10 11 16 18 18 16 18 22 13 12 17 21 12 14 9 13 26 16 16 18 18 21 18 12 12 13 14 15 21 15 10 12 15 20 12 11 9 11 11 14 10 12 14 10 10 10 11 11 11 17 15 12 8 12 11 11 9 14 14 13 11 10 10 10 9 9 12 14 12 11 10 11 11 9 5 9 9 7 10 9 6 6 6 12 7 6 7 7 9 6 9 9 7 4 7 8 8 7 6 9 13 11 10 12 8 7 15 9 7 9 8 9 11 11 10 10 27 10 8 4 13 19 10 12 13 16 10 11 7 7 6 7 6 11 19 16 11 14 8 5 6 6 5 5 7 4 5 6 7 4 7 8 7 7 9 8 9 7 9 10 9 10 7 7 12 8 9 9 9 9 5 13 48 17 112 187 172 140 162 139 168 167 136 74 121 129 125 169 187 154 130 147 134 148 183 175 161 151 136 147 121 144 124 127 105 123 133 130 148 179 192 170 148 117 108 131 179 148 150 165 179 165 139 132 148 130 159 159 152 153 158 182 156 154 146 143 154 123 115 137 166 146 138 121 122 119 127 141 151 142 130 129 136 145 147 141 126 116 123 138 123 113 122 111 119 116 118 112 119 120 120 120 122 133 136 138 125 118 114 112 115 120 134 117 99 106 99 114 128 112 100 114 120 124 129 106 119 127 117 109 107 111 112 114 117 113 114 116 117 111 106 105 111 111 112 107 109 119 110 116 110 106 110 110 106 102 107 108 107 107 104 106 101 99 103 101 102 107 106 108 109 112 106 101 99 104 105 106 107 102 99 103 107 104 102 103 103 105 102 103 103 101 101 108 98 99 106 105 104 105 106 104 104 105 104 105 103 102 103 104 103 104 100 100 102 101 101 102 106 105 102 103 105 99 102 103 105 102 105 105 106 104 104 105 102 106 106 104 103 104 105 105 107 105 102 105 104 101 99 101 102 98 103 103 104 106 105 106 103 102 103 102 102 102 101 103 105 104 107 105 102 104 104 99 101 101 99 103 101 105 107 107 104 103 106 104 104 103 98 95 98 98 100 94 103
15 11 9 9 8 10 7 7 11 10 10 12 11 8 11 11 15 18 19 19 15 15 19 19 19 14 16 10 13 11 21 31 21 15 15 12 14 13 12 11 9 11 12 15 13 11 12 9 15 16 9 13 14 10 14 12 13 12 11 11 11 13 14 12 14 17 15 10 11 10 10 10 16 13 16 13 11 12 10 10 10 9 11 11 11 11 10 11 11 8 10 9 5 8 4 8 6 5 12 7 7 7 9 8 5 11 9 5 6 7 7 6 8 6 8 7 7 9 5 9 12 13 14 12 9 9 9 8 8 10 8 21 15 10 11 11 9 6 14 14 11 20 13 9 9 5 5 5 11 19 13 6 9 7 8 9 4 7 8 5 4 6 7 7 5 10 11 8 7 7 7 8 6 6 8 5 7 15 15 12 10 8 8 7 6 7 7 14 18 55 193 198 208 189 169 170 160 152 94 132 192 165 157 164 158 176 192 169 137 126 115 127 134 159 155 137 130 102 103 114 116 132 139 149 139 153 116 95 108 180 214 217 205 177 161 143 143 154 167 179 163 175 168 128 139 145 141 150 146 145 152 134 139 159 153 140 107 117 134 141 146 139 105 116 106 109 156 176 160 141 123 119 131 138 150 149 130 115 134 151 138 122 121 126 117 123 128 133 134 137 135 116 104 108 113 119 117 122 118 117 117 118 102 104 104 117 124 111 95 111 123 127 109 97 100 113 119 111 111 112 110 113 108 106 109 102 111 110 110 106 100 99 96 109 115 104 104 105 108 104 103 96 102 99 99 103 104 105 104 103 98 108 104 106 105 99 100 103 104 104 100 94 93 96 100 104 101 103 105 104 104 101 105 104 106 106 105 102 103 107 104 104 104 107 99 98 101 108 109 100 108 103 102 103 103 101 101 105 98 99 102 99 100 105 98 103 105 106 103 97 101 101 102 106 105 106 106 101 105 106 105 104 102 99 102 103 104 108 105 103 103 105 101 100 101 101 99 102 103 101 100 101 108 107 102 99 103 103 102 102 104 103 101 101 100 100 100 100 97 100 105 104 104 100 105 102 105 105 104 104 102 102 96 101 95 96 100 95 99 107
12 7 9 6 10 10 5 7 12 11 14 10 11 10 14 15 9 16 22 19 16 18 19 16 15 10 16 14 11 16 21 29 21 17 12 14 16 12 14 17 15 10 15 16 14 9 11 11 12 12 10 18 10 7 10 17 11 8 10 15 13 10 11 14 11 11 10 10 13 8 8 8 14 15 14 13 10 10 10 8 9 10 10 7 6 7 6 9 8 10 8 8 9 8 8 5 6 4 13 9 8 7 8 4 6 9 8 11 9 5 4 7 10 9 7 10 9 8 24 18 9 8 12 10 8 12 13 6 8 9 14 20 20 12 10 8 9 9 11 12 17 18 9 9 6 6 8 7 10 15 15 3 7 7 12 9 6 6 7 5 3 5 6 5 5 4 8 6 5 6 5 6 10 7 9 7 4 7 5 7 9 9 8 7 6 13 8 8 6 4 119 194 195 197 185 177 181 171 124 135 126 132 131 143 157 139 153 172 165 178 177 171 181 151 136 143 151 161 167 179 144 118 99 121 132 144 169 133 142 168 135 129 152 158 163 142 161 166 159 172 166 179 153 132 140 127 131 150 146 125 143 125 122 161 148 153 123 134 137 126 135 131 130 125 137 150 158 146 122 110 120 134 157 157 148 116 107 129 130 129 124 130 143 122 126 148 129 114 104 105 100 107 118 116 120 120 113 110 112 123 111 109 110 115 120 102 97 112 119 111 93 94 93 110 124 117 110 100 107 107 115 119 111 107 102 105 112 109 107 108 109 102 103 99 97 103 111 105 93 95 99 104 112 95 83 90 102 105 109 102 98 101 101 104 105 101 102 105 105 101 104 104 106 105 100 100 98 96 107 107 102 100 104 102 103 105 102 100 104 105 101 98 102 103 100 100 102 102 102 100 108 101 102 102 102 101 102 102 100 97 99 103 102 99 99 100 99 101 101 107 103 105 102 104 104 101 102 99 106 106 103 103 105 103 100 100 103 104 103 102 102 103 103 103 103 99 100 100 102 97 98 98 105 102 96 104 102 103 105 99 102 104 101 101 101 98 99 97 97 97 103 100 102 104 101 98 101 100 106 102 103 104 97 102 101 99 101 99 99 102
11 9 11 7 8 14 6 8 9 9 8 9 11 9 15 15 14 13 12 16 20 17 10 17 16 16 24 15 21 26 25 23 23 24 17 17 13 14 11 12 12 14 17 14 16 11 8 10 11 8 7 9 9 10 9 15 8 10 11 16 14 14 15 16 11 11 13 13 13 14 11 13 13 13 12 9 11 12 10 9 7 7 8 9 11 4 8 6 10 9 9 8 9 4 7 5 5 4 8 7 8 6 9 8 6 10 5 4 7 9 9 7 6 11 13 11 12 12 14 14 13 8 8 8 8 7 9 4 12 15 11 12 25 10 9 10 11 8 9 12 23 15 8 8 7 6 7 9 7 18 15 7 4 8 10 7 4 7 7 6 4 5 5 4 6 9 10 9 7 8 8 5 6 6 11 6 7 8 4 7 8 7 7 7 9 10 7 7 7 6 55 159 149 142 148 157 173 149 131 107 133 148 158 165 148 143 152 175 153 134 160 161 164 158 178 179 146 138 125 142 146 141 145 163 158 157 128 109 116 150 182 191 182 166 157 165 161 129 135 143 149 156 143 136 138 128 141 159 146 136 140 143 134 150 153 146 164 148 119 98 126 122 136 146 130 136 130 129 104 105 130 116 136 150 127 118 111 126 134 138 146 120 127 126 144 133 117 123 133 137 121 125 121 115 117 113 114 123 118 115 112 114 112 110 119 125 119 119 117 115 117 116 123 123 116 107 114 112 122 116 118 114 111 114 114 115 112 101 97 104 110 118 109 102 105 97 100 108 107 109 109 107 106 96 104 106 109 105 106 94 106 103 103 94 93 98 100 103 97 94 97 99 98 97 98 101 97 98 98 97 105 99 98 102 105 104 98 102 101 103 105 99 102 104 100 100 100 104 103 100 96 96 101 103 99 99 98 99 98 102 99 100 99 98 97 99 99 99 97 98 103 102 101 102 100 100 105 99 102 99 101 100 101 102 104 101 99 105 106 106 102 99 100 102 102 100 99 100 102 101 100 102 105 97 100 103 104 100 101 98 100 102 99 102 102 101 101 98 102 98 100 100 99 105 103 101 100 101 104 103 104 97 99 99 102 100 96 96 94 104
11 9 10 8 10 10 9 6 11 16 13 13 9 14 18 17 13 12 11 14 18 11 14 13 18 16 18 13 17 20 19 24 21 23 21 18 18 21 13 11 14 13 17 19 12 9 10 11 8 6 6 8 11 7 9 12 9 14 14 15 13 12 13 13 14 12 14 12 13 11 10 11 14 13 13 10 10 10 9 9 5 9 7 9 10 7 9 7 6 5 6 3 10 8 6 6 5 5 11 8 9 5 6 4 5 10 6 8 5 7 5 14 14 11 9 9 6 13 10 11 15 13 14 12 7 12 9 6 11 11 11 5 28 10 10 10 10 10 10 10 19 10 10 11 11 9 8 9 14 11 8 16 4 5 7 9 6 7 6 4 4 5 4 3 3 9 8 8 6 6 6 4 4 7 12 8 8 8 6 7 5 12 12 6 4 7 7 6 3 45 33 117 141 130 153 122 132 134 116 77 115 126 135 124 134 147 140 159 159 170 189 160 165 170 152 152 150 145 153 143 149 140 124 141 177 179 156 166 155 175 179 144 130 147 125 122 138 166 162 156 145 158 170 147 146 131 133 149 144 152 153 146 150 137 129 136 125 131 165 165 133 138 127 135 148 164 157 138 141 142 135 140 124 114 117 131 127 128 132 143 133 117 116 121 120 127 153 137 136 113 102 117 130 128 132 128 127 125 117 113 113 116 120 117 109 112 110 112 110 114 109 113 117 113 114 113 119 106 122 124 106 109 111 104 107 116 115 112 113 114 109 102 104 109 110 107 107 108 113 116 115 100 102 101 108 108 104 97 96 100 107 101 104 100 108 105 99 104 105 102 103 101 98 100 101 102 97 98 97 100 110 97 97 93 104 104 96 98 101 92 98 99 105 99 97 101 101 101 100 100 102 104 101 101 105 105 100 102 99 99 102 105 99 97 100 98 98 98 100 103 105 101 98 103 103 99 98 101 102 103 104 98 98 98 103 103 102 103 101 102 103 100 99 102 103 100 100 100 98 101 101 101 103 100 98 99 102 98 101 102 102 99 98 100 104 99 97 98 103 102 97 100 99 102 100 105 101 99 106 101 103 103 101 96 103 99 101 97 95 107
9 10 11 9 9 10 7 8 17 12 12 11 13 14 13 11 10 8 14 12 15 13 16 17 18 16 20 12 9 9 19 21 21 14 12 14 14 11 10 19 15 13 18 13 15 13 6 12 11 7 12 15 9 10 13 10 8 11 10 10 9 14 11 13 11 9 13 9 8 9 10 8 14 11 13 12 8 9 9 7 8 10 7 8 10 7 7 5 6 7 9 8 7 7 4 7 4 4 9 6 11 11 12 6 5 10 6 6 7 4 8 11 13 12 8 6 9 9 9 6 8 6 8 10 7 9 14 12 10 8 13 8 20 19 10 10 9 7 10 12 19 9 6 8 11 9 9 11 7 9 7 16 6 7 7 7 5 5 7 4 3 5 6 6 7 4 8 6 5 5 5 4 8 6 8 8 5 7 8 8 7 7 7 8 4 8 10 10 20 147 170 163 183 157 159 149 132 142 142 79 138 145 192 145 175 182 152 152 185 199 193 141 185 170 138 166 180 173 154 135 147 179 164 148 135 134 137 144 170 159 138 112 126 178 193 149 158 178 161 156 174 159 156 146 143 145 152 176 171 152 140 142 131 139 170 147 123 165 151 139 119 131 137 144 140 137 131 120 153 155 130 131 128 131 132 129 128 145 143 107 97 84 104 140 143 139 112 111 109 109 146 152 136 119 114 115 109 114 120 133 136 140 116 112 111 114 113 116 112 115 102 109 113 119 121 111 120 117 115 105 113 109 111 107 108 100 96 91 107 118 111 109 111 109 107 110 108 112 109 111 106 108 110 106 108 110 105 104 103 101 98 100 103 106 107 108 99 94 99 106 105 102 101 108 102 99 96 100 103 94 100 97 101 97 98 97 98 102 102 101 100 101 98 99 101 103 101 101 100 98 99 98 103 97 100 100 98 100 97 97 100 99 103 95 100 99 100 100 102 100 100 102 98 99 99 98 99 105 97 101 102 100 102 105 95 99 97 104 102 99 101 102 98 97 103 98 100 96 97 97 101 102 100 97 97 101 98 99 103 99 99 101 99 103 100 98 100 96 98 102 99 103 103 99 103 102 97 102 103 99 98 100 99 100 100 94 96 98 98 104
5 10 10 7 9 7 6 10 14 11 10 10 8 10 14 11 10 11 11 13 16 13 18 15 17 17 12 11 10 14 19 15 18 18 15 13 15 18 19 15 14 15 15 13 10 12 10 12 6 9 13 9 8 11 14 14 12 9 7 12 16 25 11 10 12 11 17 12 15 14 9 12 13 9 13 12 8 11 12 8 6 5 5 7 6 5 4 7 9 8 10 10 10 6 4 7 5 5 5 6 5 5 11 14 10 10 4 7 5 8 11 5 4 6 10 12 9 5 8 9 8 8 9 7 10 10 9 14 20 11 11 9 12 34 9 7 9 6 14 8 16 8 5 10 7 6 5 6 6 3 4 12 6 6 6 6 7 5 6 2 3 4 5 5 6 6 8 6 5 5 5 6 4 5 8 7 4 5 7 6 7 7 7 7 6 5 3 2 20 158 151 139 150 154 153 137 148 134 160 78 135 134 141 141 161 136 153 182 171 132 140 188 179 174 166 171 160 152 157 122 173 161 151 129 161 166 167 119 117 121 143 150 190 160 154 155 117 161 168 145 135 169 172 135 157 165 167 167 147 168 172 152 156 119 129 131 158 161 133 129 128 136 154 132 124 109 122 140 140 133 132 128 125 122 123 120 124 127 127 126 120 134 127 110 113 124 115 111 102 128 147 142 124 119 116 111 124 126 131 122 110 103 101 112 124 133 122 115 101 111 125 123 127 120 117 121 119 113 113 112 121 118 114 114 114 113 114 118 115 112 102 103 100 105 115 113 107 104 103 100 108 103 108 104 102 104 100 106 102 108 105 102 107 107 104 103 105 104 110 106 105 99 96 100 102 102 100 100 101 97 100 100 99 101 104 98 97 102 104 105 105 102 99 96 93 97 100 102 104 99 97 91 96 98 99 95 97 98 96 98 99 93 99 90 102 103 100 100 97 95 96 100 96 97 101 99 98 94 99 100 101 102 99 103 96 97 103 101 100 102 101 101 97 98 96 98 100 98 95 95 100 99 97 97 97 99 99 100 97 99 101 98 98 96 98 96 97 95 97 101 103 99 103 101 100 100 101 104 96 97 98 99 96 97 97 94 98 99 97 97
11 9 10 6 6 8 7 11 17 10 9 8 13 10 13 13 15 8 12 14 19 13 13 17 19 20 19 13 12 14 17 13 12 11 8 12 11 13 15 15 13 19 17 16 9 9 10 8 8 9 12 10 9 10 12 10 11 11 8 18 19 15 8 12 12 11 13 10 10 11 12 13 18 17 11 10 10 6 11 8 5 6 7 6 5 6 7 6 4 4 7 8 6 7 7 7 4 5 7 5 4 4 6 4 4 11 17 12 6 6 8 6 6 5 8 9 12 10 6 8 7 7 6 7 10 10 9 7 19 15 15 12 10 32 11 10 8 8 12 7 15 9 9 8 5 6 7 6 5 5 4 12 7 4 5 5 7 5 4 4 2 4 5 4 3 10 8 5 6 4 4 6 4 4 5 7 5 5 7 8 7 7 7 5 8 6 8 5 9 122 100 146 139 152 120 131 111 109 82 72 109 125 158 180 168 205 166 155 154 165 179 174 171 161 147 147 158 182 109 34 128 172 182 154 160 138 146 149 172 193 134 114 134 151 146 159 140 151 124 125 139 187 165 155 160 154 172 157 149 162 149 147 144 134 160 168 154 136 128 121 123 146 142 106 117 129 133 131 130 122 131 115 113 116 118 128 143 115 117 116 122 130 125 124 106 119 118 109 112 141 124 117 105 105 114 134 127 148 145 125 115 110 127 130 119 115 117 113 119 121 118 117 125 120 114 115 110 108 125 118 115 108 106 110 109 113 115 118 112 111 104 96 101 103 115 113 95 98 103 105 103 104 101 102 106 106 103 99 102 106 108 109 105 101 105 108 104 103 101 104 100 96 103 103 97 97 99 102 102 100 98 99 99 105 105 96 95 100 104 104 97 101 101 96 95 92 99 98 95 95 95 96 96 96 104 99 99 98 100 98 102 99 97 92 92 96 99 98 98 97 92 93 97 96 98 100 95 99 103 100 93 98 97 97 99 99 100 101 102 99 106 99 94 98 101 94 96 98 98 92 98 97 95 96 97 92 92 99 98 98 101 99 101 92 96 94 98 97 96 100 100 94 100 100 102 98 100 98 102 97 97 94 90 96 96 91 94 90 91 95
12 10 11 7 10 8 9 10 7 8 8 9 10 10 11 12 10 12 12 12 10 15 15 12 15 17 16 14 11 16 23 18 14 9 10 11 11 13 14 15 9 14 18 14 12 9 8 6 8 7 8 7 11 14 7 7 10 9 11 14 15 14 12 10 11 13 7 7 12 7 6 9 8 9 8 7 5 8 10 10 7 8 9 7 7 7 6 4 3 3 5 6 5 6 5 6 4 4 5 5 5 4 5 5 6 4 8 11 19 14 3 6 5 5 7 11 4 11 13 8 7 9 7 7 6 6 8 10 15 19 16 10 9 22 11 14 6 6 10 6 17 7 7 4 2 4 5 5 5 4 4 12 7 6 7 5 7 6 4 3 4 5 5 5 6 10 7 5 7 6 6 7 6 6 3 7 6 9 8 3 9 7 6 6 7 6 6 5 7 27 32 161 164 155 173 156 164 117 110 52 111 121 137 156 171 164 153 158 173 166 174 183 143 150 139 119 127 142 32 24 95 145 173 170 174 171 176 172 162 161 151 155 188 149 135 141 169 177 174 139 132 140 145 142 133 158 131 133 139 156 148 142 157 121 140 133 146 139 160 138 146 136 122 123 141 137 144 129 128 123 128 123 140 158 135 120 109 108 105 125 128 131 130 116 114 103 118 113 104 110 120 114 106 124 118 129 117 122 118 108 113 135 137 131 117 115 110 107 114 114 110 121 124 115 111 110 112 111 112 111 115 108 109 112 112 112 113 112 107 99 101 104 110 112 110 105 100 107 111 107 108 105 100 102 107 108 102 97 97 101 103 103 103 97 100 106 104 106 100 107 104 105 102 103 99 104 104 100 98 97 98 98 99 104 101 95 97 99 102 101 96 101 104 102 96 92 94 99 100 100 96 98 92 96 98 94 94 100 103 96 95 95 94 97 102 97 101 103 99 100 99 97 99 96 97 98 98 97 95 99 95 102 96 94 98 94 95 101 102 96 97 93 97 92 96 95 95 97 98 95 94 99 100 98 94 97 92 95 100 99 94 95 97 92 97 91 90 91 95 98 99 100 96 99 93 95 95 92 95 93 95 94 86 87 92 95 88 93 91 92
9 8 10 8 6 5 6 7 6 6 6 5 8 9 10 11 9 8 12 10 13 19 17 14 16 16 16 11 13 13 17 14 17 14 17 15 14 12 19 16 12 14 17 11 11 8 8 7 9 8 6 8 14 8 7 6 8 9 14 13 16 18 13 12 13 18 14 12 13 10 9 8 9 9 9 6 7 9 7 9 8 6 6 7 7 7 6 4 3 4 4 5 5 7 3 5 5 5 7 7 5 4 5 5 4 6 9 5 3 10 19 7 5 8 2 26 9 15 15 14 8 8 7 7 6 5 8 12 13 13 16 20 10 19 20 10 8 7 8 6 11 5 5 4 3 4 5 6 5 4 4 7 7 4 5 6 9 7 4 2 2 3 4 5 4 9 7 5 6 7 7 6 5 5 5 7 8 8 7 5 8 7 7 7 7 8 9 9 7 5 30 84 180 164 143 155 121 153 131 76 133 113 77 111 138 132 129 132 134 130 146 127 153 135 130 151 123 49 80 34 43 104 166 153 143 159 169 180 157 147 158 171 150 150 137 164 148 119 135 151 159 172 109 68 58 41 139 138 147 165 135 150 163 82 153 139 130 132 137 126 131 125 140 129 119 132 132 119 128 134 139 135 120 126 120 141 130 126 125 126 127 115 120 118 132 136 149 121 111 115 119 128 138 120 132 128 115 119 123 119 123 127 120 114 118 107 116 121 121 119 125 114 113 112 108 111 120 116 118 115 113 111 111 113 116 106 103 98 99 107 108 112 113 109 106 101 103 105 107 104 102 94 100 106 108 107 99 102 103 101 108 102 94 95 100 106 108 108 95 88 96 98 94 93 99 96 89 101 95 90 98 97 101 103 101 97 94 92 95 93 100 102 99 91 96 96 98 96 91 93 92 98 92 88 95 96 99 107 98 95 95 92 99 95 90 96 99 98 94 92 94 94 93 92 94 93 93 98 95 97 96 97 98 100 96 95 94 94 98 97 97 93 95 94 99 99 95 95 97 96 97 90 89 91 92 94 92 97 99 99 92 94 94 93 93 91 94 94 100 98 97 95 92 94 95 98 99 95 98 94 93 94 90 87 89 90 84 92 93 99
10 9 9 6 11 10 7 10 13 11 13 11 12 8 10 9 8 12 12 12 14 21 17 11 11 11 18 11 14 20 19 17 13 16 19 17 16 18 17 17 14 13 14 10 13 11 10 7 9 7 5 9 9 7 9 7 8 8 10 8 13 10 12 12 9 6 8 6 7 6 6 7 7 8 10 7 7 10 8 6 6 8 7 4 5 6 7 6 1 2 2 4 7 8 3 4 3 5 7 5 4 4 6 4 5 5 8 6 8 3 7 15 6 4 4 12 8 12 4 6 12 5 6 5 6 5 6 9 10 9 11 10 18 6 27 4 9 8 7 5 12 10 4 2 3 4 4 4 3 5 6 5 13 4 2 5 6 6 6 4 5 6 5 3 2 8 6 3 4 6 6 4 7 5 8 4 5 7 8 8 10 9 7 4 7 4 7 4 2 4 7 163 150 151 153 134 137 137 126 83 159 86 25 47 136 154 137 135 131 118 144 113 138 164 147 148 88 47 10 21 32 65 131 130 125 146 151 154 140 140 146 148 159 140 135 124 123 131 134 118 129 141 40 43 39 13 94 167 125 148 147 138 170 80 155 143 128 150 132 122 142 152 130 136 132 141 126 127 128 121 126 131 122 121 135 121 117 112 124 110 129 125 128 119 113 128 115 112 115 122 134 110 122 123 108 115 126 128 128 113 111 108 120 117 117 122 113 106 113 113 119 118 115 114 111 108 118 112 106 106 110 112 110 114 111 110 117 113 109 108 103 101 102 101 102 112 110 107 101 94 94 98 100 101 96 93 100 101 96 99 102 101 105 100 98 103 103 92 92 96 95 95 99 93 97 95 94 96 102 102 104 101 96 97 101 95 98 97 104 104 103 93 92 102 100 89 91 93 98 94 93 95 95 97 98 96 96 94 91 94 95 88 95 93 92 90 95 98 99 90 94 96 92 96 100 97 92 94 94 97 89 94 92 94 97 99 98 95 96 91 95 93 94 95 94 96 94 93 95 95 97 97 95 89 92 94 94 92 96 98 95 96 99 88 92 87 90 88 92 85 89 96 93 94 95 94 97 93 87 83 84 91 90 81 82 84 89 88 82 95
10 5 8 7 11 7 7 10 13 9 6 7 9 8 12 11 13 12 12 9 13 17 15 9 12 13 22 19 17 17 20 15 12 15 14 13 12 10 15 13 14 15 11 10 10 10 9 8 10 7 9 8 7 8 10 8 9 6 10 8 22 15 13 10 9 9 10 7 7 9 9 8 8 12 13 7 8 10 10 10 7 6 6 7 5 5 8 6 5 3 1 4 7 6 3 6 3 3 4 5 4 4 5 6 6 6 6 7 7 5 6 5 18 8 6 6 16 16 5 5 14 17 5 4 7 7 5 5 6 6 6 6 15 20 40 4 5 9 4 4 21 7 4 3 3 3 5 3 4 3 8 5 15 2 3 6 7 8 7 4 4 4 6 3 4 5 4 4 2 3 4 5 5 4 5 5 6 7 9 6 7 9 7 5 8 5 6 4 6 5 12 120 155 155 164 152 137 128 139 80 96 111 30 24 51 121 109 120 137 132 124 125 85 79 119 129 51 5 6 7 12 42 105 134 129 141 131 143 140 154 158 138 133 127 124 134 136 123 125 121 131 128 72 40 42 20 27 114 139 137 134 147 135 68 150 121 134 142 134 143 143 130 135 142 159 148 144 148 120 132 131 132 127 118 118 118 113 122 112 117 123 117 119 120 117 124 107 119 116 124 112 109 111 126 99 103 122 128 118 113 110 113 115 114 126 113 115 120 111 115 114 122 118 110 105 113 111 120 107 104 110 113 109 115 103 109 115 113 101 101 107 108 107 107 107 110 103 97 98 101 95 92 103 98 99 97 100 88 99 107 103 102 91 104 94 105 98 97 92 98 79 101 96 97 95 94 100 101 98 97 94 100 99 91 96 97 97 99 97 100 94 95 92 83 91 96 99 99 92 94 92 94 87 93 98 86 87 82 95 91 90 87 96 83 90 92 98 98 95 85 97 90 92 90 92 96 92 87 92 91 92 95 99 94 94 94 91 95 94 99 93 91 96 94 93 96 93 92 89 93 92 91 92 92 94 95 93 94 95 98 90 89 96 92 93 90 91 90 92 89 89 95 92 91 92 85 96 96 96 89 83 85 83 81 83 85 83 89 91 94
10 8 14 11 12 11 5 8 5 9 8 9 9 15 15 14 15 10 13 10 17 10 10 6 14 12 19 19 19 16 21 14 13 16 12 13 15 9 10 10 12 14 9 11 13 12 9 7 9 6 10 8 6 4 10 6 9 11 8 9 11 6 8 9 7 6 8 8 7 8 7 8 9 9 10 8 8 8 7 10 7 9 9 9 6 6 8 6 5 4 3 5 8 6 2 5 5 3 4 5 5 4 4 5 5 5 5 5 5 5 5 4 8 15 6 5 18 20 7 7 8 7 15 7 4 8 5 6 10 7 7 9 8 8 29 7 6 5 8 6 22 1 5 3 3 2 4 6 3 2 5 3 12 2 2 4 4 5 5 3 7 6 3 5 9 6 4 5 4 4 4 4 4 3 4 4 8 8 8 4 7 10 10 5 7 4 6 5 5 5 8 4 6 30 55 112 127 132 144 100 73 19 13 16 26 132 132 129 146 150 137 145 97 125 142 50 48 26 13 7 8 26 85 141 149 131 156 134 157 149 143 150 155 152 165 149 146 131 139 134 154 158 49 47 21 17 65 103 115 152 145 149 147 69 125 128 133 149 126 139 163 124 133 143 149 127 125 137 129 121 131 122 142 125 133 128 128 119 125 133 122 117 121 109 109 116 120 119 123 118 103 114 119 108 122 118 115 114 120 107 111 104 108 119 111 108 110 117 109 110 117 113 109 109 118 119 114 107 104 110 111 109 111 111 104 103 106 100 102 108 109 110 107 101 97 100 105 107 106 99 92 95 92 100 103 106 107 99 94 101 98 97 97 106 106 99 97 97 97 102 100 95 52 79 94 89 106 99 98 94 96 94 85 95 96 99 98 102 103 96 93 98 95 94 93 96 90 88 90 96 98 99 95 94 94 78 90 90 90 92 92 94 92 89 89 87 87 88 87 90 98 90 95 89 90 95 92 92 94 95 90 90 98 94 91 92 91 94 92 91 89 85 87 91 90 91 90 92 91 89 92 92 89 90 89 89 90 94 94 93 86 92 93 90 92 90 89 88 90 89 92 96 96 95 98 95 87 92 89 89 97 88 82 87 83 85 85 87 85 90
12 8 7 7 6 9 7 10 10 10 8 11 13 10 13 11 19 16 18 11 12 16 9 6 11 16 18 12 15 15 21 11 9 12 14 19 18 16 12 8 10 9 11 8 10 7 5 6 9 6 8 8 7 5 10 6 9 9 10 7 14 15 7 12 10 7 7 8 9 8 6 9 11 6 6 5 9 9 11 15 11 11 9 8 9 6 8 8 7 6 3 4 8 7 3 5 5 4 4 4 6 6 5 5 5 5 8 8 7 5 4 7 7 6 17 6 16 17 9 8 8 5 7 16 10 3 7 5 6 7 7 6 6 6 17 9 5 4 9 3 22 2 6 3 0 5 5 4 4 4 6 5 14 5 7 3 5 5 5 5 4 3 3 7 6 8 8 6 5 3 3 4 3 3 4 4 6 4 2 4 7 4 5 4 5 4 4 4 5 2 9 6 9 13 18 16 8 58 75 69 48 15 9 4 12 83 130 134 166 167 160 157 156 144 131 28 26 9 13 4 17 8 88 149 137 134 142 130 141 114 171 139 141 151 136 132 161 141 157 162 152 172 139 21 16 101 129 145 136 144 138 139 139 88 149 159 140 135 130 143 124 122 126 125 112 134 149 136 134 128 136 132 132 119 126 130 122 125 122 113 124 115 118 121 123 121 123 120 117 124 122 117 111 107 113 107 121 118 101 113 116 113 117 112 109 103 120 102 111 113 105 109 109 111 113 111 105 107 111 110 112 109 107 108 109 100 91 87 108 102 103 105 104 99 94 96 93 87 99 104 96 96 97 101 102 95 93 95 99 97 107 102 98 94 96 90 99 104 98 84 90 48 44 22 36 46 44 93 92 99 91 86 63 75 78 98 95 97 95 95 94 97 103 96 93 94 88 89 92 95 94 89 90 97 96 85 96 89 85 97 93 88 88 86 84 91 86 95 95 93 91 85 86 87 94 95 96 92 95 93 97 99 98 97 90 92 93 93 95 91 89 93 91 88 92 92 96 96 92 92 95 90 91 86 84 87 91 94 92 95 95 92 95 99 94 90 90 91 94 92 91 88 89 90 81 82 84 81 81 85 80 80 82 81 82 82 83 81 89 87
16 16 8 7 3 7 8 8 8 8 12 14 12 10 9 8 9 8 10 9 9 14 9 13 14 14 17 19 20 18 19 15 21 13 14 16 12 14 10 10 7 11 10 7 7 10 11 10 10 7 5 8 8 7 8 6 9 10 12 9 13 19 15 21 11 8 8 7 9 6 4 8 10 6 7 8 8 9 9 12 9 9 10 11 6 6 9 5 5 5 3 3 6 7 4 5 3 5 6 5 3 5 5 3 8 5 8 6 5 7 6 7 7 6 10 15 35 17 7 6 5 8 9 5 22 21 5 7 4 6 7 6 5 6 26 9 5 4 5 9 11 5 6 3 2 5 3 4 2 3 4 4 9 7 4 4 5 5 5 5 4 3 6 7 7 7 7 8 5 3 3 4 4 3 5 6 3 7 6 8 10 5 6 4 7 6 4 4 4 2 6 7 5 9 7 10 14 8 13 18 13 7 3 3 7 24 48 67 72 91 98 84 134 123 128 37 4 12 15 11 2 9 39 140 141 136 150 159 149 171 153 144 161 146 146 137 169 126 163 147 152 78 47 120 151 141 134 138 153 149 136 146 158 99 154 137 138 148 144 140 144 151 131 134 135 137 141 147 138 125 138 132 130 129 123 123 128 111 135 121 115 113 123 127 114 120 121 117 113 115 117 128 115 120 119 128 116 110 116 110 107 114 118 119 117 106 102 107 113 113 108 113 112 118 101 101 109 116 115 112 110 110 112 114 102 92 102 106 104 106 103 105 103 97 111 103 100 92 91 96 95 93 99 101 102 101 98 85 92 105 102 98 97 99 101 101 101 97 79 49 27 18 12 9 11 10 13 98 93 78 89 50 44 42 54 97 98 101 100 89 88 104 95 86 92 99 99 93 89 90 90 86 90 93 95 88 91 87 89 90 90 83 88 89 92 91 93 90 91 88 88 87 87 85 90 88 86 93 96 95 90 92 93 89 90 89 91 92 91 88 90 86 89 89 92 94 94 98 90 92 86 86 89 90 92 94 93 85 83 83 92 88 90 87 90 85 82 85 89 85 83 82 88 86 83 86 79 77 81 80 80 86 78 80 82 77 75 86 82 84
14 15 6 5 5 5 10 9 11 10 9 12 4 9 9 10 8 7 11 9 13 16 14 15 9 12 15 18 16 16 17 17 16 12 13 13 10 10 9 11 8 11 9 7 7 10 9 8 8 8 5 10 7 4 3 4 9 11 9 13 13 15 22 14 8 9 10 13 7 7 4 6 10 6 7 10 11 7 7 13 10 11 12 9 5 7 7 5 4 3 4 4 4 6 1 3 4 6 5 6 2 4 4 5 9 7 8 5 7 9 9 6 7 8 7 16 32 18 8 4 5 5 8 10 5 22 24 9 10 4 5 5 5 5 15 12 4 3 6 22 8 5 4 3 2 7 5 3 1 8 9 6 9 17 1 5 6 3 3 5 8 4 10 6 8 8 5 5 6 3 4 4 4 3 5 4 5 9 11 10 8 6 5 6 8 5 9 7 4 3 6 5 4 4 9 7 11 9 10 7 15 8 5 5 4 12 13 18 18 23 18 22 20 12 55 40 6 10 5 5 4 17 92 142 92 35 134 142 129 137 151 137 138 130 134 146 151 148 153 103 28 82 138 148 127 123 182 151 167 146 148 144 150 94 124 143 146 135 141 138 75 137 145 150 140 149 159 128 137 141 141 126 133 122 123 122 121 123 116 120 124 122 117 118 125 119 118 117 120 108 119 120 120 123 116 123 118 109 103 113 107 106 104 116 108 110 119 121 112 114 114 112 105 114 107 114 115 116 112 103 101 110 105 112 107 103 113 116 105 100 102 94 108 119 113 100 90 98 97 90 89 95 97 97 87 95 92 84 104 99 90 87 95 103 91 94 91 98 68 19 14 11 11 9 12 7 16 39 93 50 44 37 52 40 30 89 76 107 68 89 24 56 98 94 95 92 92 85 87 90 92 90 95 85 91 94 90 92 96 85 87 89 92 95 91 87 90 74 79 88 93 88 93 89 92 93 85 94 98 96 93 85 84 89 86 93 88 88 92 84 81 90 83 91 87 84 85 89 82 81 89 92 92 86 89 92 89 80 81 84 93 91 85 80 84 85 82 81 71 87 85 84 70 82 85 86 74 81 84 83 79 78 83 75 81 77 81 86 84 87
11 10 5 6 5 8 6 6 5 6 10 12 10 12 11 13 15 10 14 9 9 11 11 13 15 15 14 10 20 21 18 13 20 14 11 9 10 12 12 12 9 8 10 8 10 9 11 8 6 7 5 7 5 5 6 6 9 7 9 11 9 12 14 10 16 14 15 20 15 13 9 7 9 7 8 6 7 8 12 11 7 9 11 9 5 7 7 5 1 2 4 3 5 7 5 5 5 5 5 6 5 3 3 3 4 5 10 11 11 8 10 8 6 7 10 20 35 7 12 17 1 5 7 4 5 3 28 17 9 12 5 3 5 2 11 15 1 4 4 16 3 6 7 5 6 8 8 5 5 11 7 6 2 22 3 4 5 5 3 7 8 8 11 6 3 8 8 5 5 4 5 4 4 3 5 4 3 9 7 8 8 7 6 6 6 8 8 5 5 4 5 5 5 5 10 14 9 6 16 6 9 12 5 4 5 7 10 21 21 20 25 20 22 8 14 22 4 6 2 3 8 4 8 24 8 14 82 107 100 103 62 81 62 106 80 15 101 166 78 16 87 83 134 151 136 156 132 142 135 139 143 138 145 109 121 138 141 145 109 85 23 63 100 139 133 146 134 131 133 142 134 134 135 130 132 137 132 127 130 126 122 123 122 112 119 127 118 111 111 116 109 112 120 113 115 115 113 112 111 110 111 110 106 116 109 102 106 108 103 112 104 108 102 105 109 106 112 106 106 105 101 110 101 102 102 98 107 106 99 92 90 92 104 102 96 88 95 100 99 91 102 96 97 91 90 93 104 95 99 98 103 96 97 100 106 105 57 19 37 15 10 14 12 10 7 10 13 17 76 52 39 32 27 79 27 42 49 71 25 44 23 21 52 30 92 94 97 90 95 90 93 94 91 78 80 88 88 88 86 80 79 91 90 77 69 63 67 46 41 86 94 92 91 79 88 92 86 89 88 81 86 83 85 84 90 88 92 93 92 84 84 89 84 84 83 90 92 89 87 83 86 89 86 80 87 88 86 75 81 88 81 84 75 78 85 83 81 86 69 58 81 45 51 82 67 58 43 82 77 88 80 84 80 73 77 80 75 71 73 85
20 9 7 6 4 5 9 7 11 7 7 8 7 13 10 10 16 10 14 9 8 10 12 11 10 10 16 17 14 18 21 22 17 12 10 10 10 11 9 10 9 8 9 9 6 5 8 7 4 5 6 6 5 4 6 9 8 5 9 10 9 10 12 14 19 11 10 11 12 9 8 7 10 7 8 10 8 9 7 10 11 6 6 6 4 6 6 4 6 7 7 5 7 8 8 3 5 4 5 6 6 3 5 5 4 3 5 8 8 9 10 9 9 7 10 20 18 10 9 15 27 8 5 3 8 2 3 29 20 2 6 6 4 4 7 19 3 4 2 23 0 3 7 5 6 7 8 9 9 4 6 4 1 27 3 4 3 3 2 4 5 8 9 5 9 8 5 3 6 4 3 6 3 3 4 4 4 9 4 5 5 3 5 8 7 5 3 3 2 3 3 4 5 4 5 9 5 26 16 4 5 4 5 4 4 6 9 14 15 17 18 13 11 8 3 8 10 2 7 6 13 7 13 10 5 9 27 17 23 26 30 31 41 24 29 17 24 33 52 113 107 133 129 147 148 140 133 138 141 146 132 134 118 74 114 138 141 152 66 42 10 19 45 141 138 136 128 135 147 153 134 141 142 150 122 131 133 124 131 130 122 131 132 125 129 125 118 128 123 116 111 115 105 112 119 119 119 105 105 111 112 117 105 113 127 112 95 108 115 102 113 110 100 102 97 112 102 106 106 95 97 107 108 107 100 95 96 89 90 103 95 93 94 95 105 105 103 97 97 93 91 88 85 89 94 97 96 97 97 95 96 92 89 105 92 96 38 15 19 13 14 13 13 6 8 12 11 22 84 60 32 57 20 37 16 22 16 23 8 19 13 13 15 45 88 90 93 98 95 96 91 91 82 87 88 92 89 92 82 85 88 83 81 49 38 33 25 36 41 79 76 85 84 81 82 83 88 84 87 82 84 84 86 93 92 88 88 82 85 85 84 91 84 87 90 91 91 84 85 78 89 87 81 84 82 82 87 82 81 79 84 82 77 76 75 76 71 72 49 38 65 24 35 53 37 29 29 69 45 66 74 74 72 78 79 76 69 62 75 86
14 14 6 7 8 10 6 5 8 10 8 6 6 11 7 10 11 9 11 9 10 11 13 8 9 9 16 14 11 12 16 21 18 13 11 9 9 9 9 11 7 9 8 9 8 8 7 8 7 5 5 4 4 6 9 8 8 8 9 10 9 7 11 13 13 8 12 14 12 7 6 8 7 7 9 8 8 5 6 8 7 4 5 6 4 4 4 4 3 2 4 4 6 7 10 3 4 4 7 5 6 2 5 4 6 5 6 11 7 7 4 9 9 7 14 28 20 9 6 5 10 19 10 5 10 11 8 2 31 22 4 4 4 5 5 36 0 6 2 20 1 1 3 5 6 6 4 8 5 6 6 4 1 17 6 2 2 1 5 3 4 8 6 5 6 7 5 3 2 5 3 1 3 2 4 3 4 8 5 6 4 6 7 6 2 1 2 4 2 4 4 6 4 4 6 10 25 21 8 5 2 1 6 7 5 6 6 7 4 13 14 6 4 3 4 4 3 4 4 2 4 3 14 10 9 11 33 10 22 24 31 35 36 30 27 27 24 22 20 25 36 40 61 73 92 128 117 110 126 129 111 38 35 52 103 145 145 80 22 25 13 23 64 100 121 103 136 136 132 130 137 139 134 129 127 137 128 133 135 118 130 130 132 123 129 122 137 125 127 117 122 127 122 122 117 115 113 117 117 110 104 113 122 125 112 75 22 44 71 93 127 96 111 103 105 107 105 93 99 117 89 96 104 100 85 92 101 101 104 100 104 98 95 91 102 101 102 96 101 98 94 79 88 87 86 91 88 93 104 91 71 26 63 99 27 23 28 22 11 12 8 8 8 9 7 6 9 16 24 49 16 18 22 43 35 19 16 21 18 15 15 16 6 50 23 69 81 84 84 79 77 82 84 89 81 80 77 84 83 75 84 61 62 41 45 33 37 40 43 67 49 79 59 76 87 84 82 85 61 76 68 78 91 91 81 82 78 85 87 78 82 75 76 81 79 87 83 74 81 83 96 90 75 76 76 75 84 84 80 75 80 80 82 78 86 86 78 42 19 26 29 16 26 24 23 16 33 61 30 25 43 71 70 76 72 74 74 71 74 80
8 9 6 11 12 14 12 6 8 11 10 8 7 11 7 6 7 9 13 14 13 11 11 7 7 9 11 14 10 11 14 19 23 15 12 12 9 9 18 14 9 6 12 10 8 4 7 8 8 7 5 5 4 7 7 7 7 10 7 8 11 12 13 12 11 11 7 7 7 7 7 10 12 10 9 3 5 5 5 4 5 7 7 5 5 5 6 4 3 3 3 5 6 6 11 5 5 4 5 6 6 5 7 6 5 7 5 6 7 7 7 6 8 4 21 27 15 9 4 6 5 2 20 17 2 11 6 6 6 32 5 4 4 5 3 28 6 3 2 19 2 2 5 8 6 5 5 4 5 8 6 4 1 11 12 1 1 3 3 4 3 7 7 2 6 5 4 3 2 4 5 2 2 3 5 8 2 4 6 3 4 9 8 5 7 4 3 4 3 1 6 3 4 3 6 14 13 9 6 11 7 4 6 4 4 3 5 5 8 13 18 9 4 4 3 5 5 5 5 3 6 3 2 5 4 12 10 15 17 30 31 21 20 27 33 27 33 24 25 26 20 22 21 21 28 31 19 16 18 27 36 10 10 7 23 49 79 6 13 24 10 7 60 35 42 97 136 131 132 121 125 126 126 127 127 121 123 126 126 135 123 124 127 132 133 126 122 123 120 118 120 121 118 114 119 112 114 121 117 116 119 118 113 93 40 32 13 19 10 91 112 109 95 104 100 105 109 109 111 100 104 105 108 96 95 98 101 106 90 87 83 92 103 102 102 103 98 93 91 90 94 96 96 84 88 92 20 23 93 44 17 9 14 40 61 14 10 15 14 12 13 13 9 5 6 7 14 12 20 40 20 22 22 12 26 15 30 39 34 17 10 5 8 17 15 89 88 87 75 87 80 82 92 93 86 84 73 81 76 74 82 77 36 30 41 22 28 35 24 49 75 48 24 32 81 77 72 69 29 33 20 49 70 74 91 91 82 82 83 88 79 76 80 79 80 77 72 78 81 81 85 85 81 71 77 81 80 78 73 70 71 69 73 84 84 81 69 26 20 14 22 15 21 18 19 27 36 18 15 10 18 39 60 74 74 71 69 61 61 74
7 9 7 10 6 7 8 8 3 4 5 7 10 10 4 9 8 10 9 7 8 9 7 6 8 10 13 9 8 10 13 15 13 15 12 11 12 15 15 14 13 8 11 9 9 6 7 6 5 8 9 7 4 5 5 5 6 3 5 12 11 9 12 15 12 17 14 16 13 8 12 9 10 9 9 8 5 7 7 6 6 7 6 5 5 4 5 6 4 4 6 6 4 6 11 6 6 6 6 6 6 4 4 4 6 7 4 4 3 4 8 5 5 5 18 18 10 10 6 7 6 3 2 12 23 11 10 4 4 8 23 1 4 5 5 16 13 1 1 12 3 5 6 6 5 4 5 5 6 7 5 4 6 5 26 1 3 5 3 3 3 5 5 4 8 5 2 2 2 4 5 1 1 3 5 5 2 3 8 3 5 5 5 5 12 4 8 4 1 2 7 4 2 3 6 10 7 16 12 9 8 5 6 5 3 4 6 5 7 10 13 7 5 7 4 2 5 3 3 3 3 3 6 4 7 6 6 5 13 22 20 22 29 23 28 20 26 15 26 28 25 25 24 26 26 21 19 25 22 18 23 16 10 9 15 19 19 9 11 10 9 10 11 9 14 12 59 55 77 89 126 122 117 123 130 133 131 126 127 122 121 116 125 117 119 122 118 121 118 121 121 124 119 124 124 119 112 120 117 112 115 118 91 20 14 10 9 15 11 49 110 115 96 109 110 95 104 98 93 114 110 104 94 104 103 92 103 103 98 94 96 87 91 93 92 99 102 94 93 95 94 85 95 80 64 15 10 2 24 11 11 12 12 47 31 17 17 11 11 10 13 12 12 6 5 6 10 16 6 7 12 29 27 11 11 16 15 24 14 19 7 8 9 22 64 85 103 81 91 88 74 88 81 82 77 76 72 67 71 68 72 73 23 18 36 44 31 49 41 79 55 17 19 18 17 64 53 21 19 28 21 22 25 49 80 67 51 72 78 87 82 80 88 78 85 81 80 81 90 68 69 72 72 76 77 77 81 74 75 81 79 80 86 81 76 73 42 16 18 13 19 8 15 9 19 13 11 15 11 9 13 22 43 61 64 69 85 69 71 83
8 8 7 8 5 4 6 8 5 6 6 5 5 6 8 6 5 6 6 9 6 8 11 3 7 13 14 14 12 11 10 11 11 12 10 10 9 8 12 8 11 8 11 13 12 6 5 7 4 5 5 4 3 3 6 6 5 4 10 13 11 7 11 17 14 10 12 13 8 8 8 7 6 8 6 4 4 5 7 7 6 6 5 5 5 3 5 5 3 4 7 4 5 8 9 5 7 7 5 3 5 6 6 7 4 3 9 6 4 4 9 8 9 8 20 23 6 9 7 5 6 4 7 4 4 14 37 8 5 11 15 9 4 4 9 8 12 4 2 12 2 4 5 11 3 1 6 8 7 7 5 2 4 0 19 2 3 5 3 3 3 2 3 4 6 3 3 4 1 3 5 3 3 5 6 5 7 4 5 4 5 2 4 5 8 4 4 5 5 2 4 5 5 6 9 11 8 5 12 7 6 3 5 4 4 5 4 3 8 11 12 9 1 4 3 3 3 0 1 3 4 5 8 3 4 6 11 9 15 22 20 25 33 24 23 26 27 27 24 22 33 32 34 34 34 23 20 21 29 22 25 22 15 10 10 11 23 10 15 10 11 10 15 13 6 11 26 21 33 24 26 24 29 35 46 37 37 65 82 91 95 80 86 97 117 125 121 116 119 114 119 122 120 124 122 119 113 117 119 117 118 111 72 7 17 10 20 23 10 27 120 92 102 107 103 100 109 97 109 94 85 92 102 108 102 88 85 94 97 96 88 86 97 96 90 98 97 90 98 99 97 88 83 18 36 14 3 5 6 5 11 17 19 13 20 19 15 13 10 10 9 9 10 6 5 8 7 9 8 5 14 19 33 15 14 22 10 15 9 5 9 12 6 31 68 96 93 89 79 74 38 19 60 87 76 55 41 36 38 36 30 36 21 20 30 14 27 25 33 59 28 16 17 23 22 28 26 21 21 25 19 23 19 42 27 28 26 66 73 88 83 89 80 72 63 86 84 82 71 46 36 90 78 77 68 69 70 71 78 83 75 75 71 69 65 61 25 15 9 8 10 10 10 9 13 14 13 13 10 9 12 11 23 20 37 73 69 55 61 79
7 5 7 11 6 6 8 9 4 9 10 5 7 11 10 7 8 11 7 8 10 10 9 8 16 13 11 8 12 13 13 12 14 13 11 6 7 7 12 8 10 9 11 11 7 7 7 10 9 5 4 6 5 3 6 6 7 5 12 10 9 11 13 12 11 9 7 8 7 7 7 6 5 5 4 6 3 2 4 7 3 4 6 8 7 6 7 5 5 6 9 3 3 7 8 6 2 4 5 5 3 4 3 6 6 7 7 7 7 5 6 8 13 9 13 10 4 6 12 14 5 4 4 3 5 3 12 28 20 3 3 23 6 4 15 6 18 1 4 14 3 6 6 9 5 1 5 6 3 4 8 3 2 5 9 6 1 3 3 4 3 4 5 5 4 4 4 3 3 2 4 4 4 3 4 4 5 8 5 4 3 3 7 5 6 5 5 8 4 4 4 5 6 4 8 9 5 11 5 9 5 3 6 5 3 4 2 5 7 6 5 11 3 2 1 5 8 1 0 2 1 4 5 4 4 9 5 1 12 34 36 29 22 20 20 21 15 28 27 27 20 22 26 25 33 39 37 26 26 17 21 15 9 11 10 7 15 6 13 12 10 9 12 10 8 7 8 18 14 25 20 23 26 18 20 21 19 22 19 11 12 17 21 17 41 50 83 109 115 115 94 65 73 88 108 115 126 120 121 121 128 39 6 7 24 13 18 13 11 9 58 15 86 108 109 105 96 97 108 102 101 94 85 94 101 81 83 94 97 83 76 91 93 86 102 107 94 88 104 97 96 99 100 8 14 4 8 8 6 15 10 14 9 13 24 18 9 6 9 6 6 9 8 6 10 9 8 7 4 5 11 13 14 12 13 19 13 15 9 6 7 4 21 12 25 68 85 82 82 82 58 24 19 24 28 32 25 15 20 26 22 19 18 24 26 15 15 29 19 32 22 15 17 17 15 20 23 16 18 18 15 19 21 19 22 28 29 33 62 87 90 88 55 21 20 60 69 79 53 23 21 87 79 66 73 75 82 76 76 76 73 75 80 82 76 38 21 14 29 15 9 11 10 14 11 16 11 10 9 8 13 9 10 22 34 68 52 70 66 81
7 7 3 6 8 16 7 6 7 9 7 6 7 12 17 11 11 12 12 8 9 7 5 4 9 11 12 11 9 7 10 9 12 11 14 8 8 8 11 12 10 8 7 6 8 7 8 8 7 8 5 6 8 5 4 11 7 6 10 8 11 10 14 10 10 9 7 9 10 7 7 10 9 10 7 7 8 5 5 5 10 11 10 10 4 6 6 3 7 7 9 5 5 5 11 7 4 6 3 6 4 5 2 4 6 5 5 6 4 5 9 10 7 7 15 12 3 1 4 12 14 4 5 6 5 5 6 13 17 23 2 11 17 8 7 7 25 4 3 19 8 8 6 6 3 2 3 5 4 9 7 2 1 3 5 11 1 2 4 3 3 1 4 4 4 5 3 3 3 3 3 4 4 3 3 3 6 11 4 4 2 2 4 3 3 8 5 5 3 4 4 2 4 3 6 9 8 10 5 6 4 5 7 4 3 6 3 4 3 2 3 3 2 3 3 3 2 4 2 3 1 2 4 5 4 8 5 2 6 30 23 30 29 26 25 21 20 16 19 18 22 34 28 20 33 31 18 20 17 12 11 8 8 5 5 9 6 5 11 10 4 10 10 6 8 5 8 13 11 15 18 22 20 19 19 15 16 18 20 17 19 19 18 20 14 26 10 19 31 24 12 18 12 7 11 12 28 27 28 30 39 4 4 11 23 5 10 9 7 7 13 7 18 39 96 49 93 106 99 98 107 104 105 106 87 46 63 88 95 99 93 81 92 83 97 94 80 90 87 93 90 91 21 8 15 7 23 9 5 11 7 10 8 11 10 12 8 7 6 8 6 8 8 12 6 7 9 9 5 10 10 9 6 6 10 11 9 10 10 12 12 15 47 27 16 39 91 82 84 94 32 14 12 9 24 29 26 20 30 36 25 32 23 28 32 10 23 33 15 15 19 19 14 14 17 16 18 18 16 19 13 14 16 20 14 20 25 15 68 75 66 33 16 15 13 27 63 77 28 19 46 34 27 63 73 68 70 66 70 80 73 72 77 65 47 30 20 12 17 11 13 10 16 17 13 11 11 12 9 6 5 6 5 14 33 30 18 41 69 74
9 7 12 11 5 10 8 7 8 8 7 7 11 9 15 9 10 14 15 8 8 10 9 5 4 6 9 11 9 9 11 10 12 12 12 8 11 8 9 9 5 10 7 7 10 7 7 7 7 8 6 6 5 6 5 8 8 6 8 7 13 11 13 10 11 8 9 7 9 10 7 8 7 6 8 6 4 3 3 9 8 6 10 10 8 7 5 12 6 5 7 6 4 7 7 10 5 8 4 6 5 2 4 6 4 4 4 5 4 4 9 11 8 10 14 6 3 5 2 1 12 14 1 6 4 5 3 11 5 16 18 2 21 9 3 5 26 5 5 19 6 7 5 1 4 3 4 1 3 2 4 0 2 2 1 9 0 1 4 6 1 1 3 5 4 4 4 3 2 1 2 2 3 3 3 5 2 7 8 4 3 4 6 5 3 8 6 2 2 3 5 6 4 4 6 6 6 9 5 5 3 4 2 4 4 7 5 4 2 3 3 5 2 4 4 1 2 0 2 2 1 2 2 3 5 4 3 6 3 13 12 19 27 25 24 24 20 20 16 11 18 28 27 18 31 24 18 13 10 12 6 7 5 3 4 8 8 7 12 11 12 15 10 3 6 6 5 10 9 8 12 22 19 21 22 19 17 20 15 16 16 10 17 14 19 23 19 15 15 18 18 18 19 12 15 13 12 13 16 13 17 8 5 8 12 8 8 4 7 7 7 7 8 18 24 6 29 44 80 65 71 58 62 68 30 16 29 35 82 75 57 12 50 63 95 96 73 85 85 84 90 46 7 12 14 13 29 9 4 9 8 7 5 11 11 9 8 6 6 7 7 7 7 11 6 7 8 7 5 10 12 11 9 9 11 12 10 12 9 12 4 5 14 24 8 32 40 46 63 43 10 12 11 21 31 19 23 31 31 29 28 27 20 18 26 17 35 22 14 16 18 16 15 16 12 12 15 15 14 19 9 12 15 14 17 16 18 33 56 28 32 19 22 16 38 28 79 58 25 13 38 10 19 61 72 61 64 76 79 78 69 74 75 73 37 17 14 21 29 18 11 14 21 14 14 11 13 8 11 7 4 6 10 19 7 6 17 33 60 75
6 5 10 9 5 8 10 7 7 8 7 9 7 7 8 11 9 11 13 9 11 11 11 10 13 7 7 11 6 11 10 12 9 10 6 5 6 7 7 4 6 8 6 7 9 6 5 4 9 6 8 3 3 4 5 5 7 7 8 10 11 10 11 10 13 12 12 9 6 9 7 9 9 7 9 6 8 7 9 7 13 6 9 6 6 7 7 13 2 6 6 5 4 5 10 9 5 7 5 4 4 3 3 7 5 4 4 4 5 3 9 9 5 14 17 3 2 2 2 4 2 14 20 2 6 5 7 4 13 4 10 17 5 18 4 3 8 3 4 11 3 7 10 6 4 6 7 4 4 1 4 4 1 2 2 15 0 1 2 2 3 3 2 4 4 4 6 4 2 2 2 3 4 4 5 6 4 2 6 5 3 3 5 4 1 3 3 3 4 4 4 5 4 4 6 4 8 8 4 4 6 5 2 3 2 4 3 3 6 5 2 2 3 3 3 5 2 0 2 2 1 2 3 4 3 3 4 3 5 19 17 18 20 19 19 22 21 18 21 14 19 15 18 15 25 18 13 20 11 9 8 6 4 6 5 11 6 6 8 7 5 9 8 6 4 2 9 7 5 6 8 11 16 17 18 16 15 20 18 18 13 8 11 12 16 14 15 15 19 20 17 20 11 9 12 6 10 11 14 13 13 9 4 7 7 8 11 7 5 8 6 10 12 3 10 10 4 6 20 17 16 12 17 16 10 10 13 10 20 16 12 5 6 7 14 9 15 18 14 18 27 15 17 9 13 6 6 6 8 6 8 6 6 5 7 11 11 8 9 9 5 5 8 10 4 5 7 8 7 7 7 10 8 7 6 6 7 7 8 1 6 9 14 53 57 51 9 7 15 13 11 5 11 18 22 14 16 31 42 45 38 15 17 22 30 23 47 38 25 21 23 14 16 17 12 13 13 16 15 13 11 13 16 12 18 18 20 19 24 18 26 16 18 13 53 45 52 29 29 24 31 16 17 26 65 54 58 67 69 67 68 70 83 56 47 22 14 18 14 21 16 11 17 13 11 7 12 10 10 8 7 8 15 5 6 7 26 46 67 73
24 6 12 12 7 11 10 5 5 9 9 10 9 7 10 11 12 9 11 13 14 14 14 14 11 9 9 11 10 8 11 5 8 11 8 10 9 6 7 8 4 7 9 6 8 8 7 3 9 11 8 6 4 5 6 6 5 5 5 9 7 8 10 12 14 14 10 7 8 7 7 7 5 5 7 6 9 10 10 12 8 4 7 9 7 5 5 5 4 7 7 9 3 7 12 6 7 8 7 4 4 2 5 5 7 5 4 4 5 3 9 7 6 12 13 4 1 1 1 5 3 1 17 12 3 4 4 4 9 13 5 11 12 31 2 4 8 4 11 8 1 5 9 3 4 7 4 5 1 1 1 4 2 1 1 19 0 2 4 1 4 5 3 5 4 3 7 4 1 1 1 2 3 3 3 4 1 2 6 4 3 3 5 4 4 4 4 3 4 3 2 4 3 3 5 4 4 3 4 8 5 4 5 4 3 1 2 4 4 2 3 2 1 2 2 1 3 4 2 1 1 1 1 2 6 4 4 3 5 20 7 16 18 17 14 15 16 15 18 19 17 13 21 11 18 22 20 15 10 4 3 4 5 3 9 9 8 8 9 8 6 6 3 2 4 5 7 6 6 8 8 8 12 11 14 16 17 20 25 18 10 4 9 9 11 4 13 10 16 13 17 7 6 13 13 8 16 23 19 17 10 4 11 9 4 7 18 5 7 9 8 9 8 8 4 11 2 10 10 11 17 18 21 20 17 13 17 14 22 14 17 23 15 10 15 24 14 18 8 12 21 16 13 13 14 12 11 9 5 3 9 5 2 4 9 10 9 5 8 7 6 6 9 6 4 5 7 7 11 8 4 4 4 6 5 6 7 7 9 8 8 10 10 33 63 4 8 8 11 7 10 10 12 9 11 13 14 16 41 51 26 17 18 23 31 24 13 22 24 22 17 14 20 19 15 14 12 15 14 14 10 8 13 14 19 15 15 15 18 24 13 15 17 18 36 62 47 17 33 26 22 20 33 43 62 63 59 73 65 67 75 62 73 31 18 18 8 14 14 12 10 11 23 17 13 10 14 8 8 8 6 4 16 13 7 17 9 37 61 66
17 12 12 11 6 13 7 4 7 6 8 5 5 7 9 6 10 8 8 13 14 17 12 7 6 9 10 10 11 7 10 8 8 12 11 5 5 5 8 6 5 7 8 6 8 8 8 7 8 9 6 4 4 6 5 5 4 4 5 9 5 10 9 13 13 12 10 6 5 7 6 9 6 4 6 7 17 16 15 8 5 4 6 6 9 6 6 7 6 8 6 5 5 6 7 6 4 5 4 3 2 3 5 3 3 4 4 6 4 6 6 7 6 12 10 7 4 1 3 3 4 4 3 15 5 6 3 6 0 19 3 3 11 28 11 1 11 5 11 3 2 5 8 2 3 4 13 1 0 0 1 9 1 0 3 9 1 0 4 4 3 5 3 4 4 3 4 3 0 2 3 2 1 4 5 4 5 1 4 3 3 5 4 2 2 4 3 3 4 3 3 5 3 2 4 3 4 3 6 8 2 3 4 4 3 1 1 3 1 3 1 3 3 1 1 1 3 2 3 1 4 4 1 2 1 1 3 1 20 19 4 13 16 17 18 19 12 9 19 20 14 13 14 19 14 16 18 15 12 5 7 6 6 3 9 7 4 8 6 6 6 5 6 6 7 5 4 5 4 6 8 5 13 8 10 15 14 14 11 14 13 11 7 6 6 5 11 13 12 10 11 6 8 18 21 17 15 16 18 12 6 9 15 9 10 8 7 8 8 5 7 1 4 3 6 7 6 4 6 6 8 6 13 13 16 18 16 17 14 16 10 11 17 19 19 17 13 20 9 13 13 11 10 13 14 17 17 12 7 4 6 6 6 7 6 6 4 5 4 7 8 8 8 4 6 4 8 5 8 5 7 5 7 5 6 8 10 7 6 5 9 6 7 9 3 4 6 8 8 10 7 8 8 8 7 18 19 16 16 21 38 34 22 23 19 17 16 19 15 16 15 13 19 12 16 12 15 14 11 14 12 11 12 13 11 15 20 20 27 18 12 17 12 12 24 30 15 23 13 26 22 30 27 19 46 40 40 55 72 73 68 56 37 23 14 9 5 11 10 10 14 13 8 6 10 9 11 11 11 10 3 4 3 12 17 29 8 42 45 76
13 17 18 7 12 11 10 6 9 5 7 7 7 7 11 7 6 7 7 10 11 13 11 8 9 6 9 10 10 7 10 5 7 9 10 9 6 6 6 3 6 6 7 6 8 8 6 3 7 8 6 4 4 5 5 5 4 6 2 5 8 9 10 9 8 7 10 8 5 5 6 10 6 6 7 14 13 14 7 8 10 8 4 6 4 5 5 5 5 6 2 7 6 7 9 6 2 3 8 5 6 4 15 5 5 7 9 5 4 5 4 4 9 11 8 3 4 4 0 0 1 2 3 4 12 3 5 6 4 10 11 2 2 2 18 5 12 15 4 1 0 3 12 1 1 3 8 1 3 2 1 15 0 0 5 6 2 2 2 3 3 4 4 4 4 2 2 3 2 2 2 3 2 2 5 2 1 2 5 2 1 3 4 3 2 4 4 3 2 4 5 4 1 3 5 3 1 4 3 3 4 4 4 3 3 2 2 3 1 5 3 3 3 4 3 2 1 1 1 0 3 3 1 2 1 2 3 2 21 5 10 11 16 18 19 21 14 6 14 15 14 16 16 13 12 12 10 4 7 8 8 6 8 7 3 5 4 10 5 5 6 6 6 6 4 4 8 5 5 3 7 11 18 19 18 11 10 9 8 9 7 8 4 6 6 6 6 9 10 7 7 5 13 15 13 10 13 14 16 12 4 5 4 4 4 4 3 3 3 7 2 6 5 5 6 4 5 3 8 4 4 6 11 14 17 16 20 17 17 16 16 12 8 9 14 15 22 25 12 8 16 16 18 22 15 15 11 11 9 9 7 4 7 10 10 10 5 7 9 6 6 5 8 5 6 6 7 8 6 3 5 5 6 4 3 6 9 4 4 4 7 5 6 13 10 6 7 6 8 8 8 4 5 6 7 13 10 7 6 10 32 33 23 22 18 14 22 28 20 18 16 16 19 12 20 12 12 18 14 16 18 16 14 13 18 18 19 21 23 20 15 21 11 15 26 24 16 14 14 21 15 9 13 21 63 39 57 71 67 81 80 41 11 15 16 8 6 11 11 6 8 12 18 11 9 10 13 10 12 9 6 5 6 2 25 27 19 22 16 75
13 30 25 10 6 15 9 4 9 8 9 7 10 9 11 9 10 10 7 7 8 8 8 7 8 6 9 9 9 5 7 9 8 9 10 11 7 8 6 4 5 4 6 4 11 8 6 7 5 8 6 6 4 6 6 7 9 5 7 7 6 9 9 16 11 13 11 11 10 7 7 8 7 6 11 15 14 9 6 5 4 5 12 11 5 5 5 5 4 6 6 10 15 8 7 6 5 4 7 4 6 7 7 6 4 3 5 4 6 6 5 4 4 7 7 3 3 9 6 3 5 2 2 3 8 10 4 4 4 2 13 1 0 0 5 12 12 8 1 1 1 2 6 8 5 4 1 2 1 2 5 11 3 0 4 5 2 3 2 4 0 2 5 3 4 4 2 2 3 2 2 3 4 3 5 2 3 5 5 2 3 3 4 5 2 5 4 4 2 2 2 4 0 3 3 3 4 7 5 4 4 2 8 4 3 4 4 3 3 3 3 4 3 5 4 1 2 3 2 1 2 1 1 1 5 3 2 4 14 5 2 2 13 11 9 9 8 9 8 20 24 24 23 15 16 13 10 6 7 10 9 5 6 8 3 5 5 4 6 6 5 7 4 4 3 4 6 4 4 3 7 10 6 15 14 7 9 6 8 7 5 5 6 4 4 4 3 4 7 12 8 4 9 11 9 17 16 10 9 8 6 3 6 5 5 4 4 4 6 24 21 8 8 11 11 4 4 7 5 6 7 10 12 16 17 21 20 16 12 16 21 19 22 22 16 18 18 19 22 17 14 23 30 22 19 18 17 10 11 9 11 16 10 10 7 17 8 6 9 7 6 5 9 6 3 8 8 6 7 6 5 5 6 5 6 9 6 5 8 5 6 5 6 7 7 5 6 5 7 10 6 5 6 5 7 8 4 12 10 16 84 5 34 24 21 14 19 29 25 20 21 20 19 20 19 16 17 15 17 16 19 20 17 17 22 18 27 25 28 22 14 15 13 14 17 26 12 8 16 15 17 8 12 19 55 40 49 30 56 48 46 34 13 11 11 7 7 12 13 15 14 15 17 6 5 4 10 8 16 10 7 3 4 6 18 24 10 19 25 81
17 25 23 8 12 14 7 9 11 5 6 6 9 10 7 7 12 10 7 6 9 7 8 8 12 13 11 8 14 15 11 15 14 12 8 5 4 7 5 5 7 6 9 4 8 10 9 7 8 9 7 5 5 7 7 9 7 3 4 9 8 10 14 14 14 12 20 15 7 6 8 9 10 11 12 15 9 6 5 5 8 15 15 10 6 4 3 4 5 6 9 7 11 5 8 8 5 4 5 7 8 5 6 3 3 5 4 6 5 6 5 5 7 7 8 3 6 4 5 4 4 2 1 4 4 12 4 4 3 2 9 3 1 2 4 7 22 11 6 1 1 3 4 1 7 9 2 3 1 1 10 3 2 1 4 2 4 3 2 2 4 5 6 2 2 6 4 3 1 3 3 3 2 4 4 3 2 4 4 2 3 3 3 3 3 5 4 4 4 6 5 3 3 5 4 5 4 4 5 3 4 6 5 5 4 4 4 4 1 2 3 2 3 4 3 1 2 3 1 2 1 0 5 5 5 7 3 1 1 6 9 5 8 12 10 3 7 13 7 22 30 27 26 19 16 17 15 9 7 8 13 10 17 6 8 5 5 6 5 4 4 8 6 6 7 7 3 6 6 4 9 14 9 17 11 11 11 6 10 8 6 8 5 4 5 4 7 5 16 24 8 6 9 4 5 8 12 10 12 9 4 7 5 4 8 5 5 9 10 12 23 13 10 9 8 6 8 6 6 6 8 9 11 13 15 13 14 19 14 21 18 18 9 12 14 18 19 22 22 20 24 28 21 15 9 13 13 13 12 11 12 20 20 8 5 8 7 7 8 6 9 7 12 8 6 8 9 7 4 7 7 5 4 5 5 5 5 3 9 7 14 5 6 5 5 10 8 9 8 9 8 7 5 4 8 9 10 15 14 8 71 16 17 44 20 16 26 24 20 25 15 22 22 25 21 18 23 16 16 24 22 23 16 15 19 22 33 30 36 25 19 17 17 17 16 17 14 14 20 16 14 16 16 9 12 11 25 25 33 26 13 16 17 14 12 8 6 15 11 12 8 10 9 11 10 14 20 12 11 9 8 7 5 8 8 8 6 21 33 66
LH 19832
2 1
1 293
2 1
1 21
2 1
1 28
2 1
1 50
2 1
1 84
2 1
1 2
2 1
1 205
2 1
1 273
2 1
1 103
2 1
1 375
2 1
1 288
2 1
1 190
2 1
1 111
2 1
1 1520
2 1
1 880
2 1
1 6
2 1
1 10
2 1
1 66
2 1
1 395
2 1
1 6
2 1
1 471
2 1
1 11
2 1
1 180
2 1
1 265
2 1
1 167
2 1
1 410
2 1
1 432
2 1
1 46
2 1
1 56
2 1
1 315
2 1
1 62
2 1
1 3
2 1
1 11
2 1
1 467
2 2
1 2
2 1
1 6
2 1
1 413
2 1
1 59
2 1
1 6
2 1
1 88
2 1
1 386
2 1
1 6
2 1
1 479
2 1
1 487
2 1
1 362
2 1
1 8635
2 1
1 52
2 1
1 847
2 1
1 757
2 1
1 470
2 1
1 493
2 1
1 480
2 1
1 462
2 1
1 16
2 1
1 465
2 1
1 389
2 1
1 69
2 1
1 12
2 1
1 4
2 1
1 390
2 1
1 1
2 1
1 8
2 1
1 72
2 2
1 327
2 1
1 66
2 1
1 7
2 1
1 95
2 1
1 291
2 1
1 16
2 1
1 66
2 2
1 11
2 1
1 51
2 2
1 22
2 1
1 2
2 1
1 12
2 1
1 370
2 1
1 68
2 1
1 3
2 1
1 448
2 1
1 25
2 1
1 4
2 2
1 17
2 2
1 4
2 1
1 381
2 1
1 41
2 1
1 7
2 1
1 14
2 1
1 3
2 1
1 2
2 1
1 1
2 1
1 16
2 1
1 2
2 1
1 3
2 2
1 281
2 1
1 99
2 1
1 28
2 1
1 2
2 1
1 4
2 1
1 16
2 1
1 13
2 1
1 2
2 1
1 1
2 1
1 5
2 1
1 17
2 1
1 383
2 1
1 72
2 1
1 4
2 1
1 16
2 1
1 1
2 1
1 5
2 1
1 196
2 1
1 179
2 1
1 66
2 1
1 19
2 1
1 1
2 1
1 7
2 1
1 5
2 1
1 375
2 1
1 64
2 1
1 22
2 1
1 8
2 1
1 1
2 1
1 3
2 1
1 304
2 1
1 68
2 1
1 1
2 2
1 73
2 1
1 13
2 2
1 7
2 2
1 4
2 1
1 304
2 1
1 70
2 1
1 54
2 1
1 33
2 2
1 5
2 1
1 1
2 1
1 5
2 2
1 8
2 1
1 326
2 1
1 38
2 1
1 88
2 3
1 4
2 1
1 7
2 1
1 336
2 1
1 33
2 1
1 1
2 2
1 91
2 2
1 5
2 1
1 6
2 1
1 243
2 1
1 125
2 1
1 93
2 2
1 7
2 1
1 6
2 3
1 339
2 1
1 29
2 1
1 2
2 1
1 88
2 2
1 15
2 1
1 231
2 1
1 11
2 1
1 93
2 1
1 26
2 1
1 5
2 1
1 92
2 1
1 259
2 1
1 109
2 1
1 109
2 1
1 249
2 1
1 11
2 1
1 12
2 1
1 10
2 1
1 4
2 1
1 27
2 1
1 19
2 1
1 38
2 1
1 101
2 1
1 249
2 1
1 35
2 1
1 73
2 1
1 13
2 1
1 3
2 1
1 101
2 2
1 261
2 1
1 23
2 1
1 71
2 1
1 21
2 1
1 382
2 1
1 74
2 1
1 9
2 1
1 3
2 1
1 7
2 1
1 362
2 1
1 108
2 3
1 356
2 1
1 87
2 1
1 406
2 1
1 21
2 1
1 65
2 1
1 28
2 1
1 370
2 1
1 62
2 1
1 45
2 1
1 338
2 1
1 93
2 1
1 205
2 1
1 186
2 1
1 57
2 1
1 28
2 1
1 418
2 1
1 59
2 1
1 395
2 1
1 10
2 1
1 12
2 1
1 58
2 1
1 408
2 1
1 70
2 1
1 408
2 1
1 12
2 1
1 42
2 1
1 14
2 1
1 421
2 1
1 15
2 1
1 54
2 1
1 427
2 2
1 20
2 1
1 405
2 1
1 73
2 1
1 177
2 1
1 316
2 1
1 16
2 1
1 144
2 1
1 301
2 1
1 32
2 1
1 143
2 1
1 2
2 1
1 243
2 1
1 17
2 1
1 213
2 1
1 2
2 2
1 370
2 1
1 107
2 1
1 5
0 1
1 470
2 3
1 269
2 1
1 92
2 1
1 110
2 1
1 4
2 1
1 7
2 1
1 262
2 1
1 92
2 1
1 11
2 1
1 101
2 2
1 6
2 1
1 18
2 1
1 4
2 2
1 217
2 1
1 21
2 1
1 91
2 1
1 110
2 1
1 2
2 2
1 3
2 1
1 3
2 1
1 18
2 1
1 2
2 1
1 173
2 1
1 173
2 1
1 71
2 1
1 22
2 1
1 1
2 1
1 3
2 2
1 4
2 1
1 6
0 1
1 9
2 2
1 1
0 1
2 2
1 2
2 1
1 1
0 1
2 2
1 3
2 1
1 433
2 1
1 1
2 2
1 3
2 2
1 6
2 1
1 4
0 1
1 8
2 2
1 3
2 1
0 1
1 1
2 1
1 3
2 1
1 2
2 1
1 219
2 1
1 26
2 1
1 188
2 1
1 2
2 1
1 2
2 2
1 17
2 1
1 3
2 1
1 2
2 1
1 1
2 1
1 1
2 1
1 8
2 1
1 1
2 1
1 429
2 1
1 8
2 2
1 1
2 1
1 1
2 1
1 13
2 1
1 1
2 1
1 1
2 2
1 2
2 2
1 5
2 1
1 8
2 1
1 212
2 1
1 46
2 1
1 166
2 1
1 5
2 1
1 1
2 1
1 2
2 2
1 3
2 1
1 3
2 1
1 7
2 1
1 2
2 1
1 1
2 2
1 2
2 1
1 8
2 1
1 1
2 1
1 3
2 1
1 5
2 1
1 420
2 2
1 3
2 2
1 2
2 1
1 2
2 1
1 4
2 1
1 2
2 2
1 4
2 1
0 1
2 1
1 1
2 1
1 2
2 2
1 2
2 1
1 8
0 1
1 1
2 1
1 1
2 1
1 4
2 1
1 3
2 1
1 256
2 1
1 163
3 1
1 3
2 1
1 1
2 1
1 13
2 1
1 6
2 2
1 1
2 1
1 1
2 2
1 3
2 1
1 4
2 1
1 4
2 2
1 4
2 1
1 1
2 1
1 2
2 1
1 217
2 1
1 8
2 1
1 4
2 1
1 124
2 1
1 21
2 1
1 41
2 2
1 1
0 1
2 1
1 2
2 1
1 4
2 2
1 6
2 2
1 5
2 1
1 2
2 1
1 2
2 1
1 4
2 1
1 3
2 1
1 6
2 1
1 4
2 1
1 385
2 1
1 39
3 1
1 2
2 1
1 8
2 2
1 6
2 2
1 2
2 1
1 1
2 1
1 3
2 1
1 2
2 1
1 7
2 2
1 12
2 1
1 384
2 1
1 39
3 1
1 11
2 2
1 5
2 1
1 3
2 1
1 1
2 1
1 2
2 1
1 1
2 2
1 1
2 1
1 1
2 2
1 6
2 1
1 5
2 1
1 2
2 1
1 325
2 1
1 60
2 1
1 9
2 1
1 30
3 1
2 1
1 9
2 1
1 1
2 1
1 3
2 1
1 2
2 1
1 2
0 1
2 1
1 1
2 1
1 1
2 1
1 2
2 2
1 3
2 1
1 4
2 2
1 6
2 1
1 5
2 1
1 2
2 1
1 357
2 1
1 29
2 1
1 2
2 1
1 1
2 1
1 21
2 1
1 5
3 1
1 3
0 1
2 1
1 6
2 1
1 1
2 1
1 6
2 1
1 4
2 2
1 2
2 1
0 1
2 1
1 2
2 1
1 2
2 1
1 2
2 1
1 10
2 1
1 2
2 2
1 6
2 2
1 3
2 1
1 149
2 1
1 91
2 1
1 74
2 1
1 24
2 1
1 36
2 1
1 7
2 1
0 1
1 17
3 1
2 1
0 1
2 1
1 2
2 2
1 3
2 1
1 6
2 1
1 6
2 2
1 3
2 1
1 2
2 1
1 2
2 1
1 1
2 1
1 1
2 1
1 1
2 1
1 3
2 1
1 1
2 1
1 1
2 1
1 1
2 1
1 2
2 1
1 6
2 1
1 14
2 1
1 238
2 1
1 43
2 1
1 91
2 1
1 2
2 2
1 5
2 1
0 1
1 15
3 1
1 5
2 1
1 6
2 2
1 5
2 1
1 9
2 1
1 1
2 1
1 5
2 1
1 10
2 1
1 2
2 1
1 4
2 1
1 1
2 1
1 1
2 1
1 4
2 1
1 3
2 1
1 3
2 1
1 3
2 1
1 292
2 1
1 81
2 1
1 2
2 1
1 2
2 1
1 3
2 1
0 1
2 1
1 14
3 1
1 4
0 1
2 2
1 3
2 1
1 1
2 1
1 24
2 2
1 3
2 1
1 3
2 1
1 2
2 1
1 4
2 2
1 3
2 1
1 3
2 1
1 1
2 1
1 5
2 1
1 151
2 1
1 226
2 1
1 1
2 1
1 1
2 1
1 4
2 2
1 1
2 1
1 15
2 1
1 6
2 1
1 5
2 1
1 1
2 1
1 1
2 1
1 2
2 1
1 2
2 2
1 2
2 1
1 9
2 1
1 3
2 1
1 4
2 1
1 1
2 1
1 1
2 1
1 6
2 1
1 3
2 1
1 2
2 2
1 5
2 1
1 1
2 2
1 2
2 1
1 131
2 1
1 241
2 1
1 5
2 1
1 4
2 1
1 1
2 1
1 1
0 2
1 12
2 1
1 4
0 1
3 1
2 1
1 3
2 1
1 1
2 1
1 1
2 1
1 2
2 1
1 4
2 2
1 1
2 1
1 5
2 1
1 5
2 1
1 6
2 1
1 2
2 1
1 1
2 1
1 1
2 1
1 5
2 1
1 3
2 1
1 5
2 1
1 5
2 1
1 1
2 1
1 148
2 1
1 225
2 1
1 2
2 1
0 1
2 1
1 3
2 1
1 6
0 1
1 11
3 1
1 6
2 2
0 1
2 1
1 1
2 1
1 1
2 3
1 7
2 1
1 1
0 1
2 1
1 4
2 1
1 1
2 2
1 2
2 1
1 3
0 1
2 1
1 2
2 1
1 1
2 1
1 10
2 1
1 4
2 1
1 1
2 1
1 9
2 1
1 1
2 1
1 130
2 1
1 240
2 2
1 2
2 1
1 5
2 2
1 2
2 1
1 4
2 1
1 1
0 1
1 7
2 2
1 6
2 1
1 2
0 1
2 2
1 2
3 1
1 14
2 1
1 2
2 1
1 2
2 2
1 1
2 1
1 3
2 1
1 1
2 2
1 4
2 1
1 1
2 2
1 1
2 1
1 1
2 1
1 7
2 1
1 6
2 2
1 1
2 1
1 3
2 1
1 2
2 1
1 125
2 1
1 203
2 1
1 36
3 1
1 3
2 1
1 3
2 2
1 2
2 1
1 6
2 1
1 1
0 1
2 1
1 5
2 3
1 6
2 2
1 3
3 1
1 2
2 1
1 11
2 1
1 2
3 1
1 5
2 1
1 2
2 1
1 2
2 2
1 6
2 1
1 2
2 2
1 2
2 1
1 1
2 1
1 6
2 1
1 7
2 1
1 3
2 2
1 2
2 2
1 120
2 1
1 192
2 1
1 1
2 1
1 13
2 1
1 36
3 1
0 1
1 1
2 1
1 4
2 1
1 3
2 1
1 4
2 1
1 6
2 1
1 2
0 1
3 1
1 2
2 1
1 3
2 1
1 1
2 1
1 2
2 1
1 1
2 1
1 2
2 1
1 7
2 1
1 2
2 1
1 3
2 1
1 11
2 2
1 9
2 1
1 3
2 1
1 3
2 2
1 3
2 1
1 7
2 3
1 2
2 1
1 1
2 3
1 119
2 1
1 4
2 1
1 6
2 1
1 181
3 1
1 2
0 1
1 10
2 4
1 1
2 1
0 1
2 1
1 31
2 1
1 1
2 1
1 1
2 1
1 5
2 1
1 5
2 1
1 4
2 2
1 2
2 2
1 1
2 1
1 5
2 2
1 2
2 1
1 6
2 1
1 4
2 3
1 3
2 1
1 1
2 1
1 14
2 2
1 6
2 1
1 3
2 1
1 5
2 1
1 1
2 1
1 3
2 1
1 5
2 1
1 1
2 1
1 5
2 2
1 119
2 1
1 5
2 1
1 186
2 1
1 1
2 1
1 2
2 1
0 1
2 1
1 2
2 1
1 5
3 1
1 1
2 1
1 2
2 1
1 1
0 1
1 29
2 1
1 3
2 2
1 3
0 1
2 2
1 5
2 2
1 4
2 1
1 1
2 1
1 1
2 1
1 4
2 1
1 2
2 1
1 1
2 1
1 2
2 1
1 1
2 1
1 2
2 1
0 1
1 3
2 1
1 3
2 2
1 1
2 3
1 9
0 1
2 1
1 4
2 1
1 1
2 1
1 4
2 1
1 2
2 1
1 4
2 1
1 7
2 1
1 3
2 1
1 1
2 1
1 1
2 1
1 2
2 1
1 1
2 1
1 1
2 1
1 126
2 1
1 186
3 1
1 4
2 1
1 3
2 1
1 5
3 1
1 5
2 1
1 1
0 1
1 28
2 1
1 1
2 1
0 1
1 1
2 1
1 5
2 2
1 3
2 1
1 2
2 1
1 3
2 1
1 2
2 1
1 2
2 1
1 1
2 1
1 1
2 1
0 1
1 1
2 1
0 1
2 1
1 1
2 1
1 9
2 1
1 3
2 1
1 2
2 1
1 8
2 1
1 11
2 1
1 7
2 1
1 1
0 1
2 1
1 3
2 1
1 4
2 1
1 4
2 1
1 6
0 1
2 1
1 1
2 1
1 5
2 2
1 1
2 1
1 102
2 1
1 7
2 1
1 11
2 1
1 3
2 1
1 178
2 1
1 5
2 1
1 1
2 1
1 2
2 1
1 1
2 1
1 5
2 1
1 6
2 1
1 24
2 3
1 2
2 2
1 6
2 1
1 4
2 1
1 1
2 1
1 1
2 1
1 7
2 1
1 14
2 1
1 2
2 2
1 1
2 1
1 3
2 1
1 1
2 1
1 9
2 1
1 9
2 1
1 1
2 1
1 2
2 1
1 1
2 1
1 3
2 1
1 1
2 1
1 7
2 2
1 1
2 1
0 1
1 3
2 1
1 3
2 1
1 3
2 1
1 1
2 1
1 1
2 1
1 1
2 1
1 3
2 1
1 108
2 1
1 28
2 1
1 165
2 2
1 3
2 1
1 1
2 1
1 2
2 1
1 9
2 1
1 1
2 1
0 1
2 1
1 1
0 1
1 1
2 1
1 22
2 3
1 2
2 3
1 11
2 1
1 2
2 1
1 4
2 1
1 6
2 1
1 2
2 1
1 8
2 1
1 1
2 2
1 1
0 1
2 1
1 3
2 1
1 9
2 1
0 1
2 1
1 11
2 1
1 3
2 1
1 5
2 1
1 2
2 1
1 5
2 1
1 3
0 1
1 1
2 1
1 5
2 1
1 2
2 1
0 1
2 1
1 1
2 1
1 1
2 1
1 5
2 1
1 98
2 1
1 8
2 1
1 28
2 1
1 164
2 1
1 2
2 1
1 2
2 1
1 1
2 1
1 15
2 1
1 1
2 1
1 25
3 1
1 5
2 1
1 2
2 1
1 3
2 1
1 2
2 3
1 1
2 1
1 1
2 1
1 4
2 1
1 9
2 1
1 8
2 2
1 1
2 1
1 5
2 1
0 1
2 2
1 5
2 1
1 2
2 2
1 1
2 1
1 6
2 1
1 1
2 2
1 5
2 1
1 12
2 2
1 2
2 1
1 5
2 1
1 6
2 2
1 6
2 1
1 1
2 1
1 1
0 1
2 1
1 95
2 1
1 16
2 1
1 184
2 1
1 7
2 1
1 3
2 1
1 8
2 1
1 4
2 2
1 2
0 1
2 1
1 20
2 1
1 5
2 2
1 1
2 1
1 3
2 1
1 1
2 1
1 2
2 3
1 3
2 1
1 3
2 1
1 9
2 1
1 4
2 1
0 1
1 1
2 2
1 2
0 1
2 1
1 6
2 1
1 5
2 1
1 2
2 1
1 4
2 3
0 1
1 1
2 1
1 12
2 1
1 1
2 1
1 6
2 2
1 3
2 1
1 1
2 1
1 6
2 1
1 1
0 1
2 1
1 2
2 2
1 1
2 1
1 2
2 3
1 114
2 1
1 19
2 1
1 165
3 1
1 1
2 1
1 1
2 1
1 7
2 1
1 1
2 1
1 6
2 1
1 3
2 2
1 3
2 1
1 20
3 1
1 6
2 1
1 3
2 1
1 6
2 2
1 11
2 1
1 7
2 1
1 3
2 1
1 3
2 1
1 10
2 1
1 1
2 1
1 7
2 2
1 1
2 1
0 1
2 1
1 5
2 1
1 20
2 1
1 3
2 1
1 2
2 1
1 5
2 4
1 5
2 1
1 4
2 2
1 116
2 1
1 3
2 1
1 178
2 1
1 1
0 1
1 1
2 1
1 1
2 1
1 4
2 1
1 1
2 1
1 2
2 1
1 7
2 1
0 1
2 1
1 2
2 1
1 1
2 1
1 2
2 1
1 7
2 1
1 4
2 1
1 3
2 1
1 1
0 1
3 1
1 1
2 1
1 1
2 1
1 9
2 2
1 12
2 1
1 7
2 1
1 3
2 1
1 3
2 1
0 1
1 1
2 1
1 4
2 1
1 5
2 1
1 6
2 1
1 3
2 1
1 7
2 1
1 2
2 1
1 3
2 1
1 2
2 2
1 6
2 1
1 1
2 1
1 3
2 1
1 2
2 1
1 3
2 1
1 1
2 1
1 6
2 1
1 7
2 3
1 3
2 1
1 90
2 1
1 21
2 1
1 2
2 1
1 178
2 1
1 2
2 1
1 2
2 1
1 9
2 1
1 5
0 1
1 2
2 2
1 1
2 1
1 1
2 1
1 2
2 1
0 1
2 1
1 4
2 2
1 4
2 1
1 2
2 3
1 2
2 1
1 1
2 1
1 8
2 1
1 1
2 2
1 13
2 1
1 6
2 1
1 1
2 1
1 3
2 1
1 1
2 1
1 4
2 1
1 3
2 1
1 1
2 1
1 7
2 1
1 1
2 1
3 1
1 2
2 1
1 3
2 1
1 2
2 1
1 1
2 1
1 6
2 1
1 1
2 2
1 7
2 1
1 2
2 1
1 2
2 2
1 1
2 2
0 1
1 1
2 1
0 1
2 1
1 2
2 1
1 4
2 1
1 1
2 1
1 4
2 1
1 1
2 2
1 3
2 1
1 89
2 1
1 16
2 1
1 4
2 1
1 180
3 1
0 1
2 1
1 1
3 1
1 1
2 1
1 2
2 1
1 7
2 1
1 8
2 1
1 1
2 1
1 1
2 1
1 2
2 1
1 1
2 2
1 4
2 2
1 4
2 2
1 1
2 1
1 1
2 1
1 10
2 1
1 2
2 3
1 13
0 1
2 1
1 5
2 1
1 2
2 1
1 7
2 1
1 2
2 1
1 5
2 1
1 3
2 2
1 1
2 1
1 4
2 1
1 1
2 1
1 1
2 1
1 7
2 1
1 1
2 1
1 1
2 1
1 1
2 1
1 1
2 1
1 7
2 1
1 6
2 1
1 2
2 1
1 2
2 1
1 1
2 1
1 5
2 1
1 1
2 1
1 2
2 1
1 7
2 2
1 5
2 1
1 103
2 1
1 3
2 2
1 180
2 1
1 1
2 1
1 1
2 1
1 3
2 1
1 1
2 1
1 2
2 1
1 1
2 1
1 3
2 1
1 3
2 3
1 12
2 3
1 1
2 1
1 6
2 1
1 2
2 1
1 1
2 1
1 4
2 1
1 2
2 1
1 2
2 4
1 13
0 1
2 2
1 5
2 2
1 5
2 1
1 1
2 3
1 6
2 1
1 1
2 1
1 3
2 2
0 1
1 1
2 1
1 3
2 3
1 10
2 1
1 2
2 1
1 1
2 1
1 6
2 1
1 1
2 1
1 12
2 2
1 2
2 1
1 2
2 1
1 3
2 1
1 1
2 1
1 6
2 2
1 2
2 1
1 89
2 1
1 8
2 1
1 14
2 1
1 177
2 1
1 4
0 1
2 1
0 1
1 1
2 1
1 5
2 1
1 5
2 1
1 6
2 1
1 8
2 1
1 3
2 1
1 1
2 1
1 1
2 1
1 3
2 2
1 2
2 1
1 5
2 1
1 2
2 1
1 3
2 3
1 15
0 1
1 1
2 1
1 2
2 1
1 2
2 1
1 7
2 1
1 2
2 2
1 5
2 1
1 5
2 1
1 2
2 1
1 2
2 1
1 1
2 1
1 1
2 1
1 1
2 1
1 3
2 2
0 1
2 1
1 8
2 1
1 3
2 1
1 2
2 1
1 5
2 1
1 1
2 1
1 1
2 1
1 1
2 1
1 1
2 1
1 1
2 1
1 2
2 2
1 2
2 1
1 2
2 1
1 3
0 1
2 1
1 4
2 1
1 2
2 1
1 1
2 1
1 1
2 2
1 81
2 1
1 5
2 1
1 3
2 1
1 5
2 1
1 7
2 1
1 82
2 2
1 91
2 1
1 2
3 1
1 4
2 1
1 2
2 1
1 1
2 1
1 7
2 1
1 5
2 1
1 5
2 2
1 3
0 1
2 1
1 1
2 1
1 5
2 1
1 6
2 1
1 2
2 1
1 3
2 1
1 3
0 1
3 1
1 4
2 2
1 1
2 1
1 11
2 1
1 1
2 1
1 3
2 1
1 5
2 2
1 1
2 1
0 1
2 1
1 4
2 1
1 2
2 1
1 2
2 1
1 13
2 1
1 4
2 2
1 1
2 1
1 4
2 1
1 2
2 1
1 2
2 1
1 1
2 1
1 1
2 1
1 8
2 1
1 6
2 1
1 1
2 1
1 1
2 1
1 4
2 1
1 4
2 1
1 1
2 1
1 6
2 1
1 1
2 1
1 4
2 1
1 2
2 1
1 84
2 1
1 8
2 1
1 3
2 1
1 11
2 1
1 76
2 1
1 1
2 1
1 46
2 1
1 42
2 1
3 1
0 1
2 2
1 3
2 1
1 9
2 1
1 1
2 1
0 1
2 2
1 3
0 1
2 2
1 5
2 1
1 4
2 1
1 1
2 1
1 2
2 1
1 2
2 2
1 2
2 1
1 5
2 1
1 3
2 3
1 1
0 1
2 1
1 7
2 1
1 12
2 1
1 11
2 1
1 1
2 1
1 1
2 1
1 5
2 1
1 3
2 1
1 5
2 1
1 1
2 1
1 1
2 1
1 1
2 2
1 1
2 2
1 2
2 1
1 1
2 1
1 5
2 1
1 1
2 1
1 1
2 1
1 4
2 2
1 3
2 1
1 4
2 1
1 2
2 1
1 1
2 3
1 9
2 1
1 13
2 1
1 86
2 1
1 2
2 1
1 10
2 1
1 5
2 1
1 4
2 1
1 79
2 1
1 2
2 1
1 3
2 1
1 46
2 2
1 1
2 1
1 26
2 2
1 1
2 1
1 7
2 2
0 1
1 1
2 1
1 1
2 1
1 4
2 1
1 4
2 1
1 4
0 1
2 1
1 1
2 1
1 1
2 1
0 1
2 1
1 1
0 1
1 8
2 1
1 2
2 1
1 4
2 1
1 1
2 1
1 2
2 1
1 1
2 1
1 9
3 1
1 2
2 1
1 22
2 1
1 2
2 1
1 5
2 1
1 1
2 1
1 1
2 1
1 2
2 1
1 1
2 1
1 7
2 1
1 4
2 1
1 2
2 1
1 3
2 2
1 1
2 1
1 1
2 1
1 7
2 1
1 2
2 1
1 1
2 1
1 2
2 1
1 2
2 1
1 4
2 1
1 2
2 1
1 4
2 2
1 1
2 1
1 8
2 1
1 1
2 1
1 98
2 1
1 22
2 1
1 82
2 1
1 3
2 2
1 3
2 1
1 43
2 1
1 2
2 1
1 27
2 1
1 1
2 1
1 9
2 1
1 4
2 1
1 2
2 1
1 1
0 1
2 1
1 9
2 2
1 3
2 1
1 1
2 1
1 8
2 1
1 11
2 1
1 2
2 1
1 1
2 1
1 6
2 1
1 6
3 1
1 23
2 1
1 6
2 2
1 1
2 2
1 3
2 1
1 1
2 1
1 2
2 1
1 1
2 1
1 1
3 1
0 1
2 1
1 7
2 1
1 1
2 1
1 1
2 1
1 1
0 1
2 2
1 3
2 1
1 7
2 1
1 18
2 1
1 1
2 1
1 6
2 2
1 1
2 1
1 99
2 1
1 28
2 1
1 76
2 1
1 2
2 1
1 1
2 2
0 1
1 3
2 1
1 4
2 1
1 37
2 1
1 3
2 1
1 1
2 1
1 22
3 1
1 2
2 1
1 5
2 1
0 1
1 2
2 1
1 1
2 1
1 1
0 1
1 1
2 1
1 2
2 1
1 2
2 1
1 10
2 1
1 4
2 1
1 3
0 1
2 1
1 9
2 2
1 2
2 1
1 1
2 1
1 3
2 1
1 1
2 1
1 4
2 1
0 1
2 1
1 1
2 1
1 1
2 1
1 1
0 1
2 1
1 4
2 3
1 13
2 2
1 7
2 1
1 3
2 3
1 4
2 1
1 6
2 1
1 7
2 3
1 3
2 1
1 3
2 2
1 5
2 1
1 8
2 3
1 2
0 1
2 1
1 5
2 1
1 1
2 1
1 1
2 1
1 109
2 1
1 29
2 1
1 84
2 2
1 3
2 1
1 4
2 1
1 34
2 1
1 4
2 1
1 1
2 1
1 22
2 1
1 1
2 1
1 1
2 1
1 3
0 1
2 1
1 1
0 1
2 2
1 1
2 1
1 2
2 1
1 2
3 1
0 1
2 1
1 3
2 1
1 4
2 1
1 8
2 1
1 1
2 1
1 1
2 1
1 6
2 1
1 1
2 1
1 1
2 2
1 1
3 1
1 5
2 2
1 4
2 1
1 2
0 1
2 1
1 2
2 1
1 3
2 2
1 1
2 1
1 1
2 1
1 18
2 1
1 13
2 1
1 2
2 3
1 3
2 1
1 1
2 2
1 2
2 1
1 3
2 2
1 13
2 1
1 6
2 1
1 1
2 1
1 1
2 1
1 4
2 1
1 8
2 1
1 2
2 1
1 96
2 1
1 10
2 1
1 103
2 1
1 7
2 1
0 1
2 1
1 4
2 1
1 4
2 2
1 33
2 1
1 1
2 1
0 1
2 1
1 2
2 1
1 1
2 1
1 20
2 1
1 5
2 1
1 3
0 1
2 1
1 4
2 1
1 1
2 1
1 2
3 1
1 1
2 1
1 4
2 1
1 2
3 1
1 8
2 1
1 1
2 2
1 1
2 2
1 2
2 2
1 4
2 2
1 3
2 1
1 1
2 1
1 3
2 1
1 2
2 1
1 4
0 1
1 1
2 2
1 1
2 1
1 3
2 1
1 3
2 2
1 13
2 1
1 4
2 1
1 11
2 1
1 1
2 1
0 1
2 2
1 4
2 2
1 3
2 1
1 2
2 1
0 1
2 1
1 2
2 1
1 6
2 1
1 11
2 1
1 1
2 1
1 2
2 1
1 1
3 1
1 1
2 1
1 119
2 1
1 32
2 1
1 50
2 1
1 19
2 1
1 1
2 1
1 1
2 1
1 3
2 2
1 1
2 1
1 2
2 1
1 1
2 2
1 36
2 2
1 7
2 1
1 2
2 2
1 18
3 1
1 3
0 1
3 1
2 1
1 4
2 1
1 4
2 2
1 3
2 1
1 1
2 1
1 5
2 1
1 2
2 1
1 3
2 1
1 4
2 2
1 4
2 1
1 1
2 1
1 1
2 1
1 1
2 2
1 1
2 1
1 1
2 1
1 1
2 1
1 1
2 2
1 2
2 1
1 1
2 1
1 3
2 1
1 2
2 1
1 4
2 1
1 2
2 1
1 3
2 1
1 13
2 1
1 3
0 1
2 1
1 2
2 2
1 9
2 1
1 1
2 1
1 2
2 1
1 3
2 1
1 3
2 1
1 4
2 1
1 4
2 1
1 1
2 2
1 2
2 1
1 1
2 1
1 11
2 2
1 2
2 1
1 2
2 1
1 8
2 1
1 59
2 1
1 24
2 1
1 3
2 1
1 3
2 1
1 16
2 1
1 39
2 1
1 42
2 2
1 20
2 1
1 1
2 1
0 1
1 1
2 3
1 6
2 1
1 2
2 1
1 2
2 1
1 2
2 1
1 1
2 2
1 16
2 1
1 1
2 1
1 2
2 1
1 2
2 1
1 3
2 1
1 2
3 1
1 3
2 1
1 3
2 2
1 14
2 1
1 2
3 1
1 3
2 1
1 1
2 1
1 2
2 1
1 1
0 1
1 1
2 1
1 1
2 2
1 4
2 1
1 2
2 1
1 9
2 1
1 8
2 2
1 3
2 1
1 4
2 1
1 4
2 1
1 2
2 1
1 7
2 1
1 4
2 1
1 2
2 2
1 12
2 1
1 17
2 1
1 2
2 1
0 1
1 10
2 1
1 1
3 1
0 1
1 1
2 1
1 2
2 1
1 4
0 1
2 2
1 2
2 1
1 8
2 1
1 12
2 2
1 1
0 1
2 2
1 1
2 1
1 68
2 1
1 25
2 1
1 2
2 1
1 2
2 1
1 17
2 1
1 36
2 2
1 43
2 1
1 2
2 1
1 19
2 1
1 3
2 2
1 1
2 1
1 1
2 1
1 7
2 1
1 3
2 1
1 1
2 2
1 1
2 1
1 16
2 1
1 4
2 3
1 2
2 1
1 1
2 1
1 1
2 2
1 4
2 1
1 3
2 1
1 2
0 1
2 1
1 1
2 2
1 3
2 1
1 3
2 1
1 1
2 2
1 6
2 1
1 4
2 3
1 5
2 1
1 11
2 1
1 4
2 1
1 1
2 1
1 4
2 1
1 4
2 1
1 1
2 1
1 1
2 1
1 7
2 1
1 2
2 2
1 4
2 2
1 2
2 1
1 3
2 1
1 13
2 2
1 2
2 1
1 1
2 1
1 10
2 2
1 11
2 1
1 3
2 1
1 1
2 1
1 1
2 1
1 12
0 1
1 7
2 2
1 12
2 2
1 2
2 1
1 1
2 1
1 1
2 1
1 73
2 1
1 1
2 1
1 7
2 1
1 3
2 2
1 2
2 1
1 23
2 1
1 37
2 1
1 42
2 2
1 12
2 3
1 7
2 1
1 4
2 1
1 4
2 1
1 1
2 1
1 3
2 2
1 9
2 1
1 9
2 1
1 5
2 1
1 4
2 2
1 1
2 1
1 2
2 1
1 1
2 1
1 3
2 1
1 8
2 1
1 4
2 1
1 3
0 1
2 1
1 1
2 3
1 1
2 1
1 5
2 4
0 1
1 1
2 1
1 1
3 1
1 6
2 1
1 1
2 1
1 5
2 1
1 9
2 2
1 9
2 1
1 2
2 1
1 1
2 1
1 5
2 1
1 2
2 2
1 3
2 1
1 3
2 1
1 7
2 1
1 37
2 1
1 1
2 1
1 7
2 2
1 8
2 1
1 32
2 1
1 3
2 1
1 1
2 1
1 20
2 1
1 50
2 1
1 2
2 1
1 9
2 1
1 2
2 1
1 23
2 1
1 36
2 1
1 42
2 2
1 8
2 1
1 2
2 1
1 1
2 2
1 5
2 1
1 1
2 2
1 1
2 2
1 7
2 2
1 3
2 1
1 5
2 1
1 4
2 1
1 5
2 1
1 2
2 1
1 5
2 2
0 1
1 3
2 2
1 1
2 1
1 4
2 1
1 4
2 1
1 3
2 1
1 3
2 2
1 1
2 1
0 1
1 1
2 1
1 3
2 1
1 3
2 2
1 5
2 4
1 1
0 1
1 4
2 1
1 1
0 1
1 1
2 1
1 2
2 3
1 3
2 2
1 10
2 1
1 1
3 1
1 9
2 1
1 1
2 1
1 7
2 1
1 5
2 2
1 3
2 1
1 1
2 1
1 5
2 1
1 10
2 1
1 20
2 1
1 6
2 1
1 8
2 1
1 25
2 1
1 3
2 1
1 12
2 1
1 74
2 2
1 1
2 1
1 1
2 1
1 13
2 1
1 22
2 1
1 33
2 1
1 3
2 1
1 38
2 1
1 1
0 1
2 2
1 4
2 1
1 2
2 2
1 3
2 2
1 4
2 1
1 5
2 1
1 1
2 1
1 4
2 1
1 3
2 1
1 8
2 1
1 2
2 1
1 2
2 1
0 1
2 1
1 6
2 1
1 5
2 1
1 2
2 2
1 1
2 2
1 2
2 1
1 1
2 1
1 1
2 3
1 4
2 1
1 7
2 1
1 2
2 1
1 2
0 1
1 5
2 2
1 6
2 1
1 3
2 1
0 1
2 3
1 2
2 1
0 1
3 1
1 8
2 1
1 13
2 1
1 1
2 2
1 9
2 1
1 1
2 1
1 1
0 1
2 1
1 3
2 1
1 5
2 2
1 2
2 3
1 6
2 1
1 4
2 1
1 3
2 1
1 22
2 1
1 3
2 1
1 9
2 1
1 25
2 1
1 1
2 1
1 3
2 1
1 2
2 1
1 1
2 1
1 6
2 1
1 77
2 1
1 1
2 2
1 2
2 1
1 1
2 1
1 1
2 1
1 28
2 1
1 33
2 1
1 3
2 1
1 40
2 1
1 3
2 1
1 3
2 1
1 5
2 1
1 12
2 1
1 2
2 1
1 7
2 1
1 4
2 1
0 1
2 2
1 3
2 1
1 2
2 1
0 1
1 5
2 1
1 2
2 2
1 2
2 1
1 1
2 1
1 1
2 2
1 4
2 1
1 2
2 1
1 2
2 3
1 2
2 1
1 1
2 1
1 13
0 1
1 2
3 1
1 1
2 1
1 3
2 1
0 1
1 1
2 1
1 1
2 2
1 3
2 2
1 5
2 3
1 2
2 1
1 5
2 2
1 1
2 1
1 3
2 1
1 1
2 1
1 2
2 1
1 3
2 1
1 6
2 1
1 2
2 1
1 3
2 1
1 6
2 1
1 1
2 2
1 5
2 1
1 5
2 1
1 1
2 1
1 2
2 2
1 3
2 1
1 24
2 3
1 1
2 1
1 1
0 1
1 4
2 1
1 19
0 1
1 2
2 1
1 1
2 1
1 1
2 1
1 16
2 1
1 82
2 2
1 10
2 1
1 10
2 1
1 11
2 1
1 37
2 1
1 26
2 1
1 9
2 2
1 1
2 2
1 2
2 1
1 2
2 1
1 1
2 1
1 4
2 1
1 2
2 1
1 2
2 1
0 1
1 4
2 1
1 7
2 1
1 1
2 1
1 2
2 1
1 8
2 2
1 1
2 1
1 9
2 1
1 1
2 1
1 4
2 1
1 11
2 1
0 1
2 2
1 1
0 1
2 2
1 3
2 1
1 2
2 1
1 4
0 1
2 1
1 5
0 1
1 1
2 1
1 1
2 1
1 1
2 1
1 1
2 1
1 1
2 1
1 1
2 3
1 2
2 2
1 3
2 1
1 1
2 1
1 2
2 2
1 1
2 2
1 5
2 1
1 2
2 1
1 1
2 1
1 1
2 1
1 14
2 1
1 5
2 1
1 3
2 1
1 3
2 1
1 1
2 1
1 5
2 1
1 1
2 1
1 2
0 1
1 1
2 1
1 1
2 1
1 1
2 1
1 31
2 1
1 8
2 2
1 22
2 3
1 2
2 1
1 14
2 2
1 90
2 1
1 7
2 1
1 54
2 1
1 38
2 2
1 1
2 1
1 5
2 1
1 2
2 1
1 5
2 1
1 3
2 1
1 1
2 1
1 2
2 1
1 9
2 2
1 1
2 1
1 3
2 1
1 7
2 2
1 4
2 1
1 3
2 1
1 2
2 1
1 5
2 3
1 3
2 1
1 8
2 1
1 3
2 1
1 2
2 1
1 1
2 1
1 2
2 2
1 2
0 1
2 1
1 1
2 1
1 5
2 1
1 1
2 1
1 9
3 1
1 2
2 1
1 9
2 1
1 1
2 2
1 3
2 1
1 2
0 1
2 1
1 1
2 1
1 18
2 1
1 3
0 1
2 2
1 6
2 1
1 7
2 1
1 1
2 1
1 7
2 1
1 1
2 2
1 5
2 1
1 23
2 1
1 8
2 2
1 29
2 1
1 2
2 1
1 1
0 1
2 1
1 4
2 1
1 2
2 1
1 83
2 1
1 6
2 1
1 3
2 1
1 44
2 1
1 43
2 1
1 3
2 1
1 4
2 1
1 2
2 1
1 5
2 2
1 1
2 2
1 2
2 1
1 2
2 1
1 1
2 1
1 2
0 1
2 1
1 2
2 1
1 2
2 1
1 3
2 2
1 1
2 1
1 3
2 1
1 2
2 2
1 4
2 1
1 1
2 1
1 2
2 2
1 5
2 2
1 6
2 1
1 1
2 1
1 1
2 1
1 5
2 2
1 2
2 2
1 7
2 2
1 6
2 2
1 2
2 1
1 2
2 1
1 7
2 1
1 2
2 1
0 1
1 2
2 1
1 3
2 1
1 7
0 1
2 2
1 1
2 2
1 2
2 1
1 3
2 1
1 21
2 1
1 1
2 1
1 9
2 1
1 5
0 1
1 1
2 1
1 1
2 3
1 7
2 2
1 31
2 1
1 4
2 3
1 25
2 1
1 1
2 2
1 1
0 1
2 1
1 3
2 1
1 3
2 2
1 10
2 1
1 81
2 1
1 1
2 1
1 6
2 1
1 18
2 1
1 22
2 1
1 15
2 1
1 27
2 2
1 2
2 1
1 1
2 1
1 1
2 1
1 2
3 1
1 1
2 1
1 2
0 1
2 1
1 3
2 2
1 3
2 1
1 2
2 1
1 3
0 1
2 1
1 1
2 1
1 2
2 2
1 8
2 1
1 3
2 1
1 2
0 1
1 3
2 1
1 3
2 1
1 1
0 1
2 1
1 3
2 2
1 1
2 1
1 3
2 2
1 4
2 1
1 3
0 1
2 1
1 2
2 1
1 1
2 1
1 2
2 1
1 3
2 2
1 1
2 1
1 2
2 2
1 1
2 1
1 8
2 3
1 6
2 1
1 1
0 1
1 2
2 3
1 1
2 1
1 4
2 1
1 2
2 1
1 1
3 1
1 1
2 2
1 2
2 1
1 3
2 1
1 22
2 1
1 11
2 1
1 8
3 1
0 1
2 1
1 38
2 1
1 3
2 2
1 28
2 1
1 6
2 1
1 2
2 2
1 2
2 1
1 1
2 1
1 92
2 1
1 27
2 1
1 39
2 1
1 23
2 1
1 4
2 1
1 3
2 1
1 4
2 1
1 9
3 1
1 1
2 1
1 3
2 2
1 5
2 1
1 2
2 1
1 3
2 1
1 6
2 2
1 1
2 1
0 1
2 1
1 1
2 1
1 2
2 1
1 1
2 1
1 9
2 2
1 1
2 2
1 2
2 2
1 4
2 1
1 4
0 1
2 2
1 3
0 1
2 1
1 2
2 1
1 1
2 1
1 12
2 1
1 3
2 1
1 1
2 1
1 1
2 1
1 5
2 1
1 2
2 1
0 1
1 2
2 1
1 7
0 1
1 2
2 2
0 1
2 1
1 4
2 1
1 3
2 1
1 34
2 1
1 4
2 1
1 1
2 1
1 1
2 1
1 1
2 1
1 10
2 1
1 25
2 1
1 1
2 1
1 1
2 1
1 1
2 1
1 33
2 1
1 4
2 1
1 3
3 1
1 1
2 2
1 7
2 1
1 84
2 1
1 6
2 1
1 20
2 1
1 38
2 1
1 3
2 1
1 16
2 1
1 5
2 1
1 4
2 2
0 1
1 1
2 1
1 1
2 2
1 2
0 1
1 3
2 2
1 7
3 1
1 4
2 1
1 2
2 2
1 4
2 1
1 1
2 1
1 1
2 1
1 3
2 1
1 3
2 2
1 2
0 1
2 1
1 1
2 1
1 4
2 1
1 5
2 1
1 2
2 3
1 1
2 1
1 1
2 1
1 4
2 1
1 3
2 1
1 5
2 1
1 5
2 1
1 1
0 1
2 1
1 1
2 1
1 1
2 1
1 3
2 1
1 6
2 1
1 4
2 1
1 5
2 1
1 1
2 1
1 1
2 2
1 1
2 1
1 5
2 1
1 4
2 1
1 7
2 1
1 35
2 1
1 4
2 1
1 4
2 1
1 36
2 1
1 5
0 1
2 1
1 35
2 1
1 1
2 1
1 4
2 1
1 97
2 1
1 4
2 1
1 59
2 1
1 3
2 1
1 15
2 1
1 1
2 1
0 1
2 1
1 1
2 2
1 5
2 1
1 2
2 1
0 1
2 1
1 3
2 1
1 3
2 1
1 2
2 1
1 2
2 1
1 6
2 2
1 1
2 4
1 1
2 1
1 1
2 4
1 4
2 2
1 1
2 1
1 1
2 1
1 4
2 1
1 1
2 1
1 10
2 1
1 2
2 1
1 2
2 1
1 5
2 1
1 2
2 1
1 1
2 1
1 5
2 1
1 5
2 1
1 5
2 2
1 1
2 1
1 10
2 1
1 2
2 1
1 5
0 1
1 1
2 1
1 2
2 1
1 1
2 1
1 4
2 1
1 2
2 2
1 2
2 2
1 42
2 1
1 2
2 1
1 13
2 1
1 34
2 1
1 38
2 1
1 3
2 1
1 107
2 1
1 58
2 1
1 14
2 2
1 3
2 1
1 3
2 2
1 1
2 1
1 1
0 1
2 1
1 3
2 2
1 1
2 2
1 1
2 2
1 1
2 1
1 1
2 1
1 6
2 2
1 1
2 1
1 2
2 2
1 2
2 1
1 3
2 2
1 1
2 1
1 6
2 2
1 1
2 2
1 2
0 1
1 1
2 1
1 3
2 1
1 3
3 1
1 2
2 1
1 1
2 2
1 5
2 1
1 8
2 1
1 3
2 1
1 1
2 1
1 3
2 1
0 1
3 1
0 1
2 2
1 3
2 3
1 4
2 1
1 7
2 2
1 1
2 1
1 4
2 1
0 1
2 1
1 4
2 1
1 1
0 1
1 1
3 1
1 3
2 1
1 42
2 1
1 3
2 1
1 2
2 1
1 1
2 1
1 8
2 1
1 30
2 1
1 4
2 1
1 41
2 3
1 168
2 1
1 15
2 2
1 3
2 1
1 1
2 1
1 8
2 2
1 4
2 1
1 1
2 2
1 2
2 1
1 5
2 1
1 1
2 1
1 1
2 3
1 1
2 2
1 3
2 1
1 1
2 2
1 6
2 1
1 3
2 2
1 1
0 1
1 3
2 1
1 2
2 2
1 3
2 2
1 1
2 1
1 2
2 1
1 3
2 1
1 3
2 1
1 2
2 2
1 2
2 1
1 2
2 1
1 4
2 1
1 5
3 1
1 2
2 1
1 2
2 1
1 8
2 1
1 2
2 1
1 2
2 1
0 1
2 1
1 2
0 1
2 1
1 10
2 1
1 50
2 1
1 4
2 1
1 44
2 1
1 39
2 3
1 13
2 1
1 123
2 1
1 49
2 1
1 1
2 2
1 1
2 1
1 1
2 2
1 3
2 1
1 2
2 2
1 6
2 2
1 2
2 1
1 1
2 1
1 3
2 2
1 3
2 1
1 5
2 1
1 12
2 1
1 1
2 1
1 2
2 2
1 6
2 1
1 1
2 1
1 1
2 1
1 2
2 1
1 1
2 1
1 1
2 1
1 4
2 1
1 4
2 1
1 2
2 1
1 2
2 1
1 5
2 1
1 3
0 1
2 1
0 1
2 2
1 2
2 1
1 1
2 1
1 19
2 1
1 5
2 1
1 1
2 1
1 3
2 2
1 100
2 1
1 39
2 1
1 172
2 1
1 16
2 4
0 1
2 2
1 5
2 3
1 1
2 2
0 1
1 1
2 1
1 3
2 1
1 2
2 1
1 2
0 1
2 2
1 3
2 1
1 9
2 1
1 10
2 1
1 4
2 2
1 7
2 2
1 5
2 2
1 2
2 1
1 3
2 2
1 5
2 1
1 1
2 1
1 1
2 1
1 7
2 1
1 2
2 1
1 3
3 1
1 17
2 1
1 1
2 1
1 64
2 2
1 3
2 2
1 45
2 1
1 40
2 1
1 171
2 1
1 15
2 2
1 11
2 1
1 2
2 1
1 1
2 2
0 1
1 1
2 1
1 1
3 1
1 2
2 1
1 1
2 1
1 2
2 2
1 1
2 2
1 5
2 1
1 5
2 1
1 10
2 1
1 2
2 1
1 1
2 1
1 4
2 2
0 1
2 1
1 2
2 2
1 1
2 1
1 1
2 1
1 3
2 1
1 3
2 1
1 2
2 1
1 1
0 1
2 1
1 4
2 1
1 10
2 1
1 3
2 1
1 16
0 1
2 2
1 29
2 1
1 38
2 1
1 2
2 1
1 101
2 1
1 172
2 1
1 1
2 1
1 2
2 2
1 4
2 2
1 1
0 1
2 2
0 1
2 2
1 1
2 1
1 1
2 2
1 3
2 1
1 2
2 1
1 2
2 1
1 14
2 1
1 10
2 1
1 6
2 1
1 1
2 2
0 1
1 2
2 1
1 3
2 1
1 1
2 1
1 2
2 1
1 2
2 1
1 2
2 1
1 1
2 2
1 4
2 1
1 1
2 1
1 9
0 1
2 1
1 2
2 1
1 10
2 1
1 33
2 1
1 1
2 1
1 48
2 1
1 209
2 1
1 61
2 2
1 3
2 1
1 2
2 2
1 1
2 1
1 3
2 1
1 3
2 1
1 1
2 2
1 1
2 1
1 1
2 1
1 1
2 1
1 2
2 1
1 13
2 2
1 1
2 1
1 8
2 1
1 1
2 1
1 1
2 1
1 5
0 1
2 2
1 3
2 1
1 2
2 1
1 3
2 2
1 1
2 1
1 4
2 1
1 1
2 2
1 5
0 1
3 1
1 6
2 1
1 4
2 1
1 12
2 1
1 24
2 1
1 6
2 1
1 2
2 1
1 48
2 1
1 210
2 1
1 20
2 1
1 41
0 1
2 1
1 1
2 1
1 1
2 1
1 3
0 1
2 3
1 5
2 1
1 2
2 1
1 1
2 1
1 4
2 1
1 4
2 1
1 11
2 2
1 17
2 1
1 3
2 2
0 1
2 2
1 2
2 1
1 2
2 1
1 2
2 1
0 1
2 1
1 2
2 1
1 4
2 1
1 2
2 1
1 2
3 1
1 51
2 1
1 7
2 1
1 46
2 1
1 3
2 2
1 270
0 1
2 1
1 1
2 2
1 5
2 1
1 1
2 1
1 2
2 1
1 4
2 3
1 2
2 1
1 2
2 1
1 1
2 1
1 2
2 1
1 2
2 1
1 7
2 1
1 13
2 1
1 1
2 1
1 4
0 1
2 1
1 1
2 1
0 1
3 1
0 1
2 1
1 1
2 1
1 1
2 1
1 3
2 2
1 1
2 1
1 1
2 1
1 1
2 2
1 4
2 3
1 7
2 1
1 27
2 1
1 23
2 1
1 258
2 1
1 39
2 1
1 23
2 1
1 2
2 1
1 4
2 1
1 3
2 1
1 6
2 1
1 1
2 2
1 4
2 1
1 18
2 2
1 5
2 1
1 6
2 1
1 3
0 1
2 1
1 6
2 1
0 1
2 1
1 3
2 2
1 5
2 1
1 1
2 1
1 1
2 1
1 5
2 1
1 5
2 1
1 6
2 1
1 45
2 1
1 12
2 1
1 288
2 1
1 23
2 1
1 4
2 1
1 6
2 2
1 10
2 1
1 5
2 1
1 15
2 1
1 8
2 1
1 7
2 1
1 1
2 1
1 4
2 1
1 4
2 1
1 3
2 1
1 2
2 2
1 4
2 1
1 10
2 2
1 2
2 1
1 1
2 1
1 3
2 1
1 9
2 1
1 111
2 1
1 224
2 1
1 10
2 1
1 19
2 1
1 2
2 1
1 1
2 1
1 1
2 3
1 1
2 1
1 9
2 1
1 31
2 1
1 4
2 1
1 8
2 1
1 4
2 1
1 2
2 1
1 1
2 2
1 10
2 2
1 6
2 1
1 10
2 1
1 338
2 1
1 11
2 1
1 14
2 1
1 2
2 1
1 9
2 2
1 5
2 1
1 4
2 1
1 1
2 1
1 1
2 1
1 2
2 1
1 11
3 1
1 5
2 1
1 13
2 1
1 6
2 1
1 5
2 2
1 4
2 1
1 2
2 1
1 6
2 1
1 13
2 1
1 374
2 1
1 2
2 3
1 3
2 1
1 7
2 1
1 3
2 1
1 1
2 1
1 17
0 1
3 1
1 19
2 2
1 1
2 1
1 7
2 1
1 3
2 1
1 5
2 1
1 3
2 1
1 2
2 3
1 4
2 1
1 6
2 1
1 1
2 1
1 4
2 1
1 23
2 1
1 2
2 2
1 5
2 1
1 337
2 2
1 3
2 2
1 4
2 1
1 2
2 1
1 4
2 1
1 18
0 1
3 1
1 4
2 1
1 8
2 1
1 10
2 1
1 7
2 1
1 1
2 1
1 1
2 2
0 1
2 1
1 7
2 1
1 8
2 2
1 3
2 1
1 33
2 1
1 356
2 2
1 1
2 1
1 1
2 1
1 16
2 1
1 1
2 1
1 1
0 1
2 1
1 13
2 1
1 11
2 1
1 19
2 1
0 1
2 2
1 1
2 1
1 2
2 1
1 11
2 1
1 38
2 1
1 48
2 1
1 2
2 1
1 281
2 1
1 10
2 1
1 5
2 1
1 9
2 1
1 2
2 1
1 8
2 1
1 7
2 1
1 2
2 1
1 15
0 1
2 2
1 5
2 1
1 6
2 1
1 6
0 1
2 2
1 5
2 1
1 3
2 1
1 12
2 1
1 20
2 1
1 9
2 1
1 44
2 1
1 44
2 1
1 260
2 1
1 11
2 1
1 12
2 1
1 21
2 1
1 1
2 1
1 1
0 1
1 1
2 1
1 2
2 1
1 2
2 1
1 12
2 1
0 1
2 1
1 9
2 1
1 7
2 1
1 5
2 1
1 15
2 1
1 1
2 1
1 11
2 2
1 47
2 1
1 40
2 1
1 14
2 1
1 28
2 2
1 202
2 1
1 3
2 1
1 8
2 1
1 8
2 1
1 7
2 1
1 8
2 1
1 3
2 1
1 10
2 1
1 9
2 1
1 1
2 1
1 1
2 1
1 2
0 1
3 1
1 8
2 1
1 4
2 1
0 1
2 3
1 7
2 1
1 13
2 2
1 1
2 1
1 7
2 1
1 6
2 1
1 4
2 2
1 48
2 1
1 46
2 1
1 244
2 1
1 1
2 1
1 2
2 1
1 10
2 1
1 12
2 1
1 10
2 1
1 5
2 1
1 11
2 1
1 4
2 2
1 7
2 1
1 1
0 1
2 2
1 2
2 1
1 9
2 1
0 1
2 1
1 1
2 1
1 2
2 1
1 2
2 1
1 11
2 1
1 3
2 1
1 6
2 1
1 6
2 1
1 1
2 1
1 6
2 1
1 4
2 1
1 37
2 1
1 51
2 1
1 244
2 2
1 1
2 1
1 39
3 1
1 5
2 2
1 6
2 1
1 17
2 2
1 1
2 1
1 1
2 1
1 2
2 1
1 6
2 1
1 2
2 1
1 3
2 1
1 10
2 1
1 7
2 1
1 7
2 1
1 5
2 1
1 1
2 1
1 5
2 1
1 1
2 1
1 2
2 1
1 37
2 1
1 4
2 1
1 91
2 1
1 2
2 1
1 200
2 1
1 5
2 1
1 8
2 1
1 7
2 1
1 6
2 1
1 10
2 1
1 14
2 1
1 4
2 1
1 19
2 1
1 2
2 1
1 5
2 1
1 21
2 1
1 2
2 1
1 6
2 1
1 2
2 1
1 1
2 1
1 1
2 2
1 1
2 2
1 1
2 1
1 12
2 1
1 30
2 1
1 70
2 1
1 25
2 1
1 201
2 1
1 9
2 1
1 7
2 2
1 3
2 1
1 4
2 1
1 15
2 1
1 3
2 1
1 18
2 1
1 3
2 1
1 6
2 1
1 2
2 1
1 2
2 1
1 4
2 1
1 1
2 2
1 14
2 1
1 4
2 1
1 1
2 1
1 2
2 1
1 11
2 1
1 3
2 2
1 3
2 1
1 42
2 1
1 97
2 1
1 207
2 1
1 9
2 1
1 24
2 1
1 35
2 1
1 1
2 1
1 26
2 1
1 2
2 1
1 25
2 1
1 2
2 2
1 41
2 1
1 3
2 1
1 45
2 1
1 46
2 1
1 255
2 1
1 16
2 1
1 12
2 2
1 4
2 1
1 17
2 1
1 5
2 1
1 5
2 1
1 10
2 2
1 2
2 1
1 50
2 1
1 46
2 1
1 43
2 1
1 209
2 2
1 31
2 1
1 19
2 1
1 25
2 1
1 2
2 1
1 11
2 1
1 6
2 1
1 1
2 1
1 8
2 2
1 4
2 1
1 151
2 1
1 28
2 1
1 212
2 1
1 10
2 1
1 27
2 1
1 7
2 1
1 13
2 1
1 2
2 1
1 6
2 1
1 7
2 1
1 1
2 1
1 441
2 1
1 16
2 1
1 395
2 1
1 50
2 1
1 5
2 1
1 29
2 1
1 10
2 1
1 169
2 1
1 233
2 1
1 27
2 1
1 4
2 1
1 31
2 1
1 8
2 1
1 437
2 1
1 509
2 1
1 1
2 1
1 117
2 1
1 60
2 1
1 297
2 1
1 152
2 1
1 240
2 1
1 1
0 1
1 42
2 1
1 3
2 1
1 1
2 1
1 34
2 1
1 140
2 1
1 12
2 1
1 234
2 1
1 3
2 3
1 1
2 1
1 36
2 1
1 2
2 1
1 5
2 1
1 14
2 1
1 4
2 1
1 14
2 1
1 1
2 1
1 11
2 1
1 371
2 1
1 4
2 1
1 2
2 2
1 6
2 1
1 31
2 1
1 1
2 1
1 2
2 1
1 1
2 1
1 3
2 1
1 7
2 1
1 3
2 1
1 2
2 1
1 9
2 1
1 9
2 1
1 11
2 1
1 370
2 1
1 1
2 2
1 7
2 1
1 38
2 1
1 7
2 1
1 3
2 1
1 7
2 1
1 2
2 1
1 2
2 1
1 20
2 1
1 157
2 1
1 24
2 1
1 146
2 1
1 52
2 1
1 20
2 1
1 7
2 1
1 19
2 1
1 1
2 1
1 24
2 1
1 19
2 1
1 18
2 1
1 378
2 1
1 6
2 1
1 17
2 1
1 9
2 1
1 47
2 1
1 15
2 1
1 1
2 1
1 8
2 1
1 363
2 1
1 5
2 1
1 4
2 1
1 5
2 1
1 87
2 1
1 1
2 1
1 281
2 1
1 195
2 1
1 407
2 1
1 54
2 1
1 16
2 1
1 67
2 1
1 339
2 1
1 54
2 1
1 35
2 1
1 49
2 1
1 338
2 1
1 182
2 1
1 22
2 1
1 137
2 1
1 95
2 1
1 95
2 1
1 272
2 1
1 46
2 1
1 153
2 1
1 8
2 1
1 192
2 1
1 41
2 1
1 159
2 1
1 60
2 1
1 20
2 1
1 85
2 1
1 39
2 1
1 1
2 1
1 133
2 1
1 107
2 1
1 74
2 1
1 24
2 1
1 9
2 1
1 38
2 1
1 2
2 1
1 9
2 1
1 12
2 1
1 17
2 1
1 152
2 1
1 25
2 1
1 103
2 1
1 20
2 1
1 44
2 1
1 13
2 1
1 22
2 1
1 9
2 1
1 2
2 1
1 39
2 1
1 9
2 1
1 8
2 1
1 26
2 1
1 1
2 1
1 25
2 1
1 41
2 1
1 8
2 1
1 2
2 1
1 39
2 1
1 25
2 1
1 20
2 1
1 50
2 1
1 21
2 1
1 60
2 1
1 30
2 1
1 7
2 1
1 6
2 1
1 5
2 1
1 2
2 1
1 10
2 1
1 7
2 2
1 12
2 1
1 2
2 1
1 1
2 1
1 39
2 1
1 20
2 1
1 57
2 1
1 3
2 1
1 9
2 1
1 15
2 1
1 57
2 1
1 14
2 2
1 28
2 1
1 22
2 1
1 13
2 1
1 3
2 1
1 5
2 1
1 2
2 1
1 1
2 1
1 32
2 1
1 2
2 1
1 1
2 1
1 1
2 1
1 2
2 1
1 20
2 1
1 1
2 1
1 6
2 1
1 11
2 1
1 10
2 1
1 33
2 1
1 26
2 1
1 2
2 1
1 10
2 1
1 49
2 1
1 1
2 1
1 13
2 1
1 27
2 1
1 17
2 1
1 1
2 1
1 2
2 2
1 19
2 1
1 32
2 1
1 6
2 1
1 23
2 1
1 51
2 1
1 33
2 1
1 3
2 1
1 1
2 1
1 9
2 1
1 3
2 1
1 3
2 1
1 6
2 1
1 7
2 1
1 3
2 1
1 1
2 1
1 3
2 2
1 3
2 1
1 9
2 1
1 8
2 1
1 2
2 1
1 5
2 2
1 4
2 1
1 7
2 1
1 10
2 1
1 29
2 1
1 10
2 1
1 2
2 1
1 3
2 1
1 19
2 1
1 13
2 1
1 68
2 1
1 26
2 1
1 6
2 1
1 7
2 1
1 2
2 1
1 7
2 1
1 4
2 1
1 11
2 2
1 5
2 1
1 12
2 1
1 6
2 1
1 7
2 1
1 14
2 1
1 10
2 1
1 4
2 1
1 27
2 1
1 16
2 1
1 6
2 1
1 3
2 1
1 34
2 1
1 1
2 1
1 8
2 1
1 3
2 1
1 3
2 1
1 4
2 2
1 3
2 1
1 4
2 1
1 4
2 1
1 3
2 2
1 4
2 1
1 2
2 2
1 1
2 1
1 2
2 1
1 2
2 1
1 2
2 1
1 2
2 1
1 1
2 1
1 3
2 1
1 11
2 1
1 2
2 1
1 8
2 1
1 35
2 1
1 3
2 1
1 32
2 1
1 80
2 1
1 1
2 1
1 1
2 1
1 11
2 1
1 12
2 1
1 13
2 2
1 20
2 1
1 6
2 1
1 26
2 1
1 2
2 1
1 9
2 1
1 20
2 1
1 22
2 2
1 11
2 1
1 58
2 1
1 1
2 1
1 2
2 1
1 1
2 1
1 3
2 1
1 4
2 1
1 13
2 1
1 8
2 1
1 4
2 1
1 7
2 1
1 11
2 1
1 3
2 1
1 1
2 1
1 2
2 1
1 11
2 2
1 2
2 1
1 8
2 1
1 7
2 1
1 21
2 1
1 2
2 1
1 33
2 1
1 6
2 1
1 68
2 1
1 16
2 1
1 17
2 1
1 6
2 1
1 13
2 1
1 7
2 1
1 10
2 1
1 6
2 2
1 25
2 1
1 2
2 1
1 11
2 1
1 39
2 2
1 19
2 1
1 50
2 1
1 4
2 1
1 7
2 2
1 2
2 1
1 1
2 1
1 10
2 1
1 2
2 1
1 5
2 1
1 2
2 1
1 1
2 1
1 5
2 1
1 4
2 2
1 8
2 1
1 5
2 1
1 16
2 1
1 1
2 1
1 5
2 1
1 1
2 1
1 11
2 1
1 6
2 1
1 17
2 1
1 5
2 1
1 9
2 1
1 17
2 1
1 19
2 1
1 1
2 1
1 62
2 1
1 11
2 1
1 1
2 1
1 7
2 1
1 2
2 1
1 2
2 1
1 1
2 1
1 10
2 1
1 3
2 1
1 2
2 1
1 2
2 1
1 11
2 1
1 7
2 1
1 1
2 1
1 5
2 1
1 2
2 1
1 4
2 1
1 11
2 1
1 5
2 1
1 1
2 1
1 4
2 2
1 4
2 1
1 49
2 1
1 1
2 1
1 4
2 1
1 7
2 1
1 38
2 1
1 3
2 1
1 4
2 1
1 1
2 1
1 3
2 1
1 2
2 1
1 1
2 1
1 2
2 1
1 9
2 1
1 2
2 1
1 8
2 1
1 22
2 1
1 4
2 1
1 10
2 1
1 5
2 1
1 1
2 1
1 4
2 1
1 1
2 1
1 1
2 1
1 19
2 1
1 17
2 1
1 1
2 1
1 33
2 1
1 19
2 1
1 85
2 1
1 2
2 1
1 1
2 1
1 2
2 1
1 9
2 1
1 5
2 1
1 9
2 1
1 6
2 1
1 6
2 1
1 1
2 1
1 1
2 1
1 27
2 1
1 18
2 1
1 1
2 1
1 13
2 1
1 20
2 1
1 10
2 1
1 12
2 1
1 37
2 1
1 3
2 1
1 13
2 1
1 1
2 1
1 1
2 1
1 1
2 1
1 12
2 1
1 1
2 1
1 9
2 2
1 9
2 1
1 7
2 1
1 5
2 1
1 14
2 1
1 3
2 1
1 2
2 1
1 8
2 1
1 36
2 1
1 4
2 1
1 30
2 2
1 16
2 1
1 85
2 1
1 1
2 2
1 13
2 1
1 2
2 3
1 2
2 1
1 5
2 1
1 1
2 1
1 11
2 1
1 1
2 2
1 7
2 1
1 4
2 1
1 3
2 1
1 7
2 1
1 5
2 1
1 3
2 1
1 12
2 1
1 4
2 1
1 13
2 1
1 29
2 1
1 1
2 1
1 10
2 1
1 1
2 1
1 3
2 1
1 20
2 1
1 12
2 1
1 1
2 1
1 7
2 2
1 2
2 1
1 6
2 1
1 5
2 1
1 2
2 1
1 8
2 1
1 4
2 1
1 3
2 1
1 3
2 1
1 2
2 1
1 6
2 1
1 5
2 1
1 4
2 1
1 4
2 1
1 9
2 2
1 13
2 1
1 2
2 1
1 34
2 1
1 38
2 1
1 16
2 1
1 57
2 1
1 4
2 1
1 17
2 1
1 4
2 1
1 1
2 1
1 21
2 1
1 5
2 1
1 2
2 1
1 11
2 1
1 6
2 1
1 2
2 2
1 9
2 1
1 2
2 1
1 2
2 1
1 5
2 1
1 3
2 1
1 15
2 1
1 1
2 1
1 2
2 1
1 24
2 1
1 6
2 1
1 10
2 1
1 9
2 1
1 17
2 1
1 23
2 1
1 9
2 1
1 6
2 1
1 1
2 1
1 6
2 1
1 1
2 1
1 1
2 1
1 4
2 2
1 5
2 1
1 3
2 1
1 3
2 1
1 15
2 1
1 4
2 1
1 3
2 2
1 9
2 1
1 9
2 1
1 7
2 1
1 19
2 1
1 27
2 1
1 27
2 1
1 8
2 2
1 5
2 1
1 52
2 1
1 6
2 1
1 2
2 1
1 6
2 1
1 8
2 1
1 1
2 1
1 5
2 1
1 2
2 1
1 3
2 1
1 3
2 2
1 3
2 1
1 1
2 1
1 6
2 1
1 2
2 1
1 1
2 1
1 4
2 1
1 1
2 1
1 5
2 2
1 1
2 1
1 4
2 1
1 1
2 1
1 3
2 1
1 1
2 1
1 2
2 1
1 2
2 1
1 5
2 1
1 2
2 1
1 5
2 1
1 3
2 1
1 14
2 1
1 2
2 1
1 18
2 1
1 1
2 1
1 1
2 1
1 1
2 1
1 1
2 1
1 12
2 1
1 14
2 1
1 2
2 1
1 17
2 1
1 17
2 1
1 4
2 1
1 5
2 2
1 1
2 2
1 2
2 1
1 7
2 1
1 1
2 1
1 1
2 1
1 5
2 1
1 2
2 1
1 6
2 1
1 3
2 1
1 5
2 1
1 1
2 1
1 3
2 1
1 12
2 1
1 5
2 1
1 3
2 1
1 4
2 1
1 1
2 2
1 5
2 1
1 29
2 1
1 10
2 1
1 13
2 1
1 26
2 1
1 9
2 1
1 5
2 1
1 35
2 1
1 30
2 1
1 1
2 1
1 3
2 1
1 1
2 1
1 15
2 1
1 7
2 1
1 6
2 1
1 9
2 1
1 4
2 1
1 2
2 1
0 1
2 1
1 4
2 1
1 7
2 1
1 1
2 3
1 2
2 1
1 1
2 1
1 4
2 1
1 2
2 1
1 1
2 1
1 4
2 1
1 7
2 1
1 6
2 1
1 9
2 1
1 1
2 1
1 3
2 2
1 1
2 1
1 1
2 1
1 8
2 1
1 3
2 1
1 2
2 1
1 2
2 1
1 3
2 1
1 2
2 1
1 1
2 1
1 9
2 2
1 1
2 1
1 3
2 1
1 1
2 1
1 1
2 1
1 8
2 1
1 5
2 1
1 3
2 1
1 18
2 1
1 3
2 1
1 3
2 1
1 2
2 1
1 9
2 1
1 4
2 1
1 16
2 1
1 2
2 1
1 6
2 1
1 4
2 2
1 2
2 1
1 8
2 1
1 11
2 1
1 3
2 1
1 3
2 1
1 2
2 2
1 7
2 1
1 21
2 1
1 25
2 1
1 27
2 1
1 15
2 1
1 34
2 1
1 19
2 1
1 6
2 1
1 8
2 1
1 11
2 1
1 28
2 1
1 6
2 2
1 1
2 1
1 14
2 1
1 7
2 1
1 1
2 1
1 4
2 1
1 1
2 2
1 1
2 1
1 4
2 1
1 7
2 1
1 18
2 1
1 1
2 1
1 2
2 1
1 1
2 1
1 2
2 1
1 3
2 1
1 7
2 1
1 3
2 1
1 4
2 1
1 6
2 1
1 1
2 1
1 1
2 1
1 5
2 1
1 4
2 2
1 1
2 2
1 11
2 1
1 2
2 2
1 20
2 2
1 5
2 2
1 2
2 1
1 4
2 1
1 4
2 1
1 19
2 1
1 9
2 1
1 12
2 2
1 10
2 1
1 7
2 1
1 3
2 1
1 3
2 1
1 4
2 1
1 30
2 1
1 62
2 1
1 4
2 1
1 72
2 1
1 2
2 1
1 11
2 1
1 19
2 1
1 7
2 1
1 10
2 1
1 2
2 1
1 2
2 1
1 9
2 1
1 11
2 1
1 7
2 1
1 31
2 1
1 4
2 1
1 8
2 1
1 2
2 1
1 8
2 1
1 3
2 1
1 2
2 1
1 9
2 1
1 2
2 1
1 2
2 1
1 1
2 1
1 7
2 1
1 7
2 2
1 1
2 1
1 3
2 1
1 13
2 1
1 5
2 1
1 2
2 1
1 2
2 2
1 8
2 1
1 5
2 1
1 1
2 1
1 6
2 1
1 3
2 1
1 3
2 1
1 4
2 1
1 1
2 1
1 1
2 1
1 10
2 1
1 11
2 1
1 1
2 1
1 4
2 1
1 3
2 1
1 4
2 1
1 4
2 1
1 24
2 1
1 7
2 1
1 3
2 1
1 63
2 1
1 36
2 1
1 31
2 1
1 1
2 1
1 1
2 1
1 1
2 1
1 10
2 1
1 19
2 1
1 17
2 1
1 12
2 1
1 1
2 1
1 1
2 1
1 1
2 1
1 6
2 1
1 3
2 1
1 37
2 1
1 14
2 1
1 2
2 1
1 1
2 1
1 1
2 1
1 3
2 2
1 18
2 1
1 3
2 1
1 1
2 2
1 5
2 1
1 2
2 1
1 5
2 2
1 10
2 1
1 6
2 1
1 4
2 1
1 5
2 1
1 12
2 1
1 5
2 1
1 7
2 1
1 8
2 1
1 5
2 1
1 12
2 1
1 15
2 1
1 1
2 1
1 7
2 1
1 2
2 1
1 10
2 1
1 26
2 1
1 27
2 1
1 39
2 1
1 61
2 1
1 5
2 1
1 4
2 1
1 1
2 1
1 2
2 1
1 12
2 1
1 8
2 1
1 5
2 1
1 1
2 1
1 6
2 1
1 14
2 1
1 6
2 1
1 5
2 1
1 8
2 1
1 25
2 1
1 15
2 1
1 8
2 2
1 2
2 1
1 2
2 1
1 38
2 1
1 4
2 1
1 1
2 1
1 3
2 2
1 17
2 2
1 3
2 2
1 3
2 2
1 5
2 1
1 2
2 1
1 10
2 1
1 6
2 1
1 1
2 1
1 2
2 1
1 6
2 1
1 1
2 1
1 4
2 1
1 2
2 1
1 1
2 1
1 11
2 1
1 6
2 2
1 1
2 1
1 8
2 1
1 4
2 1
1 98
2 1
1 4
2 1
1 36
2 2
1 27
2 2
1 13
2 1
1 2
2 1
1 5
2 1
1 24
2 1
1 7
2 1
1 5
2 1
1 4
2 1
1 7
2 1
1 2
2 1
1 5
2 1
1 7
2 1
1 28
2 1
1 13
2 1
1 3
2 1
1 2
2 1
1 2
2 1
1 5
2 1
1 24
2 1
1 9
2 1
1 1
2 1
1 4
2 1
1 2
2 1
1 3
2 2
1 2
2 1
1 7
2 1
1 3
2 1
1 1
2 1
1 2
2 2
1 1
2 1
1 3
2 1
1 7
2 1
1 5
2 1
1 3
2 1
1 8
2 1
1 4
2 1
1 4
2 1
1 17
2 1
1 8
2 1
1 9
2 1
1 1
2 1
1 5
2 1
1 2
2 1
1 31
2 1
1 67
2 1
1 11
2 1
1 25
2 1
1 1
2 1
1 38
2 1
1 6
2 1
1 2
2 1
1 3
2 1
1 6
2 1
1 3
2 1
1 5
2 1
1 2
2 1
1 1
2 1
1 20
2 1
1 3
2 1
1 1
2 1
1 45
2 1
1 3
2 1
1 13
2 1
1 5
2 1
1 2
2 1
1 39
2 1
1 3
2 1
1 3
2 2
1 2
2 1
1 3
2 1
1 6
2 3
1 4
2 1
1 2
2 1
1 2
2 1
1 3
2 1
1 4
2 2
1 11
2 1
1 8
2 2
1 12
2 1
1 9
2 1
1 3
2 1
1 32
2 1
1 28
2 1
1 66
2 1
1 2
2 1
1 11
2 1
1 26
2 1
1 26
2 1
1 19
2 1
1 5
2 1
1 7
2 1
1 3
2 1
1 6
2 1
1 1
2 1
1 3
2 1
1 5
2 1
1 9
2 2
1 5
2 1
1 2
2 1
1 14
2 1
1 47
2 1
1 46
2 1
1 2
2 2
1 3
2 1
1 7
2 1
1 6
2 1
1 1
2 1
1 10
2 1
1 3
2 1
1 2
2 1
1 11
2 1
1 7
2 1
1 3
2 1
1 13
2 1
1 10
2 1
1 7
2 1
1 11
2 1
1 9
2 1
1 2
2 1
1 31
2 1
1 60
2 1
1 5
2 1
1 1
2 1
1 36
2 1
1 3
2 2
1 41
2 1
1 1
2 1
1 7
2 1
1 17
2 1
1 8
2 1
1 3
2 1
1 3
2 1
1 11
2 1
1 7
2 1
1 9
2 1
1 4
2 1
1 20
2 1
1 19
2 1
1 8
2 1
1 5
2 1
1 3
2 1
1 33
2 1
1 6
2 1
1 2
2 1
1 1
2 1
1 4
2 1
1 1
2 1
1 5
2 1
1 5
2 2
1 22
2 1
1 7
2 1
1 7
2 1
1 1
2 1
1 2
2 1
1 5
2 1
1 18
2 1
1 6
2 1
1 5
2 1
1 1
2 1
1 9
2 1
1 43
2 1
1 43
2 2
1 3
2 1
1 3
2 2
1 9
2 2
1 23
2 1
1 4
2 1
1 22
2 1
1 7
2 1
1 5
2 1
1 12
2 1
1 5
2 1
1 13
2 1
1 6
2 1
1 4
2 1
1 10
2 1
1 3
2 1
1 3
2 1
1 2
2 1
1 6
2 1
1 21
2 1
1 7
2 1
1 1
2 1
1 8
2 1
1 64
2 1
1 4
2 2
1 4
2 1
1 1
2 1
1 1
2 1
1 5
2 1
1 1
2 2
1 2
2 1
1 7
2 2
1 15
2 1
1 5
2 1
1 2
2 1
1 2
2 1
1 5
2 1
1 1
2 1
1 8
2 1
1 4
2 1
1 11
2 1
1 19
2 1
1 5
2 1
1 29
2 1
1 14
2 1
1 44
2 1
1 7
2 1
1 1
2 1
1 7
2 1
1 1
2 2
1 23
2 1
1 5
2 1
1 36
2 1
1 1
2 1
1 1
2 1
1 2
2 1
1 19
2 1
1 8
2 1
1 6
2 1
1 4
2 1
1 5
2 1
1 3
2 1
1 6
2 1
1 19
2 1
1 3
2 1
1 12
2 1
1 5
2 1
1 26
2 1
1 38
2 1
1 1
2 1
1 2
2 1
1 14
2 1
1 4
2 1
1 1
2 3
1 1
2 1
1 2
2 1
1 4
2 1
1 7
2 2
1 10
2 1
1 2
2 1
1 2
2 1
1 5
2 1
1 4
2 1
1 18
2 1
1 62
2 1
1 4
2 1
1 52
2 1
1 1
2 1
1 10
2 1
1 10
2 1
1 27
2 1
1 1
2 1
1 25
2 1
1 2
2 1
1 9
2 1
1 35
2 1
1 1
2 1
1 15
2 1
1 13
2 1
1 2
2 1
1 1
2 1
1 8
2 1
1 1
2 1
1 1
2 2
1 5
2 1
1 5
2 1
1 5
2 1
1 61
2 1
1 2
2 2
1 2
2 1
1 1
2 1
1 3
2 1
1 3
2 1
1 10
2 2
1 11
2 1
1 9
2 1
1 13
2 1
1 3
2 1
1 9
2 1
1 23
2 1
1 59
2 1
1 60
2 1
1 19
2 1
1 21
2 1
1 8
2 1
1 36
2 1
1 25
2 1
1 27
2 1
1 13
2 1
1 5
2 1
1 8
2 1
1 3
2 1
1 2
2 1
1 16
2 1
1 20
2 1
1 35
2 1
1 2
2 1
1 6
2 1
1 3
2 1
1 6
2 1
1 1
2 1
1 3
2 1
1 2
2 1
1 2
2 1
1 6
2 1
1 10
2 1
1 10
2 1
1 12
2 1
1 11
2 1
1 4
2 1
1 14
2 1
1 59
2 1
1 38
2 1
1 25
2 1
1 14
2 1
1 31
2 1
1 31
2 1
1 4
2 1
1 12
2 1
1 19
2 1
1 3
2 1
1 7
2 1
1 4
2 1
1 5
2 1
1 11
2 1
1 8
2 1
1 9
2 1
1 1
2 1
1 70
2 1
1 1
2 1
1 1
2 1
1 8
2 1
1 1
2 1
1 14
2 1
1 3
2 1
1 3
2 2
1 1
2 1
1 2
2 1
1 6
2 1
1 3
2 1
1 8
2 1
1 4
2 1
1 5
2 1
1 11
2 1
1 2
2 2
1 65
2 1
1 12
2 1
1 40
2 1
1 7
2 1
1 22
2 1
1 8
2 1
1 21
2 1
1 9
2 1
1 69
2 1
1 3
2 1
1 5
2 1
1 5
2 1
1 10
2 1
1 5
2 1
1 7
2 1
1 12
2 1
1 5
2 1
1 12
2 1
1 6
2 1
1 44
2 1
1 1
2 1
1 6
2 1
1 5
2 1
1 3
2 1
1 1
2 1
1 14
2 1
1 3
2 1
1 2
2 1
1 1
2 1
1 4
2 1
1 12
2 1
1 4
2 1
1 3
2 1
1 8
2 1
1 4
2 1
1 1
2 1
1 8
2 1
1 2
2 1
1 4
2 1
1 2
2 1
1 63
2 1
1 80
2 1
1 4
2 1
1 2
2 1
1 8
2 1
1 3
2 1
1 1
2 1
1 8
2 1
1 1
2 1
1 2
2 1
1 50
2 1
1 16
2 1
1 1
2 1
1 7
2 1
1 2
2 1
1 14
2 1
1 1
2 1
1 5
2 1
1 29
2 1
1 53
2 1
1 1
2 1
1 3
2 1
1 1
2 1
1 3
2 1
1 14
2 2
1 3
2 1
1 8
2 2
1 4
2 1
1 4
2 1
1 8
2 1
1 3
2 1
1 10
2 1
1 4
2 1
1 3
2 1
1 4
2 1
1 14
2 1
1 5
2 1
1 63
2 1
1 7
2 1
1 69
2 1
1 10
2 1
1 7
2 1
1 2
2 1
1 18
2 1
1 41
2 1
1 6
2 1
1 6
2 1
1 9
2 1
1 5
2 1
1 6
2 1
1 7
2 1
1 6
2 1
1 1
2 1
1 8
2 1
1 75
2 1
1 8
2 2
1 6
2 1
1 1
2 1
1 11
2 2
1 1
2 1
1 8
2 1
1 2
2 1
1 1
2 1
1 3
2 1
1 8
2 1
1 8
2 1
1 2
2 1
1 10
2 1
1 1
2 1
1 3
2 1
1 3
2 1
1 2
2 1
1 1
2 1
1 3
2 1
1 13
2 1
1 1
2 1
1 12
2 1
1 3
2 1
1 30
2 1
1 12
2 1
1 77
2 1
1 10
2 1
1 5
2 1
1 2
2 2
1 1
2 1
1 18
2 1
1 44
2 1
1 2
2 1
1 7
2 1
1 5
2 1
1 6
2 1
1 1
2 1
1 16
2 1
1 3
2 1
1 6
2 1
1 17
2 1
1 4
2 1
1 19
2 1
1 36
2 2
1 1
2 1
1 3
2 1
1 2
2 1
1 5
2 1
1 2
2 3
1 6
2 1
1 3
2 2
1 7
2 1
1 2
2 1
1 1
2 1
1 20
2 1
1 8
2 1
1 2
2 1
1 1
2 1
1 11
2 1
1 2
2 1
1 3
2 1
1 15
2 1
1 1
2 1
1 1
2 1
1 25
2 1
1 12
2 1
1 1
2 1
1 18
2 1
1 1
2 1
1 18
2 1
1 6
2 1
1 61
2 1
1 3
2 1
1 2
2 1
1 1
2 1
1 10
2 1
1 11
2 2
1 53
2 1
1 31
2 1
1 10
2 1
1 22
2 1
1 20
2 1
1 37
2 1
1 2
2 1
1 1
2 1
1 4
2 1
1 6
2 1
1 1
2 2
1 2
2 1
1 1
2 1
1 1
2 1
1 2
2 1
1 13
2 1
1 7
2 1
1 1
2 1
1 2
2 2
1 1
2 1
1 1
2 1
1 2
2 1
1 4
2 1
1 13
2 1
1 6
2 1
1 2
2 1
1 5
2 2
1 9
2 1
1 2
2 1
1 29
2 1
1 36
2 1
1 7
2 1
1 4
2 1
1 12
2 1
1 25
2 1
1 41
2 1
1 1
2 1
1 1
2 1
1 13
2 1
1 7
2 1
1 68
2 1
1 105
2 1
1 2
2 1
1 5
2 1
1 1
2 1
1 1
2 1
1 7
2 1
1 1
2 1
1 11
2 1
1 16
2 1
1 4
2 2
1 3
2 1
1 6
2 1
1 5
2 1
1 22
2 1
1 2
2 1
1 13
2 1
1 58
2 1
1 9
2 2
1 8
2 1
1 83
2 1
1 2
2 1
1 1
2 1
1 7
2 1
1 10
2 1
1 71
2 1
1 14
2 1
1 32
2 1
1 18
2 1
1 24
2 1
1 11
2 2
1 2
2 2
1 2
2 1
1 4
2 1
1 1
2 1
1 2
2 1
1 2
2 1
1 1
2 1
1 1
2 1
1 3
2 1
1 7
2 1
1 2
2 1
1 2
2 1
1 1
2 1
1 3
2 1
1 4
2 1
1 4
2 1
1 3
2 1
1 3
2 2
1 2
2 1
1 20
2 1
1 4
2 1
1 2
2 1
1 2
2 1
1 48
2 2
1 11
2 1
1 6
2 1
1 2
2 1
1 4
2 1
1 2
2 1
1 4
2 1
1 91
2 1
1 2
2 1
1 9
2 1
1 2
2 1
1 8
2 1
1 5
2 1
1 49
2 1
1 16
2 1
1 10
2 1
1 4
2 1
1 1
2 1
1 27
2 1
1 4
2 1
1 51
2 1
0 1
1 1
2 3
1 8
2 1
1 3
2 1
1 1
2 1
1 14
2 1
1 7
2 1
1 5
2 1
1 2
2 1
1 4
2 1
1 1
2 1
1 2
2 1
1 1
2 1
1 1
2 1
1 4
2 1
1 7
2 1
1 4
2 1
1 1
2 1
1 4
2 1
1 11
2 1
1 13
2 1
1 34
2 1
1 18
2 1
1 10
2 1
1 2
2 1
1 2
2 1
1 51
2 1
1 49
2 2
1 5
2 1
1 2
2 1
1 3
2 1
1 3
2 1
1 3
2 1
1 37
2 1
1 25
2 1
1 1
2 1
1 2
2 1
1 2
2 1
1 3
2 1
1 91
2 1
1 2
2 3
1 4
2 1
1 1
2 1
1 1
2 1
1 1
2 1
1 1
2 1
1 7
2 1
1 2
2 1
1 2
2 1
1 1
2 2
1 9
2 1
1 12
2 1
1 9
2 1
1 2
2 1
1 12
2 1
1 1
2 1
1 4
2 1
1 12
2 1
1 12
2 1
1 29
2 1
1 17
2 1
1 8
2 1
1 13
2 1
1 102
2 1
1 1
2 1
1 8
2 2
1 4
2 1
1 4
2 2
1 38
2 1
1 10
2 1
1 21
2 1
1 9
2 1
1 29
2 1
1 34
2 1
1 12
2 1
1 2
2 1
1 1
2 2
1 2
2 2
1 3
2 1
1 1
2 1
1 5
2 3
1 3
2 1
1 6
2 1
1 2
2 1
1 13
2 1
1 14
2 1
1 3
2 1
1 9
2 2
1 3
2 1
1 1
2 1
1 20
2 1
1 43
2 1
1 1
2 1
1 15
2 1
1 9
2 1
1 8
2 1
1 5
2 1
1 108
2 1
1 2
2 1
1 1
2 1
1 10
2 2
1 36
2 1
1 15
2 1
1 10
2 1
1 3
2 1
1 6
2 1
1 32
2 1
1 34
2 2
1 9
2 1
1 2
2 1
1 2
0 1
1 1
2 2
1 10
2 1
1 5
2 2
1 4
2 1
1 6
2 1
1 3
2 1
1 1
2 1
1 11
2 1
1 3
2 1
1 9
2 1
1 9
2 1
1 4
2 1
1 1
2 1
1 2
2 1
1 21
2 1
1 49
2 1
1 36
2 1
1 98
2 1
1 2
2 1
1 5
2 2
1 1
2 1
1 3
2 1
1 9
2 1
1 32
2 1
1 12
2 1
1 4
2 1
1 23
2 1
1 67
2 2
1 1
2 1
0 1
2 1
1 5
2 2
1 1
2 2
1 4
2 3
1 5
2 1
1 3
2 1
1 5
2 2
1 2
2 1
1 3
2 1
1 1
2 1
1 5
2 2
1 5
2 1
1 7
2 1
1 1
2 1
1 1
2 2
1 1
2 1
1 2
2 1
1 7
2 1
1 1
2 1
1 3
2 1
1 5
2 1
1 3
2 1
1 1
2 1
1 16
2 1
1 3
2 1
1 5
2 1
1 10
2 1
1 15
2 1
1 16
2 1
1 35
2 1
1 107
2 1
1 2
2 1
1 13
2 2
1 62
2 1
1 7
2 1
1 2
2 1
1 49
2 1
1 1
2 2
1 15
2 1
1 1
2 1
1 1
2 1
1 4
2 1
1 1
2 1
1 1
2 1
1 5
2 2
1 5
2 1
1 4
2 1
1 9
2 1
1 20
2 1
1 12
2 1
1 3
2 1
1 3
2 1
1 2
2 1
1 8
2 1
1 10
2 1
1 3
2 1
1 10
2 1
1 20
2 1
1 7
2 1
1 52
2 1
1 35
2 1
1 30
2 1
1 48
2 2
1 6
2 1
1 3
2 3
1 2
2 1
1 58
2 1
1 4
2 1
1 20
2 1
1 58
2 3
1 4
2 3
1 3
2 1
1 1
2 1
1 2
2 1
1 1
2 1
1 12
2 1
1 5
2 1
1 3
2 1
1 15
2 1
1 1
2 1
1 33
2 1
1 2
2 1
1 3
2 1
1 3
2 1
1 13
2 2
1 5
2 1
1 14
2 1
1 7
2 1
1 24
2 1
1 33
2 1
1 2
2 1
1 106
2 1
1 2
2 1
1 9
2 2
1 40
2 1
1 3
2 1
1 10
2 1
1 10
2 1
1 4
2 1
1 2
2 2
1 29
2 1
1 36
2 1
1 3
2 3
1 4
2 1
1 1
2 2
1 4
2 1
1 3
2 2
1 10
2 1
1 3
2 1
1 7
2 1
1 9
2 1
1 3
2 1
1 18
2 1
1 3
2 1
1 2
2 1
1 11
2 1
1 25
2 1
1 21
2 1
1 6
2 1
1 15
2 1
1 35
2 1
1 3
2 1
1 5
2 1
1 30
2 1
1 32
2 1
1 40
2 1
1 1
2 2
1 2
2 1
1 8
2 1
1 4
2 1
1 43
2 1
1 7
2 1
1 8
2 1
1 1
2 1
1 5
2 1
1 12
2 1
1 54
2 1
0 1
2 3
0 1
2 1
1 1
2 1
1 4
2 1
1 1
2 1
1 5
2 1
1 1
2 1
1 1
2 1
1 10
2 1
1 7
2 1
1 4
2 1
1 9
2 1
1 7
2 1
1 9
2 1
1 5
2 1
1 3
2 1
1 40
2 1
1 4
2 1
1 13
2 1
1 1
2 1
1 8
2 1
1 85
2 1
1 27
2 2
1 50
2 1
1 11
2 1
1 1
2 1
1 4
2 1
1 38
2 1
1 12
2 1
1 3
2 1
1 4
2 1
1 1
2 1
1 4
2 1
1 1
2 1
1 63
2 1
1 2
2 1
1 1
2 1
1 1
2 1
0 1
2 1
1 1
2 1
1 1
2 2
1 1
2 1
1 1
2 1
1 3
2 1
1 3
2 3
1 1
2 1
1 8
2 1
1 23
2 1
1 4
2 1
1 14
2 1
1 2
2 1
1 18
2 2
1 5
2 1
1 1
2 1
1 33
2 1
1 1
2 1
1 5
2 1
1 55
2 1
1 56
2 1
1 68
2 2
1 57
2 1
1 4
2 1
1 2
2 1
1 7
2 1
1 44
2 1
1 21
2 1
1 2
2 1
1 1
2 1
1 7
2 1
1 1
2 1
1 2
2 1
1 6
2 2
1 12
2 1
1 21
2 1
1 6
2 1
1 3
2 1
1 1
2 1
1 8
2 1
1 4
2 1
1 8
2 1
1 8
2 1
1 4
2 1
1 31
2 1
1 134
2 1
1 1
2 1
1 57
2 1
1 64
2 1
1 1
2 1
1 5
2 1
1 67
2 2
1 2
2 1
1 1
2 1
1 7
2 1
1 11
2 1
1 1
2 1
1 7
2 1
1 7
2 1
1 3
2 1
1 4
2 1
1 19
2 1
1 1
2 1
1 8
2 2
1 2
2 1
1 2
2 1
1 3
2 1
1 11
2 1
1 84
2 1
1 62
2 1
1 31
2 1
1 45
2 1
1 3
2 2
1 63
2 1
1 74
2 1
1 3
2 1
1 2
2 1
1 4
2 1
1 9
2 1
1 4
2 1
1 14
2 1
1 4
2 1
1 11
2 1
1 7
2 1
1 30
2 1
1 2
2 1
1 8
2 2
1 23
2 1
1 12
2 1
1 18
2 1
1 22
2 1
1 4
2 1
1 144
2 1
1 5
2 1
1 67
2 1
1 7
2 1
1 7
2 1
1 3
2 1
1 45
3 1
2 1
1 5
2 1
1 6
2 1
1 12
2 1
1 31
2 1
1 2
2 1
1 1
2 1
1 2
2 1
1 5
2 1
1 32
2 1
1 4
2 1
1 28
2 1
1 117
2 1
1 31
2 1
1 49
2 1
1 5
2 1
1 44
2 1
1 40
2 2
1 44
2 1
1 1
2 1
1 2
2 1
1 5
2 1
1 12
2 1
1 2
2 1
1 9
2 1
1 46
2 1
1 26
2 1
1 25
2 1
1 162
2 1
1 45
2 1
1 2
2 1
1 55
2 1
1 1
2 1
1 5
2 1
1 53
2 2
1 10
2 1
1 2
2 1
1 3
2 1
1 2
2 1
1 9
2 1
1 7
2 1
1 21
2 1
1 1
2 1
1 15
2 1
1 7
2 1
1 1
2 1
1 14
2 1
1 14
2 1
1 29
2 1
1 12
2 1
1 15
2 1
1 128
2 1
1 53
2 1
1 39
2 1
1 15
2 1
1 7
2 1
1 3
2 1
1 48
2 2
1 7
2 1
0 1
2 1
1 1
2 1
1 3
2 1
1 4
2 2
1 1
2 1
1 1
2 1
1 6
2 1
1 7
2 1
1 34
2 1
1 13
2 1
1 30
2 1
1 3
2 1
1 37
2 1
1 5
2 1
1 11
2 1
1 74
2 1
1 25
2 1
1 3
2 1
1 76
2 1
1 49
2 1
1 12
2 1
1 5
2 1
1 43
2 1
1 2
3 1
1 8
2 1
0 1
2 1
1 1
2 1
1 8
2 1
1 2
2 1
1 16
2 1
1 8
2 1
1 6
2 1
1 32
2 1
1 24
2 1
1 17
2 1
1 21
2 1
1 100
2 1
1 25
2 1
1 62
2 1
1 6
2 1
1 60
2 1
1 4
2 1
1 1
2 1
1 1
2 1
1 1
2 1
1 51
2 2
1 4
2 1
1 4
2 2
1 1
2 2
1 6
2 1
1 5
2 1
1 6
2 1
1 9
2 2
1 8
2 1
1 3
2 1
1 7
2 1
1 6
2 1
1 5
2 1
1 13
2 1
1 10
2 1
1 4
2 1
1 21
2 1
1 27
2 1
1 3
2 1
1 35
2 1
1 59
2 1
1 19
2 1
1 38
2 1
1 28
2 1
1 4
2 1
1 2
2 1
1 49
2 1
1 23
2 1
1 47
2 2
1 3
2 1
1 2
2 1
0 1
1 1
2 4
1 1
2 1
1 9
2 1
1 7
2 1
1 2
2 1
1 8
2 1
1 1
2 1
1 9
2 1
1 2
2 1
1 13
2 1
1 15
2 1
1 21
2 1
1 233
2 1
1 2
2 1
1 7
2 1
1 11
2 1
1 37
2 1
1 14
2 2
1 7
2 1
1 48
2 2
1 5
2 1
1 4
2 2
1 2
2 1
1 1
2 1
1 12
2 1
1 4
2 1
1 11
2 1
1 12
2 2
1 2
2 1
1 16
2 1
1 26
2 1
1 4
2 1
1 40
2 1
1 5
2 1
1 161
2 2
1 24
2 1
1 18
2 1
1 56
2 1
1 45
2 1
1 1
2 2
1 5
2 2
1 10
2 2
1 2
2 1
1 1
2 1
1 16
2 2
1 11
2 1
1 4
2 1
1 4
2 1
1 36
2 1
1 3
2 1
1 14
2 1
1 15
2 1
1 7
2 1
1 19
2 1
1 24
2 1
1 92
2 2
1 71
2 1
1 18
2 1
1 15
2 1
1 85
2 1
1 1
2 1
1 2
2 1
1 3
2 2
1 6
2 1
1 3
2 1
1 8
2 1
1 3
2 1
1 3
2 1
1 3
2 1
1 2
2 1
1 3
2 1
1 2
2 1
1 3
2 1
1 16
2 1
1 3
2 1
1 12
2 1
1 14
2 1
1 13
2 1
1 6
2 1
1 83
2 1
1 74
2 1
1 1
2 1
1 70
2 1
1 3
2 1
1 21
2 1
1 9
2 1
1 34
2 1
1 50
3 1
1 1
2 1
1 1
2 1
1 3
2 2
1 4
2 1
1 2
2 1
1 3
2 1
1 3
2 1
1 9
2 1
1 2
2 1
1 3
2 1
1 2
2 2
1 3
2 1
1 4
2 2
1 22
2 1
1 6
2 1
1 3
2 1
1 3
2 1
1 8
2 1
1 5
2 1
1 36
2 1
1 2
2 1
1 60
2 1
1 77
2 1
1 47
2 1
1 3
2 1
1 16
2 1
1 5
2 1
1 4
2 1
1 6
2 1
1 9
2 1
1 13
2 1
1 31
0 1
2 1
1 2
2 1
1 29
2 1
1 14
2 1
1 3
2 1
1 1
2 1
1 1
2 1
1 3
2 1
1 1
2 1
1 2
2 1
1 7
2 1
1 10
2 1
1 5
2 1
1 4
2 1
1 2
2 1
1 5
2 1
1 5
2 1
1 1
2 1
1 2
2 1
1 11
2 1
1 1
2 1
1 1
2 1
1 6
2 1
1 4
2 1
1 2
2 1
1 11
2 1
1 27
2 1
1 35
2 1
1 115
2 1
1 1
2 1
1 45
2 1
1 6
2 2
1 11
2 2
1 3
2 2
1 1
2 1
1 2
2 1
1 7
2 1
1 7
2 1
1 2
2 1
1 8
2 1
1 26
2 1
1 2
2 1
1 8
2 1
1 28
2 1
1 13
2 1
1 1
2 1
1 16
2 1
1 16
2 1
1 14
2 1
1 5
2 1
1 5
2 1
1 1
2 1
1 3
2 1
1 5
2 1
1 8
2 1
1 1
2 1
1 4
2 1
1 5
2 1
1 2
2 1
1 1
2 1
1 11
2 1
1 6
2 1
1 8
2 1
1 17
2 1
1 25
2 1
1 2
2 1
1 29
2 1
1 79
2 1
1 5
2 1
1 23
2 1
1 24
2 1
1 4
2 1
1 12
2 2
1 3
2 1
1 12
2 1
1 4
2 1
1 4
2 1
1 5
2 1
1 1
2 1
1 10
2 1
1 2
2 1
1 4
2 1
1 2
2 1
1 6
2 1
1 4
2 1
1 7
2 1
1 27
2 1
1 13
2 1
1 1
2 1
1 3
2 1
1 5
2 1
1 1
2 1
1 4
2 1
1 25
2 1
1 3
2 1
1 1
2 1
1 5
2 1
1 3
2 1
1 28
2 2
1 6
2 1
1 1
2 1
1 9
2 1
1 16
2 1
1 3
2 1
1 10
2 1
1 5
2 1
1 20
2 1
1 4
2 1
1 18
2 1
1 94
2 1
1 1
2 1
1 5
2 1
1 22
2 1
1 12
2 1
1 15
2 1
1 7
2 1
1 4
2 1
1 1
2 1
1 2
2 3
1 4
2 1
1 12
2 1
1 1
2 1
1 1
2 1
1 7
2 1
1 6
2 1
1 3
2 1
1 9
2 1
1 32
2 1
1 12
2 2
1 10
2 2
1 1
2 1
1 5
2 1
1 2
2 1
1 4
2 1
1 7
2 1
1 11
2 1
1 9
2 2
1 3
2 1
1 3
2 1
1 3
2 1
1 6
2 1
1 10
2 1
1 5
2 1
1 9
2 1
1 12
2 1
1 11
2 1
1 2
2 1
1 19
2 1
1 1
2 1
1 1
2 1
1 3
2 2
1 8
2 1
1 10
2 1
1 27
2 2
1 10
2 1
1 88
2 1
1 42
2 1
1 3
2 1
1 4
2 1
1 7
2 1
1 4
2 1
1 1
2 1
1 23
2 1
1 1
2 1
1 2
2 1
1 2
2 2
1 7
2 1
1 44
2 1
1 3
2 1
1 3
2 1
1 5
2 2
1 7
2 3
1 1
2 2
1 7
2 1
1 1
2 1
1 2
2 1
1 1
2 1
1 2
2 1
1 17
2 1
1 9
2 1
1 1
2 1
1 17
2 1
1 18
2 1
1 1
2 1
1 5
2 1
1 2
2 1
1 6
2 1
1 1
2 1
1 2
2 1
1 9
2 1
1 3
2 2
1 17
2 1
1 3
2 1
1 5
2 1
1 9
2 1
1 2
2 1
1 3
2 1
1 15
2 1
1 23
2 1
1 83
2 1
1 7
2 1
1 6
2 1
1 3
2 1
1 7
2 1
1 3
2 1
1 1
2 1
1 13
2 1
1 1
2 1
1 2
2 1
1 7
2 1
1 3
2 1
1 3
2 1
1 4
2 1
1 11
2 1
1 11
2 1
1 9
2 1
1 6
2 2
1 6
2 1
1 5
2 1
1 2
2 1
1 7
2 1
1 27
2 1
1 6
2 1
1 3
2 1
1 1
2 1
1 1
2 1
1 4
2 1
1 7
2 1
1 12
2 1
1 2
2 1
1 4
2 1
1 5
2 1
1 1
2 1
1 20
2 1
1 3
2 1
1 23
2 1
1 10
2 1
1 5
2 1
1 3
2 1
1 43
2 1
1 5
2 1
1 28
2 1
1 28
2 1
1 77
2 1
1 13
2 1
1 3
2 1
1 21
2 1
1 2
2 1
1 8
2 1
1 3
2 1
1 12
2 1
1 7
2 1
1 3
2 1
1 16
2 1
1 1
2 1
1 1
2 1
1 6
2 1
1 33
2 1
1 3
2 1
1 12
2 1
1 1
2 1
1 8
2 1
1 1
2 2
1 2
2 1
1 4
2 2
1 1
2 1
1 1
2 1
1 1
2 1
1 5
2 1
1 1
2 1
1 2
2 1
1 13
2 1
1 1
2 1
1 4
2 1
1 45
2 1
1 10
2 1
1 3
2 1
1 11
2 1
1 26
2 1
1 8
2 1
1 10
2 1
1 6
2 1
1 3
2 1
1 1
2 1
1 4
2 1
1 9
2 1
1 1
2 1
1 22
2 1
1 97
2 1
1 2
2 1
1 2
2 1
1 1
2 1
1 17
2 1
1 11
2 1
1 7
2 1
1 11
2 1
1 12
2 1
1 16
2 3
1 8
2 2
1 15
2 1
1 11
2 1
1 11
2 1
1 13
2 2
1 3
2 1
1 2
2 1
1 7
2 1
1 11
2 1
1 2
2 1
1 2
2 2
1 3
2 1
1 2
2 2
1 2
2 1
1 1
2 1
1 6
2 2
1 1
2 1
1 15
2 1
1 10
2 1
1 6
2 1
1 19
2 1
1 13
2 1
1 18
2 1
1 11
2 1
1 17
2 1
1 8
2 1
1 147
2 1
1 9
2 1
1 5
2 1
1 4
2 1
1 10
2 1
1 23
2 1
1 10
2 1
1 3
2 1
1 1
2 1
1 9
2 1
1 6
2 1
1 22
2 1
1 15
2 1
1 2
2 1
1 11
2 1
1 2
2 2
1 3
2 1
1 2
2 1
1 6
2 1
1 13
2 1
1 2
2 1
1 26
2 1
1 19
2 1
1 2
2 1
1 10
2 1
1 2
2 1
1 3
2 1
1 21
2 1
1 3
2 1
1 4
2 1
1 2
2 1
1 3
2 1
1 16
2 1
1 2
2 1
1 4
2 1
1 3
2 1
1 8
2 1
1 3
2 1
1 23
2 1
1 9
2 1
1 107
2 1
1 15
2 1
1 4
2 1
1 3
2 1
1 4
2 1
1 2
2 1
1 13
2 1
1 1
2 1
1 3
2 1
1 1
2 1
1 1
2 1
1 3
2 1
1 2
2 1
1 3
2 1
1 6
2 1
1 4
2 1
1 1
2 1
1 1
2 1
1 3
2 1
1 4
2 1
1 29
2 1
1 4
2 1
1 4
2 1
1 6
2 1
1 11
2 1
1 1
2 2
1 4
2 1
1 5
2 1
1 3
2 1
1 3
2 1
1 2
2 1
1 5
2 1
1 8
2 1
1 6
2 1
1 3
2 1
1 5
2 1
1 2
2 1
1 6
2 1
1 2
2 1
1 11
2 1
1 2
2 1
1 9
2 1
1 7
2 1
1 2
2 1
1 8
2 1
1 3
2 1
1 3
2 1
1 4
2 1
1 6
2 1
1 12
2 1
1 17
2 1
1 15
2 1
1 3
2 1
1 4
2 1
1 161
2 1
1 13
2 2
1 4
2 1
1 3
2 1
1 5
2 1
1 2
2 1
1 3
2 1
1 19
2 1
1 2
2 1
1 34
2 1
1 13
2 1
1 1
2 1
1 5
2 1
1 6
2 4
1 2
2 1
1 4
2 1
1 5
2 2
1 5
2 1
1 3
2 1
1 12
2 1
1 1
2 1
1 6
2 1
1 9
2 1
1 1
2 1
1 7
2 1
1 17
2 1
1 13
2 2
1 7
2 1
1 11
2 1
1 3
2 1
1 2
2 1
1 17
2 1
1 8
2 1
1 8
2 1
1 7
2 1
1 10
2 1
1 3
2 1
1 21
2 1
1 1
2 1
1 5
2 1
1 3
2 1
1 25
2 1
1 66
2 1
1 12
2 1
1 3
2 1
1 32
2 1
1 6
2 1
1 4
2 1
1 1
2 2
1 2
2 1
1 3
2 1
1 1
2 1
1 10
2 1
1 9
2 1
1 2
2 1
1 34
2 1
1 1
2 1
1 10
2 1
1 7
2 1
1 1
2 2
1 3
2 3
1 17
2 2
1 6
2 1
1 1
2 1
1 13
2 1
1 7
2 2
1 4
2 1
1 6
2 1
1 47
2 1
1 6
2 1
1 1
2 1
1 2
2 1
1 3
2 3
1 2
2 1
1 4
2 1
1 4
2 1
1 6
2 1
1 18
2 1
1 6
2 1
1 4
2 1
1 17
2 1
1 14
2 1
1 2
2 1
1 3
2 1
1 16
2 1
1 12
2 1
1 67
2 1
1 12
2 1
1 8
2 1
1 16
2 1
1 3
2 1
1 3
2 1
1 1
2 1
1 5
2 2
1 8
2 1
1 2
2 1
1 13
2 1
1 3
2 1
1 1
2 1
1 43
2 1
1 7
2 1
1 1
2 1
1 1
2 1
1 8
2 1
1 1
2 1
1 4
2 1
1 1
2 1
1 3
2 1
1 3
2 1
1 2
2 1
1 6
2 1
1 6
2 2
1 7
2 1
1 10
2 1
1 1
2 1
1 3
2 1
1 1
2 1
1 9
2 1
1 1
2 1
1 16
2 1
1 13
2 1
1 6
2 1
1 1
2 1
1 1
2 1
1 11
2 2
1 15
2 1
1 7
2 1
1 15
2 1
1 7
2 1
1 6
2 1
1 23
2 1
1 1
2 1
1 21
2 1
1 13
2 1
1 12
2 1
1 76
2 1
1 5
2 1
1 4
2 1
1 2
2 1
1 2
2 1
1 16
2 1
1 8
2 1
1 3
2 2
1 14
2 1
1 7
2 1
1 44
2 1
1 5
2 2
1 5
2 1
1 8
2 1
1 2
2 1
1 1
2 2
1 1
2 1
1 16
2 1
1 8
2 1
1 7
2 1
1 23
2 1
1 3
2 1
1 10
2 1
1 12
2 1
1 2
2 1
1 3
2 1
1 2
2 2
1 5
2 1
1 10
2 1
1 16
2 1
1 1
2 1
1 10
2 1
1 18
2 1
1 34
2 1
1 4
2 1
1 5
2 1
1 31
2 1
1 6
2 1
1 5
2 1
1 2
2 1
1 1
2 1
1 67
2 1
1 7
2 1
1 1
2 1
1 8
2 1
1 1
2 1
1 4
2 1
1 4
2 1
1 7
2 1
1 10
2 2
1 4
2 1
1 11
2 1
1 3
2 1
1 6
2 1
1 10
2 1
1 28
2 1
1 2
2 1
1 6
2 2
1 12
2 1
1 1
2 1
1 2
2 1
1 5
2 1
1 2
2 1
1 6
2 1
1 5
2 1
1 7
2 2
1 7
2 1
1 11
2 1
1 4
2 1
1 39
2 1
1 6
2 1
1 1
2 1
1 20
2 1
1 9
2 1
1 9
2 1
1 2
2 1
1 18
2 1
1 6
2 1
1 27
2 1
1 9
2 2
1 6
2 1
1 17
2 1
1 6
2 1
1 8
2 1
1 8
2 1
1 68
2 1
1 8
2 1
1 5
2 1
1 6
2 1
1 10
2 1
1 2
2 1
1 1
2 1
1 13
2 1
1 9
2 1
1 4
2 1
1 4
2 1
1 9
2 1
1 35
2 1
1 9
2 2
1 8
2 2
1 2
2 1
1 1
2 2
1 4
2 1
1 2
2 1
1 2
2 1
1 21
2 1
1 7
2 1
1 11
2 1
1 12
2 2
1 5
2 1
1 6
2 1
1 1
2 1
1 9
2 1
1 1
2 1
1 10
2 1
1 21
2 1
1 2
2 1
1 7
2 1
1 32
2 1
1 5
2 1
1 9
2 1
1 6
2 1
1 10
2 1
1 9
2 1
1 1
2 1
1 18
2 1
1 17
2 1
1 84
2 1
1 4
2 1
1 10
2 1
1 13
2 1
1 1
2 1
1 1
2 1
1 4
2 1
1 2
2 1
1 12
2 1
1 3
2 1
1 25
2 1
1 32
2 1
1 5
2 1
1 7
2 1
1 1
2 1
1 3
2 1
1 7
2 1
1 2
2 1
1 7
2 1
1 15
2 1
1 12
2 1
1 7
2 1
1 3
2 1
1 6
2 1
1 2
2 2
1 5
2 1
1 12
2 1
1 6
2 1
1 10
2 1
1 9
2 1
1 6
2 1
1 1
2 1
1 2
2 1
1 2
2 1
1 2
2 1
1 4
2 1
1 3
2 1
1 2
2 1
1 15
2 1
1 9
2 1
1 18
2 1
1 6
2 1
1 7
2 1
1 4
2 1
1 3
2 1
1 3
2 1
1 46
2 1
1 73
2 1
1 5
2 2
1 22
2 1
1 8
2 1
1 3
2 1
1 1
2 1
1 3
2 1
1 1
2 1
1 3
2 1
1 1
2 2
1 2
2 1
1 3
2 2
1 50
2 2
1 3
2 1
1 1
2 2
1 16
2 1
1 14
2 1
1 8
2 1
1 6
2 1
1 20
2 1
1 18
2 1
1 14
2 1
1 2
2 1
1 14
2 1
1 8
2 1
1 7
2 1
1 7
2 1
1 2
2 1
1 5
2 1
1 2
2 1
1 7
2 1
1 8
2 1
1 1
2 1
1 10
2 1
1 17
2 1
1 11
2 1
1 11
2 1
1 20
2 1
1 13
2 1
1 8
2 1
1 7
2 1
1 26
2 1
1 43
2 1
1 1
2 1
1 4
2 1
1 1
2 1
1 20
2 1
1 3
2 1
1 3
2 1
1 5
2 1
1 6
2 1
1 1
2 1
1 2
2 1
1 1
2 1
1 58
2 1
1 1
2 1
1 3
2 1
1 1
2 2
1 18
2 1
1 5
2 1
1 19
2 1
1 3
2 1
1 8
2 1
1 2
2 1
1 1
2 1
1 3
2 1
1 1
2 2
1 7
2 1
1 2
2 1
1 7
2 1
1 2
2 1
1 2
2 1
1 19
2 1
1 8
2 1
1 2
2 2
1 1
2 1
1 8
2 2
1 1
2 1
1 4
2 1
1 2
2 1
1 1
2 1
1 5
2 1
1 1
2 1
1 2
2 1
1 8
2 1
1 53
2 2
1 3
2 1
1 14
2 1
1 19
2 1
1 15
2 1
1 1
2 1
1 11
2 1
1 2
2 1
1 52
2 1
1 1
2 1
1 1
2 2
1 7
2 1
1 6
2 1
1 16
2 1
1 2
2 1
1 5
2 2
1 6
2 1
1 63
2 2
1 1
2 1
1 2
0 1
2 3
1 6
2 1
1 37
2 1
1 1
2 1
1 22
2 1
1 2
2 1
1 4
2 1
1 3
2 1
1 3
2 1
1 38
2 1
1 1
2 2
1 2
2 1
1 10
2 1
1 2
2 1
1 4
2 2
1 1
2 1
1 11
2 1
1 7
2 1
1 2
2 2
1 1
2 1
1 7
2 1
1 3
2 1
1 7
2 1
1 27
2 1
1 23
2 1
1 2
2 1
1 10
2 1
1 17
2 1
1 1
2 1
1 2
2 1
1 22
2 1
1 16
2 1
1 17
2 1
1 5
2 1
1 6
2 1
1 23
2 1
1 5
2 2
1 1
2 1
1 9
2 1
1 4
2 2
1 2
2 1
1 1
2 1
1 57
2 2
1 7
2 1
1 37
2 1
1 1
2 1
1 6
2 1
1 15
2 1
1 8
2 2
1 4
2 1
1 2
2 1
1 5
2 1
1 37
2 1
1 5
2 1
1 13
2 1
1 4
2 2
1 13
2 1
1 7
2 2
1 17
2 1
1 12
2 2
1 1
2 1
1 37
2 1
1 12
2 1
1 11
2 1
1 6
2 1
1 11
2 1
1 5
2 1
1 16
2 1
1 42
2 1
1 5
2 1
1 23
2 1
1 9
2 2
1 3
2 1
1 4
2 1
1 39
2 1
1 24
2 3
1 5
2 1
1 28
2 1
1 1
2 1
1 7
2 1
1 1
2 1
1 7
2 1
1 24
2 1
1 5
2 1
1 13
2 1
1 17
2 1
1 35
2 1
1 3
2 1
1 4
2 1
1 7
2 1
1 3
2 1
1 4
2 1
1 23
2 1
1 5
2 1
1 2
2 2
1 1
2 1
1 3
2 1
1 20
2 1
1 78
2 1
1 37
2 1
1 8
2 1
1 3
2 1
1 23
2 1
1 8
2 1
1 5
2 1
1 42
2 1
1 21
2 1
1 1
2 1
1 1
2 1
1 6
2 1
1 8
2 1
1 27
2 1
1 1
2 1
1 1
2 1
1 1
2 1
1 30
2 1
1 5
2 1
1 10
2 1
1 2
2 1
1 8
2 1
1 23
2 1
1 5
2 1
1 13
2 1
1 8
2 1
1 8
2 1
1 3
2 1
1 12
2 1
1 17
2 1
1 1
2 1
1 7
2 1
1 3
2 1
1 5
2 1
1 33
2 1
1 2
2 1
1 26
2 1
1 65
2 1
1 7
2 1
1 2
2 2
1 8
2 1
1 15
2 2
1 12
2 1
1 1
2 1
1 1
2 1
1 62
2 1
1 26
2 1
1 2
2 1
1 1
2 1
1 5
2 1
1 9
2 1
1 2
2 1
1 9
2 1
1 21
2 1
1 3
2 1
1 4
2 1
1 14
2 1
1 25
2 1
1 5
2 1
1 7
2 1
1 6
2 1
1 17
2 1
1 4
2 1
1 2
2 1
1 13
2 1
1 11
2 1
1 7
2 2
1 3
2 1
1 1
2 1
1 4
2 1
1 12
2 1
1 1
2 1
1 5
2 1
1 4
2 1
1 16
2 1
1 19
2 1
1 9
2 1
1 3
2 1
1 54
2 1
1 11
2 1
1 1
2 1
1 4
2 1
1 2
2 1
1 29
2 2
1 13
2 1
1 46
2 1
1 3
2 1
1 1
2 1
1 4
2 1
1 1
2 1
1 41
2 1
1 3
2 2
1 3
2 1
1 3
2 1
1 5
2 1
1 21
2 1
1 10
2 1
1 8
2 1
1 3
2 1
1 3
2 3
1 28
2 1
1 31
2 1
1 2
2 1
1 11
2 1
1 13
2 1
1 2
2 1
1 14
2 1
1 30
2 1
1 4
2 1
1 4
2 1
1 11
2 1
1 9
2 1
1 75
2 1
1 5
2 2
1 4
2 2
1 17
2 1
1 1
2 1
1 9
2 2
1 2
2 1
1 62
2 1
1 5
2 1
1 1
2 1
1 8
2 1
1 43
2 1
1 1
2 1
1 1
2 1
1 1
2 1
1 1
2 1
1 25
2 1
1 1
2 1
1 19
2 1
1 5
2 1
1 20
2 1
1 25
2 1
1 28
2 1
1 21
2 1
1 5
2 1
1 16
2 1
1 1
2 1
1 6
2 1
1 16
2 1
1 2
2 1
1 19
2 1
1 1
2 2
1 74
2 1
1 1
2 1
1 8
2 1
1 17
2 1
1 10
2 1
1 1
2 1
1 1
2 1
1 26
2 1
1 1
2 1
1 33
2 2
1 2
2 1
1 4
2 1
1 1
2 1
1 1
2 1
1 1
2 1
1 13
2 1
1 14
2 1
1 23
2 1
1 2
2 1
1 9
2 1
1 1
2 1
1 9
2 1
1 3
2 1
1 10
2 1
1 10
2 1
1 6
2 1
1 11
2 1
1 27
2 1
1 1
2 1
1 3
2 1
1 64
2 1
1 10
2 1
1 5
2 1
1 9
2 1
1 32
2 1
1 6
2 1
1 2
2 1
1 25
2 1
1 33
2 1
1 3
2 1
1 10
2 1
1 4
2 1
1 17
2 1
1 1
2 1
1 3
2 1
1 32
2 1
1 1
2 1
1 33
2 1
1 7
2 1
1 2
2 1
1 4
2 3
1 10
2 1
1 9
2 1
1 11
2 1
1 17
2 1
1 1
2 1
1 4
2 1
1 4
2 1
1 9
2 1
1 1
2 2
1 4
2 1
1 23
2 1
1 14
2 1
1 8
2 1
1 47
2 1
1 2
2 1
1 4
2 1
1 2
2 1
1 1
2 1
1 12
2 1
1 7
2 2
1 16
2 1
1 7
2 1
1 8
2 1
1 14
2 1
1 2
2 1
1 5
2 1
1 15
2 1
1 1
2 1
1 26
2 1
1 37
2 1
1 2
2 1
1 1
2 1
1 6
2 1
1 10
2 1
1 10
2 1
1 5
2 2
1 3
2 1
1 60
2 2
1 2
2 1
1 6
2 1
1 3
2 1
1 5
2 1
1 15
2 1
1 13
2 1
1 2
2 1
1 1
2 1
1 1
2 1
1 8
2 1
1 6
2 1
1 6
2 2
1 8
2 1
1 2
2 1
1 5
2 2
1 2
2 1
1 18
2 1
1 12
2 1
1 33
2 1
1 5
2 1
1 30
2 1
1 42
2 1
1 16
2 1
1 9
2 1
1 4
2 1
1 3
2 1
1 5
2 1
1 5
2 1
1 3
2 1
1 6
2 1
1 13
2 1
1 43
2 1
1 8
2 1
1 2
2 1
1 8
2 1
1 6
2 1
1 12
2 1
1 3
2 1
1 1
2 2
1 4
2 1
1 42
2 1
1 15
2 1
1 4
2 1
1 1
2 1
1 4
2 1
1 3
2 1
1 25
2 1
1 14
2 1
1 11
2 1
1 5
2 1
1 5
2 1
1 95
2 1
1 2
2 1
1 64
2 1
1 4
2 1
1 36
2 1
1 5
2 1
1 7
2 1
1 8
2 1
1 25
2 1
1 31
2 1
1 25
2 1
1 3
2 2
1 2
2 1
1 8
2 1
1 5
2 1
1 3
2 1
1 27
2 1
1 15
2 1
1 3
2 1
1 7
2 3
1 16
2 1
1 4
2 1
1 5
2 1
1 5
2 1
1 19
2 2
1 2
2 1
1 17
2 1
1 17
2 1
1 28
2 1
1 10
2 1
1 18
2 1
1 39
2 1
1 71
2 1
1 33
2 1
1 37
2 1
1 28
2 1
1 25
2 1
1 11
2 1
1 6
2 2
1 3
2 1
1 5
2 1
1 18
2 3
1 10
2 1
1 10
2 1
1 1
2 1
1 4
2 1
1 4
2 2
1 1
2 1
1 1
2 1
1 14
2 2
1 9
2 1
1 4
2 1
1 10
2 1
1 15
2 1
1 15
2 1
1 2
2 1
1 26
2 1
1 5
2 1
1 34
2 1
1 5
2 1
1 8
2 1
1 15
2 1
1 9
2 1
1 3
2 1
1 15
2 1
1 1
2 1
1 1
2 1
1 2
2 1
1 23
2 1
1 70
2 1
1 5
2 1
1 49
2 1
1 7
2 1
1 9
2 1
1 13
2 1
1 2
2 1
1 9
2 1
1 7
0 1
1 19
2 2
1 3
2 1
1 1
2 1
1 2
2 1
1 4
2 1
1 22
2 2
1 23
2 1
1 5
2 1
1 4
2 1
1 7
2 1
1 3
2 1
1 14
2 1
1 3
2 1
1 23
2 1
1 19
2 1
1 3
2 1
1 4
2 2
1 9
2 1
1 22
2 1
1 46
2 1
1 7
2 1
1 21
2 1
1 11
2 1
1 11
2 1
1 13
2 1
1 11
2 1
1 104
2 1
1 16
2 1
1 6
2 1
1 4
2 1
1 3
2 1
1 12
2 1
1 10
2 1
1 15
2 1
1 16
2 1
1 1
2 3
1 8
2 1
1 15
2 2
1 2
2 1
1 3
2 1
1 4
2 1
1 3
2 1
1 59
2 1
1 12
2 1
1 4
2 1
1 14
2 1
1 8
2 1
1 1
2 1
1 17
2 1
1 7
2 1
1 8
2 1
1 20
2 1
1 4
2 1
1 4
2 1
1 19
2 1
1 1
2 1
1 8
2 1
1 82
2 1
1 59
2 2
1 2
2 1
1 2
2 1
1 7
2 1
1 2
2 1
1 8
2 1
1 5
2 1
1 3
2 1
1 9
2 1
1 21
2 1
1 13
2 2
1 6
2 4
1 1
2 1
1 7
2 1
1 8
2 1
1 2
2 1
1 19
2 1
1 1
2 1
1 2
2 1
1 18
2 1
1 3
2 1
1 10
2 1
1 16
2 1
1 31
2 1
1 10
2 2
1 21
2 1
1 9
2 1
1 4
2 1
1 3
2 1
1 5
2 1
1 12
2 1
1 8
2 1
1 12
2 2
1 6
2 1
1 7
2 1
1 3
2 1
1 21
2 1
1 49
2 1
1 9
2 1
1 49
2 1
1 12
2 1
1 5
2 1
1 1
2 1
1 22
2 1
1 28
2 1
1 10
2 1
1 2
2 1
1 4
2 1
1 8
2 1
1 1
2 1
1 3
2 1
1 3
2 1
1 10
2 2
1 2
2 1
1 15
2 1
1 3
2 1
1 4
2 1
1 8
2 1
1 4
2 2
1 2
2 1
1 12
2 1
1 1
2 1
1 12
2 1
1 4
2 1
1 23
2 1
1 4
2 1
1 5
2 1
1 7
2 1
1 22
2 2
1 8
2 1
1 14
2 1
1 2
2 2
1 17
2 1
1 2
2 1
1 7
2 1
1 6
2 1
1 1
2 1
1 2
2 1
1 11
2 1
1 4
2 1
1 2
2 2
1 15
2 1
1 37
2 1
1 61
2 1
1 16
2 1
1 6
2 1
1 22
2 1
1 6
2 1
1 22
2 1
1 4
2 1
1 3
2 1
1 9
2 1
1 5
2 1
1 1
2 3
1 1
2 1
1 5
2 1
1 5
2 1
1 3
2 1
1 3
2 1
1 4
2 1
1 2
2 1
1 5
2 2
1 2
2 1
1 4
2 1
1 3
2 1
1 9
2 1
1 8
2 2
1 11
2 1
1 6
2 1
1 8
2 1
1 9
2 1
1 19
2 1
1 8
2 1
1 3
2 1
1 1
2 1
1 34
2 1
1 8
2 1
1 5
2 1
1 3
2 2
1 16
2 1
1 4
2 1
1 12
2 1
1 3
2 1
1 1
2 1
1 8
2 1
1 1
2 1
1 1
2 1
1 26
2 1
1 31
2 1
1 80
2 1
1 26
0 1
1 2
2 1
1 21
2 1
1 11
2 1
1 3
2 2
1 8
2 1
1 8
2 1
1 2
2 2
1 4
2 1
1 2
2 1
1 2
2 1
1 3
2 1
1 2
2 1
1 3
2 1
1 2
2 1
1 2
2 1
1 1
2 1
1 7
2 1
1 9
2 1
1 10
2 1
1 26
2 1
1 8
2 1
1 1
2 1
1 27
2 1
1 14
2 1
1 4
2 1
1 9
2 1
1 17
2 1
1 1
2 1
1 8
2 1
1 1
2 1
1 5
2 2
1 1
2 1
1 8
2 1
1 1
2 1
1 9
2 2
1 3
2 1
1 1
2 1
1 2
2 1
1 20
2 1
1 3
2 1
1 6
2 1
1 3
2 1
1 7
2 1
1 1
2 1
1 44
2 1
1 3
2 1
1 71
2 1
1 3
2 1
1 7
2 1
1 10
2 1
1 1
2 1
1 5
2 1
1 7
2 1
1 13
2 1
1 1
2 1
1 5
2 2
1 9
2 1
1 13
2 1
1 2
2 1
1 2
2 1
1 15
2 1
1 1
2 1
1 1
2 1
1 4
2 1
1 16
2 1
1 2
2 1
1 8
2 1
1 13
2 1
1 9
2 1
1 2
2 1
1 3
2 1
1 2
2 1
1 1
2 1
1 1
2 1
1 1
2 1
1 39
2 1
1 12
2 1
1 11
2 1
1 17
2 1
1 7
2 1
1 2
2 1
1 13
2 1
1 14
2 1
1 5
2 1
1 3
2 1
1 3
2 1
1 10
2 1
1 6
2 1
1 3
2 1
1 9
2 1
1 3
2 1
1 2
2 1
1 32
2 1
1 12
2 1
1 74
2 1
1 7
2 1
1 1
2 1
1 1
2 1
1 5
2 1
1 7
2 2
1 9
2 1
1 2
2 1
1 5
2 1
1 4
2 1
1 9
2 1
1 17
2 1
1 2
2 1
1 2
2 1
1 3
2 2
1 1
2 1
1 1
2 1
1 3
2 1
1 10
2 1
1 2
2 1
1 7
2 2
1 6
2 1
1 3
2 1
1 6
2 1
1 6
2 1
1 8
2 1
1 11
2 1
1 2
2 1
1 4
2 1
1 4
2 1
1 28
2 1
1 6
2 1
1 6
2 1
1 4
2 1
1 6
2 2
1 17
2 1
1 17
2 1
1 9
2 1
1 11
2 1
1 6
2 1
1 1
2 2
1 2
2 1
1 2
2 1
1 1
2 1
1 3
2 1
1 23
2 1
1 3
2 1
1 2
2 1
1 4
2 1
1 3
2 1
1 35
2 1
1 13
2 1
1 81
2 1
1 3
2 1
1 11
2 1
1 9
2 1
1 11
2 1
1 20
2 1
1 10
2 2
1 3
2 2
1 7
2 1
1 1
2 1
1 9
2 1
1 27
2 1
1 4
2 1
1 3
2 1
1 4
2 1
1 12
2 1
1 15
2 1
1 2
2 1
1 11
2 1
1 5
2 1
1 12
2 1
1 3
2 1
1 6
2 1
1 1
2 1
1 4
2 1
1 8
2 1
1 10
2 1
1 16
2 1
1 2
2 1
1 26
2 1
1 2
2 1
1 1
2 1
1 3
2 1
1 3
2 1
1 2
2 1
1 1
2 1
1 3
2 1
1 4
2 2
1 16
2 1
1 4
2 1
1 6
2 1
1 3
2 1
1 5
2 2
1 4
2 1
1 12
2 1
1 11
2 1
1 81
2 1
1 17
2 1
1 8
2 1
1 1
2 1
1 1
2 1
1 3
0 1
2 1
1 1
2 1
1 1
2 1
0 1
1 1
2 1
1 10
2 2
1 7
2 1
1 3
2 1
1 15
2 2
1 2
2 1
1 37
2 1
1 3
2 1
1 3
2 2
1 8
2 1
1 13
2 1
1 44
2 1
1 3
2 1
1 21
2 1
1 16
2 1
1 1
2 1
1 1
2 1
1 39
2 1
1 9
2 1
1 5
2 2
1 2
2 1
1 3
2 1
1 2
2 1
1 5
2 1
1 5
2 1
1 7
2 1
1 2
2 1
1 10
2 1
1 4
2 1
1 26
2 1
1 19
2 1
1 77
2 1
1 15
2 1
1 1
2 1
1 8
2 2
1 1
2 1
1 6
2 3
1 1
0 1
2 1
1 1
2 1
1 5
2 1
1 5
2 1
1 27
2 1
1 2
2 1
1 3
2 1
1 2
2 1
1 2
2 2
1 10
2 2
1 2
2 1
1 2
2 1
1 2
2 2
1 5
2 2
1 4
2 1
1 11
2 1
1 12
2 1
1 2
2 1
1 11
2 2
1 1
2 1
1 13
2 1
1 2
2 1
1 2
2 1
1 9
2 1
1 3
2 1
1 7
2 1
1 3
2 1
1 4
2 1
1 11
2 1
1 4
2 1
1 9
2 1
1 5
2 1
1 10
2 1
1 1
2 1
1 32
2 1
1 22
2 2
1 1
2 1
1 4
2 1
1 16
2 1
1 13
2 1
1 2
2 1
1 6
2 1
1 64
2 1
1 53
2 3
1 9
2 1
1 2
2 2
1 4
2 1
1 2
2 1
1 1
2 1
0 1
1 1
2 1
1 15
2 1
1 4
2 1
1 1
2 1
1 14
2 2
1 2
2 1
1 3
2 1
1 2
2 1
1 14
2 1
1 2
2 2
1 7
2 1
1 3
2 1
1 4
2 1
1 6
2 1
1 7
2 1
1 1
2 1
1 24
2 1
1 16
2 1
1 13
2 1
1 5
2 1
1 5
2 1
1 7
2 1
1 5
2 1
1 8
2 1
1 1
2 1
1 4
2 1
1 12
2 1
1 4
2 1
1 26
2 1
1 13
2 1
1 11
2 1
1 6
2 1
1 12
2 1
1 18
2 1
1 9
2 1
1 1
2 1
1 2
2 1
1 6
2 1
1 2
2 1
1 31
2 1
1 81
2 1
1 7
2 1
1 8
0 1
2 1
1 1
2 1
1 2
2 1
1 2
2 1
1 42
2 1
1 4
2 2
1 1
2 1
1 14
2 2
1 6
2 1
1 5
2 1
1 7
2 1
1 7
2 2
1 39
2 1
1 5
2 1
1 35
2 1
1 2
2 1
1 4
2 1
1 1
2 1
1 28
2 1
1 5
2 1
1 14
2 1
1 1
2 1
1 2
2 1
1 11
2 1
1 10
2 1
1 4
2 1
1 1
2 1
1 3
2 1
1 17
2 1
1 17
2 1
1 5
2 1
1 11
2 1
1 31
2 1
1 96
0 1
2 1
1 10
2 2
1 7
0 1
1 8
2 1
1 17
2 1
1 3
2 1
1 10
2 1
1 2
2 2
1 2
2 1
1 2
2 1
1 19
2 1
1 8
2 1
1 5
2 2
1 6
2 1
1 5
2 1
1 1
2 1
1 11
2 1
1 16
2 1
1 19
2 1
1 6
2 1
1 12
2 1
1 4
2 1
1 19
2 1
1 7
2 1
1 5
2 1
1 10
2 1
1 5
2 1
1 8
2 1
1 1
2 1
1 2
2 1
1 9
2 1
1 5
2 1
1 3
2 1
1 9
2 1
1 9
2 1
1 17
2 1
1 8
2 1
1 4
2 1
1 4
2 1
1 4
2 1
1 13
2 1
1 32
2 1
1 93
2 1
1 4
2 1
1 6
2 1
1 25
2 1
1 18
2 1
1 2
2 1
1 4
2 1
1 1
2 1
1 4
2 1
1 1
2 1
1 8
2 1
1 2
2 1
1 7
2 1
1 6
2 1
1 3
2 2
1 11
2 1
1 5
2 1
1 2
2 1
1 2
2 1
1 2
2 2
1 3
2 1
1 8
2 1
1 4
2 1
1 14
2 1
1 13
2 1
1 27
2 1
1 4
2 1
1 11
2 1
1 11
2 1
1 9
2 1
1 1
2 1
1 6
2 1
1 19
2 1
1 8
2 1
1 5
2 2
1 9
2 1
1 14
2 1
1 11
2 1
1 8
2 1
1 18
2 1
1 6
2 1
1 3
2 1
1 7
2 1
1 104
2 2
1 7
2 1
1 27
2 1
1 3
2 1
1 13
2 1
1 2
2 1
1 1
2 2
1 8
2 1
1 7
2 1
1 4
2 1
1 8
2 1
1 21
2 2
1 3
2 1
1 2
2 1
1 4
2 1
1 6
2 1
1 10
2 1
1 8
2 1
1 24
2 1
1 41
2 1
1 2
2 1
1 11
2 1
1 3
2 1
1 11
2 1
1 2
2 1
1 10
2 1
1 8
2 1
1 1
2 1
1 11
2 1
1 1
2 1
1 6
2 1
1 2
2 1
1 5
2 3
1 3
2 1
1 12
2 1
1 11
2 1
1 4
2 1
1 1
2 1
1 37
2 1
1 66
2 1
1 27
2 1
1 6
2 1
0 1
2 1
1 1
2 1
1 3
2 1
1 9
2 1
1 10
2 1
1 2
2 1
1 17
2 1
1 2
2 1
1 3
2 1
1 1
2 1
1 3
2 2
1 6
2 1
1 3
2 1
1 4
2 1
1 12
2 1
1 4
2 1
1 1
2 1
1 2
2 1
1 6
2 1
1 11
2 1
1 9
2 1
1 7
2 1
1 8
2 1
1 37
2 1
1 17
2 1
1 13
2 1
1 2
2 1
1 1
2 1
1 22
2 1
1 8
2 1
1 1
2 1
1 22
2 1
1 1
2 1
1 2
2 1
1 1
2 1
1 19
2 1
1 10
2 1
1 2
2 1
1 1
2 1
1 12
2 2
1 20
2 1
1 4
2 1
1 28
2 1
1 3
2 1
1 5
2 1
1 72
2 1
1 4
2 1
1 21
2 1
1 3
2 1
1 2
2 1
1 3
2 1
1 15
2 1
1 3
2 1
1 2
2 2
1 4
2 1
1 3
2 1
1 21
2 1
1 3
2 1
1 4
2 1
1 1
2 1
1 2
2 1
1 4
2 1
1 7
2 1
1 1
2 1
1 7
2 1
1 2
2 1
1 5
2 1
1 4
2 1
1 4
2 1
1 41
2 1
1 5
2 1
1 7
2 1
1 2
2 1
1 14
2 1
1 10
2 1
1 9
2 1
1 5
2 1
1 10
2 1
1 22
2 1
1 5
2 1
1 3
2 1
1 28
2 1
1 7
2 1
1 7
2 1
1 6
2 1
1 54
2 1
1 72
2 1
1 1
0 1
3 1
1 1
2 1
1 3
0 1
2 1
1 1
2 1
1 13
2 1
1 34
2 1
1 5
2 2
1 2
2 1
1 1
2 1
1 7
2 1
1 7
2 2
1 8
2 1
1 2
2 1
1 6
2 1
1 7
2 1
1 1
2 1
1 4
2 1
1 12
2 1
1 1
2 2
1 4
2 1
1 2
2 1
1 4
2 1
1 2
2 1
1 22
2 1
1 18
2 1
1 3
2 1
1 15
2 1
1 10
2 1
1 3
2 1
1 6
2 1
1 8
2 1
1 12
2 1
1 9
2 1
1 21
2 1
1 37
2 1
1 1
2 1
1 3
2 1
1 3
2 2
1 1
2 1
1 2
2 1
1 1
2 1
1 1
2 2
1 14
2 1
1 38
2 1
1 79
2 1
1 1
0 1
1 1
2 1
1 1
2 1
1 1
2 1
0 1
1 23
2 1
1 20
3 1
1 5
2 1
1 4
2 1
1 3
2 1
1 1
2 2
1 6
2 1
1 10
2 1
1 1
2 1
1 2
2 1
1 2
2 1
1 3
2 1
1 32
2 1
1 3
2 1
1 14
2 1
1 13
2 1
1 16
2 1
1 22
2 1
1 17
2 1
1 6
2 1
1 9
2 1
1 2
2 1
1 2
2 2
1 1
2 2
1 5
2 1
1 6
2 1
1 13
2 1
1 2
2 1
1 3
2 1
1 14
2 1
1 1
2 1
1 22
2 1
1 3
2 1
1 3
2 1
1 1
2 1
1 2
2 2
1 4
2 1
1 131
2 1
1 4
2 1
1 3
2 1
1 7
2 1
1 38
2 2
1 4
2 1
1 4
2 1
1 5
2 1
1 4
2 1
1 15
2 1
1 3
2 1
1 1
2 1
1 9
2 1
1 1
2 2
1 7
2 1
1 7
2 1
1 4
2 1
1 4
2 1
1 1
2 1
1 1
2 1
1 20
2 1
1 30
2 1
1 17
2 1
1 34
2 1
1 3
2 1
1 1
2 1
1 14
2 1
1 6
2 1
1 7
2 1
1 1
2 1
1 13
2 1
1 3
2 1
1 15
2 1
1 1
2 1
1 1
2 1
1 6
2 1
1 1
2 1
1 13
2 2
1 14
2 1
1 119
2 1
1 1
2 1
1 12
2 1
1 14
2 1
1 24
2 1
1 1
2 1
1 1
2 1
1 2
2 1
1 1
2 1
1 3
2 1
1 2
2 1
1 9
2 1
1 5
2 1
1 2
2 2
1 6
2 1
1 3
2 1
1 4
2 1
1 3
2 1
1 1
2 1
1 6
2 1
1 3
2 1
1 10
2 2
1 7
2 1
1 4
2 1
1 9
2 1
1 12
2 1
1 66
2 1
1 2
2 1
1 2
2 1
1 9
2 1
1 6
2 1
1 4
2 1
1 5
2 1
1 7
2 2
1 17
2 2
1 17
2 1
1 10
2 1
1 20
2 1
1 8
2 1
1 69
2 1
1 45
2 1
1 11
0 1
2 1
1 45
2 2
1 16
2 1
1 2
2 1
1 4
2 1
1 12
2 1
1 4
2 1
1 2
2 1
1 4
2 1
1 1
2 1
1 2
2 1
1 2
2 1
1 3
2 2
1 3
2 1
1 4
2 1
1 3
2 1
1 2
2 1
1 1
2 1
1 2
2 1
1 7
2 1
1 21
2 2
1 7
2 1
1 24
2 1
1 1
2 1
1 39
2 1
1 19
2 1
1 4
2 1
1 1
2 1
1 6
2 1
1 3
2 1
1 17
2 1
1 26
2 1
1 7
2 1
1 16
2 1
1 4
2 1
1 2
2 1
1 112
2 1
1 5
2 1
1 11
2 1
1 2
2 1
1 15
2 1
1 23
2 1
1 7
2 1
1 6
2 1
1 5
2 1
1 5
2 1
1 1
2 1
1 1
2 1
1 5
2 1
1 1
2 1
1 5
2 1
1 4
2 1
1 5
2 1
1 6
2 1
1 2
2 1
1 3
2 1
1 2
2 1
1 1
2 1
1 11
2 1
1 13
2 1
1 12
2 1
1 6
2 1
1 5
2 1
1 4
2 1
1 10
2 1
1 16
2 1
1 1
2 1
1 7
2 1
1 7
2 1
1 11
2 1
1 3
2 1
1 3
2 1
1 5
2 1
1 3
2 1
1 10
2 1
1 4
2 1
1 3
2 1
1 15
2 1
1 28
2 1
1 7
2 1
1 6
2 1
1 6
2 1
1 4
2 1
1 2
2 1
1 121
2 1
1 29
2 1
1 24
2 2
1 3
2 1
1 2
2 1
1 1
2 1
1 3
2 1
1 3
2 1
1 2
2 1
1 4
2 2
1 11
2 1
1 3
2 1
1 1
2 1
1 2
2 1
1 5
2 1
1 3
2 1
1 10
2 2
1 3
2 2
1 7
2 1
1 16
2 1
1 6
2 1
1 3
2 2
1 18
2 1
1 11
2 1
1 4
2 1
1 5
2 1
1 28
2 1
1 3
2 1
1 16
2 1
1 2
2 1
1 4
2 1
1 11
2 1
1 13
2 1
1 3
2 1
1 3
2 1
1 20
2 1
1 8
2 1
1 4
2 1
1 17
2 1
1 120
2 2
1 14
2 1
1 14
2 1
1 6
2 1
1 4
2 1
1 17
2 2
1 2
2 1
1 3
2 2
1 5
2 1
1 1
2 1
1 1
2 1
1 3
2 1
1 2
2 1
1 6
2 1
1 5
2 1
1 2
2 1
1 2
2 1
1 1
2 2
1 12
2 1
1 3
2 1
1 2
2 1
1 7
2 1
1 9
2 1
1 11
2 1
1 1
2 1
1 1
2 1
1 4
2 1
1 2
2 2
1 3
2 1
1 7
2 1
1 6
2 1
1 12
2 1
1 21
2 1
1 20
2 1
1 1
2 1
1 1
2 1
1 2
2 1
1 3
2 1
1 11
2 1
1 4
2 1
1 5
2 2
1 2
2 1
1 18
2 1
1 2
2 1
1 3
2 1
1 3
2 1
1 20
2 1
1 8
2 1
1 2
2 1
1 7
2 1
1 123
2 1
1 1
2 1
1 5
2 1
1 5
2 1
1 5
2 1
1 8
2 1
1 4
2 1
1 29
2 2
1 1
2 1
1 2
2 1
1 3
2 1
1 2
2 2
1 2
2 1
1 5
2 1
1 11
2 1
1 13
2 1
1 2
2 1
1 4
2 1
1 4
2 2
1 1
2 1
1 7
2 1
1 3
2 1
1 1
2 4
1 24
2 1
1 5
2 1
1 6
2 1
1 13
2 1
1 8
2 1
1 9
2 1
1 1
2 1
1 17
2 1
1 4
2 1
1 6
2 1
1 4
2 1
1 3
2 1
1 12
2 1
1 13
2 1
1 9
2 1
1 2
2 1
1 9
2 1
1 2
2 1
1 9
2 1
1 9
2 1
1 19
2 2
1 9
2 1
1 27
2 1
1 22
2 1
1 67
2 1
1 6
2 1
1 2
2 1
1 2
0 1
2 1
1 4
2 1
1 1
2 1
1 1
2 1
1 3
2 1
1 10
2 1
1 6
2 1
1 18
2 2
1 11
2 1
1 1
2 1
1 2
2 3
1 1
2 1
1 1
2 1
1 4
2 2
1 4
2 1
1 12
2 1
1 2
2 1
1 4
2 1
1 2
2 1
1 1
2 2
1 1
2 1
1 3
2 1
1 5
2 1
1 6
2 2
1 2
2 1
1 9
2 1
1 10
2 1
1 4
2 1
1 8
2 1
1 12
2 1
1 11
2 1
1 4
2 1
1 2
2 1
1 3
2 1
1 6
2 1
1 7
2 1
1 22
2 1
1 19
2 1
1 7
2 1
1 7
2 1
1 16
2 1
1 3
2 1
1 1
2 1
1 11
2 1
1 4
2 1
1 15
2 1
1 9
2 1
1 11
2 1
1 15
2 1
1 22
2 1
1 71
2 1
1 2
0 1
1 2
2 1
1 19
2 1
1 1
2 1
1 1
2 1
1 24
2 1
1 5
2 2
1 5
2 1
1 8
2 1
1 1
2 1
1 6
2 1
1 17
2 1
1 1
2 1
1 7
2 2
1 16
2 1
1 10
2 1
1 6
2 1
1 12
2 1
1 13
2 1
1 9
2 1
1 13
2 1
1 11
2 1
1 11
2 1
1 5
2 1
1 15
2 1
1 13
2 1
1 6
2 1
1 6
2 1
1 22
2 1
1 15
2 1
1 2
2 1
1 1
2 1
1 14
2 1
1 9
2 1
1 2
2 1
1 1
2 1
1 9
2 1
1 9
2 1
1 111
2 1
1 1
2 1
1 4
0 1
2 1
1 10
2 2
1 15
2 1
1 5
2 1
1 20
2 1
1 1
2 1
1 4
2 1
1 10
2 1
1 2
2 1
1 8
2 1
1 3
2 1
1 2
2 1
1 1
2 1
1 10
2 1
1 10
2 1
1 4
2 1
1 1
2 1
1 9
2 1
1 15
2 1
1 3
2 1
1 19
2 1
1 7
2 1
1 17
2 1
1 2
2 1
1 6
2 1
1 6
2 1
1 5
2 1
1 17
2 1
1 2
2 1
1 20
2 1
1 14
2 1
1 8
2 1
1 5
2 1
1 9
2 2
1 17
2 1
1 7
2 1
1 5
2 1
1 8
2 1
1 13
2 1
1 109
2 1
1 9
2 1
1 9
2 1
1 4
2 1
1 8
2 1
1 3
2 1
1 4
2 1
1 23
2 1
1 1
2 1
1 12
2 1
1 3
2 1
1 6
2 1
1 1
2 1
1 2
2 1
1 3
2 1
1 9
2 1
1 3
2 1
1 3
2 1
1 5
2 1
1 4
2 1
1 21
2 1
1 3
2 1
1 4
2 1
1 1
2 1
1 2
2 1
1 6
2 1
1 4
2 1
1 7
2 1
1 15
2 1
1 10
2 1
1 16
2 1
1 45
2 1
1 14
2 1
1 12
2 1
1 2
2 1
1 33
2 1
1 17
2 1
1 48
2 1
1 78
2 1
1 1
2 1
1 4
2 1
1 2
2 1
1 1
2 1
1 6
2 2
1 9
2 2
1 3
2 1
1 2
2 1
1 3
2 1
1 10
2 1
1 10
2 1
1 4
2 1
1 1
2 1
1 2
2 1
1 2
2 1
1 3
2 1
1 1
2 1
1 4
2 1
1 6
2 1
1 3
2 2
1 8
2 1
1 20
2 1
1 15
2 1
1 8
2 1
1 3
2 1
1 7
2 1
1 4
2 1
1 3
2 1
1 29
2 1
1 10
2 1
1 1
2 1
1 1
2 1
1 1
2 1
1 2
2 1
1 34
2 1
1 4
2 1
1 2
2 1
1 14
2 1
1 28
2 1
1 3
2 1
1 29
2 1
1 53
2 1
1 78
2 1
1 2
0 1
2 1
1 14
2 1
1 7
2 1
1 4
2 1
1 21
2 1
1 10
2 2
1 2
2 2
1 5
2 1
1 5
2 1
1 3
2 1
1 4
2 1
1 2
2 1
1 3
2 2
1 11
2 1
1 1
2 1
1 9
2 1
1 17
2 1
1 6
2 1
1 3
2 1
1 5
2 1
1 11
2 1
1 9
2 1
1 2
2 1
1 21
2 2
1 5
2 1
1 7
2 1
1 2
2 1
1 5
2 1
1 15
2 1
1 3
2 1
1 4
2 1
1 8
2 1
1 19
2 1
1 7
2 1
1 15
2 1
1 2
2 1
1 2
2 1
1 7
2 1
1 2
2 2
1 75
2 1
1 80
2 1
1 10
2 1
1 6
2 1
1 4
2 2
1 8
2 2
1 1
2 1
1 9
2 1
1 14
2 1
1 2
2 3
1 4
2 1
1 4
2 1
1 2
2 1
1 1
2 1
1 3
2 1
1 5
2 1
1 1
2 1
1 2
2 1
1 2
2 1
1 9
2 1
1 2
2 1
1 3
2 1
1 15
2 1
1 4
2 1
1 3
2 1
1 1
2 1
1 2
2 1
1 3
2 2
1 3
2 1
1 6
2 1
1 2
2 1
1 2
2 1
1 9
2 2
1 13
2 1
1 4
2 1
1 2
2 1
1 1
2 1
1 10
2 1
1 8
2 1
1 5
2 1
1 1
2 1
1 10
2 2
1 11
2 1
1 5
2 1
1 1
2 1
1 3
2 1
1 6
2 1
1 2
2 1
1 6
2 1
1 1
2 1
1 5
2 1
1 11
2 1
1 14
2 1
1 2
2 1
1 2
2 1
1 2
2 1
1 14
2 1
1 5
2 1
1 49
2 1
1 83
0 1
1 1
2 1
1 1
2 1
1 1
2 1
1 1
2 1
1 6
2 1
1 1
2 1
1 3
2 1
1 5
2 1
1 5
2 1
1 1
2 1
1 5
2 1
1 2
2 1
1 2
2 1
1 5
2 1
1 9
2 1
1 2
2 2
1 2
2 1
1 1
2 1
1 4
2 1
1 2
2 2
1 5
2 1
1 1
2 1
1 10
2 1
1 4
2 1
1 7
2 1
1 4
2 1
1 2
2 1
1 6
2 1
1 2
2 2
1 5
2 1
1 4
2 1
1 3
2 1
1 15
2 1
1 1
2 1
1 10
2 1
1 13
2 1
1 19
2 1
1 3
2 1
1 24
2 2
1 9
2 1
1 4
2 2
1 7
2 1
1 9
2 1
1 6
2 1
1 1
2 1
1 2
2 1
1 11
2 1
1 2
2 1
1 5
2 1
1 16
2 1
1 6
2 1
1 5
2 1
1 2
2 1
1 38
2 1
1 97
2 1
1 1
2 1
1 2
2 1
1 2
2 2
1 4
2 1
1 5
2 1
1 2
2 1
1 6
2 2
1 3
2 1
1 2
2 2
1 1
2 1
1 3
2 1
1 13
2 1
1 1
2 1
1 5
2 1
1 3
2 2
1 2
2 1
1 3
2 1
1 2
2 1
1 7
2 1
1 1
2 1
1 3
2 1
1 9
2 1
1 7
2 1
1 1
2 1
1 5
2 1
1 8
2 1
1 14
2 1
1 16
2 1
1 16
2 1
1 30
2 1
1 3
2 1
1 6
2 1
1 10
2 1
1 5
2 1
1 3
2 1
1 6
2 1
1 5
2 1
1 3
2 1
1 16
2 1
1 8
2 1
1 3
2 1
1 6
2 1
1 5
2 1
1 28
2 1
1 11
2 1
1 36
2 1
1 2
2 1
1 3
2 1
1 90
2 1
1 3
2 1
1 2
2 1
1 2
2 1
1 4
2 1
1 10
2 1
1 4
2 1
1 10
2 1
1 3
2 1
1 2
2 1
1 3
2 1
1 1
2 1
1 2
2 1
1 3
2 1
1 6
2 1
1 5
2 3
1 1
2 1
1 1
2 1
1 7
2 1
1 1
2 1
1 1
2 1
1 2
2 2
1 5
2 2
1 8
2 1
1 3
2 1
1 9
2 1
1 16
2 1
1 2
2 1
1 4
2 1
1 10
2 1
1 1
2 1
1 5
2 1
1 13
2 2
1 8
2 1
1 24
2 1
1 19
2 1
1 11
2 1
1 3
2 1
1 8
2 1
1 18
2 1
1 7
2 1
1 11
2 1
1 4
2 1
1 14
2 1
1 3
2 1
1 9
2 1
1 6
2 1
1 7
2 1
1 14
2 1
1 5
2 1
1 8
2 1
1 2
2 1
1 3
2 1
1 93
2 1
1 4
2 1
1 1
0 1
2 1
1 1
2 1
1 1
2 1
1 11
2 2
1 2
2 1
1 2
2 1
1 6
2 1
1 6
2 1
1 5
2 1
1 1
2 1
1 2
2 1
1 3
2 1
1 5
2 1
1 2
2 1
1 5
2 3
1 5
2 1
1 3
2 1
1 4
2 1
1 4
2 1
1 3
2 1
1 5
2 1
1 3
2 1
1 9
2 1
1 4
2 1
1 5
2 1
1 7
2 1
1 7
2 1
1 12
2 1
1 37
2 1
1 7
2 1
1 2
2 2
1 17
2 1
1 4
2 1
1 11
2 2
1 7
2 1
1 15
2 1
1 5
2 1
1 5
2 1
1 6
2 1
1 4
2 1
1 7
2 1
1 15
2 1
1 16
2 1
1 1
2 1
1 1
2 1
1 6
2 1
1 3
2 1
1 34
2 1
1 99
2 1
1 10
2 1
1 6
2 1
1 5
2 1
1 6
2 1
1 3
2 1
1 1
2 1
1 4
2 1
1 1
2 1
1 5
2 1
1 4
2 2
1 5
2 1
1 3
2 2
1 2
2 1
1 3
2 1
1 2
2 1
1 7
2 2
1 2
2 2
1 6
2 1
1 2
2 1
1 4
2 1
1 1
2 2
1 3
2 1
1 2
2 1
1 4
2 1
1 5
2 1
1 4
2 1
1 2
2 2
1 1
2 1
1 51
2 1
1 12
2 1
1 7
2 1
1 11
2 1
1 4
2 1
1 4
2 1
1 9
2 1
1 4
2 1
1 1
2 2
1 8
2 1
1 23
2 2
1 18
2 1
1 11
2 1
1 7
2 1
1 10
2 1
1 8
2 1
1 135
2 1
1 4
2 1
1 2
2 2
1 7
2 4
1 8
2 1
1 1
2 1
1 1
2 1
1 2
2 1
1 4
2 1
1 2
2 1
1 1
2 1
1 6
2 1
1 2
2 1
1 1
2 1
1 5
2 1
1 3
2 1
1 11
2 2
1 9
2 1
1 2
2 2
1 2
2 1
1 1
2 1
1 4
2 1
1 8
2 1
1 6
2 1
1 12
2 1
1 1
2 1
1 49
2 1
1 2
2 1
1 5
2 1
1 27
2 1
1 2
2 1
1 10
2 1
1 4
2 1
1 5
2 1
1 4
2 1
1 5
2 1
1 6
2 1
1 1
2 1
1 5
2 1
1 3
2 1
1 1
2 1
1 1
2 1
1 9
2 1
1 11
2 1
1 19
2 1
1 12
2 1
1 146
2 1
1 2
2 1
1 4
2 1
1 6
2 1
1 3
2 1
1 7
2 1
1 3
2 2
1 7
2 1
1 3
2 1
1 3
2 1
1 1
2 1
1 1
2 1
1 3
2 1
1 1
2 1
1 3
2 1
1 7
2 1
1 1
2 1
1 9
2 2
1 2
2 1
1 3
2 2
1 3
2 1
1 1
2 1
1 3
2 1
1 9
2 1
1 10
2 1
1 3
2 1
1 4
2 2
1 4
2 1
1 1
2 1
1 23
2 1
1 10
2 1
1 1
2 1
1 2
2 1
1 1
2 1
1 8
2 1
1 12
2 1
1 8
2 1
1 3
2 1
1 4
2 1
1 5
2 1
1 9
2 2
1 2
2 1
1 1
2 1
1 8
2 2
1 2
2 1
1 13
2 1
1 7
2 1
1 1
2 1
1 6
2 1
1 2
2 1
1 21
2 1
1 18
2 1
1 21
2 1
1 21
2 1
1 3
2 1
1 95
2 1
1 1
2 1
1 1
2 3
1 4
2 1
1 3
2 1
1 3
2 1
1 7
2 2
1 1
2 1
1 1
2 1
1 4
2 1
1 12
2 1
1 4
2 1
1 5
2 1
1 1
2 1
1 2
2 1
1 1
2 1
1 3
2 1
1 1
2 1
1 1
2 1
1 1
2 2
1 14
2 1
1 4
2 1
1 4
2 1
1 11
2 1
1 10
2 1
1 2
2 1
1 17
2 1
1 14
2 1
1 4
2 1
1 7
2 1
1 25
2 1
1 4
2 1
1 3
2 1
1 4
2 1
1 2
2 1
1 1
2 1
1 2
2 1
1 1
2 2
1 13
2 1
1 14
2 1
1 3
2 1
1 8
2 1
1 10
2 1
1 2
2 1
1 2
2 2
1 5
2 1
1 4
2 1
1 10
2 1
1 10
2 1
1 10
2 1
1 14
2 1
1 24
2 1
1 8
2 1
1 13
2 1
1 84
2 1
1 10
2 1
1 3
2 1
1 1
2 1
1 2
2 1
1 1
2 1
1 2
0 1
2 1
1 8
2 1
1 6
2 1
1 1
2 1
1 2
2 1
1 3
2 1
1 5
2 1
1 3
2 1
1 4
2 1
1 2
2 1
1 1
2 1
1 10
2 1
1 8
2 1
1 1
2 1
1 5
2 1
1 3
2 1
1 5
2 1
1 1
2 1
1 32
2 1
1 4
2 1
1 14
2 2
1 3
2 1
1 7
2 1
1 2
2 1
1 26
2 1
1 4
2 1
1 6
2 1
1 2
2 2
1 6
2 1
1 22
2 1
1 3
2 1
1 9
2 1
1 4
2 1
1 6
2 1
1 1
2 1
1 4
2 1
1 8
2 1
1 7
2 1
1 6
2 1
1 30
2 1
1 3
2 1
1 2
2 1
1 19
2 1
1 6
2 1
1 2
2 1
1 19
2 1
1 20
2 1
1 59
0 1
2 1
1 1
2 1
1 1
2 1
1 4
2 1
1 2
2 1
1 1
2 2
1 2
2 1
1 2
2 1
1 1
2 1
1 3
2 1
1 8
2 1
1 1
2 1
1 5
3 1
1 10
2 1
1 3
2 1
1 4
2 1
1 2
2 1
1 4
2 1
1 6
2 1
1 2
2 1
1 4
2 1
1 1
2 1
1 6
2 1
1 1
2 1
1 7
2 1
1 4
2 1
1 2
2 1
1 5
2 1
1 11
2 1
1 16
2 1
1 35
2 1
1 1
2 1
1 27
2 1
1 3
2 1
1 13
2 1
1 5
2 1
1 29
2 1
1 10
2 1
1 6
2 2
1 1
2 1
1 14
2 1
1 10
2 2
1 4
2 2
1 14
2 2
1 7
2 1
1 23
2 1
1 3
2 1
1 2
2 1
1 7
2 1
1 6
2 1
1 5
2 1
1 80
2 1
1 6
2 1
1 1
2 1
1 5
2 2
1 1
2 3
1 2
2 1
1 2
2 1
0 1
2 1
1 7
2 1
1 4
2 1
1 1
2 2
1 1
0 1
2 2
1 2
2 1
1 1
2 1
1 7
2 1
1 2
2 1
1 1
2 2
1 1
2 1
1 3
2 1
1 4
2 1
1 2
2 1
1 9
2 1
1 3
2 1
1 5
2 1
1 1
2 1
1 11
2 1
1 3
2 1
1 1
2 1
1 1
2 1
1 3
2 1
1 45
2 1
1 18
2 1
1 51
2 1
1 16
2 2
1 1
2 1
1 3
2 1
1 1
2 1
1 5
2 1
1 6
2 1
1 3
2 1
1 10
2 1
1 3
2 1
1 3
2 1
1 7
2 1
1 2
2 1
1 4
2 1
1 8
2 1
1 7
2 1
1 2
2 1
1 2
2 1
1 29
2 1
1 4
2 1
1 99
2 1
1 7
2 1
1 2
2 1
1 5
2 1
1 2
2 1
1 1
2 1
1 3
2 1
1 3
2 1
1 8
2 2
1 2
2 2
1 4
2 1
1 3
2 1
1 1
2 1
1 5
2 1
1 2
2 1
1 3
2 1
1 14
2 1
1 6
2 1
1 4
2 1
1 10
2 1
1 4
2 1
1 3
2 1
1 1
2 1
1 8
2 2
1 14
2 1
1 49
2 1
1 38
2 1
1 19
2 1
1 4
2 1
1 3
2 1
1 14
2 1
1 14
2 1
1 3
2 1
1 1
2 1
1 5
2 1
1 1
2 2
1 3
2 1
1 1
2 1
1 4
2 1
1 1
2 2
1 3
2 1
1 7
2 1
1 16
2 1
1 14
2 1
1 6
2 1
1 5
2 1
1 21
2 1
1 89
2 2
1 5
2 1
1 1
2 1
0 1
3 1
1 2
2 1
1 4
2 1
0 1
2 1
1 4
2 2
1 4
2 1
1 2
2 2
1 6
2 2
1 5
2 1
1 5
2 1
1 6
2 1
1 1
2 1
1 7
2 1
1 2
2 2
1 8
2 1
1 2
2 1
1 13
2 1
1 2
2 2
1 6
2 1
1 21
2 1
1 30
2 1
1 2
2 1
1 20
2 1
1 2
2 1
1 3
2 1
1 2
2 2
1 38
2 1
1 5
2 1
1 18
2 1
1 2
2 1
1 9
2 1
1 3
2 1
1 3
2 1
1 1
2 1
1 1
2 1
1 4
2 1
1 1
2 1
1 2
2 1
1 8
2 1
1 4
2 1
1 4
2 1
1 8
2 1
1 9
2 1
1 17
2 1
1 7
2 1
1 107
0 1
1 5
2 3
1 4
2 1
1 2
2 2
1 1
2 1
1 5
2 1
1 6
2 1
1 4
2 1
1 3
2 3
1 5
2 2
1 2
2 1
1 9
2 1
1 1
2 1
1 1
2 1
1 3
2 1
1 1
2 1
1 1
2 1
1 2
2 1
1 2
2 1
1 5
2 1
1 12
2 1
1 2
2 1
1 2
2 1
1 10
2 1
1 12
2 1
1 2
2 1
1 4
2 1
1 7
2 1
1 3
2 1
1 1
2 1
1 60
2 1
1 10
2 1
1 1
2 1
1 2
2 1
1 1
2 1
1 2
2 1
1 13
2 2
1 5
2 1
1 15
2 1
1 3
2 1
1 21
2 1
1 2
2 1
1 6
2 2
1 1
2 1
1 5
2 1
1 9
2 2
1 7
2 1
1 5
2 1
1 33
2 1
1 8
2 1
1 96
2 1
1 2
2 1
1 1
2 1
1 1
2 1
1 1
0 1
1 2
2 1
1 2
2 2
1 3
2 1
1 2
2 1
1 2
0 1
2 1
1 2
2 1
1 4
2 2
1 4
2 2
1 9
2 1
1 2
2 2
1 5
2 1
1 5
2 1
1 2
2 1
1 2
2 1
1 2
2 1
1 6
2 1
1 4
2 1
1 3
2 1
1 1
2 1
1 7
2 1
1 9
2 1
1 16
2 1
1 3
2 1
1 1
2 1
1 4
2 2
1 1
2 1
1 4
2 1
1 1
2 1
1 9
2 1
1 5
2 1
1 19
2 1
1 1
2 1
1 14
2 1
1 19
2 1
1 1
2 1
1 6
2 1
1 15
2 1
1 1
2 1
1 2
2 2
1 3
2 1
1 10
2 1
1 1
2 1
1 1
2 1
1 13
2 1
1 33
2 1
1 3
2 1
1 4
2 1
1 2
2 1
1 6
2 1
1 1
2 1
1 27
2 1
1 109
0 1
2 1
1 2
2 2
1 2
0 1
2 1
1 1
2 1
1 2
2 1
1 1
2 1
1 2
2 1
1 6
2 1
0 1
1 1
2 1
1 3
2 2
1 1
2 1
1 1
2 1
1 1
2 2
1 7
2 1
1 3
2 1
1 3
2 1
1 2
2 1
1 5
2 1
1 2
2 2
1 5
2 1
1 4
2 1
1 3
2 2
1 4
2 1
1 4
2 1
1 11
2 1
1 28
2 1
1 4
2 2
1 27
2 1
1 1
2 1
1 2
2 1
1 27
2 1
1 8
2 1
1 16
2 1
1 3
2 1
1 5
2 3
1 1
2 1
1 2
2 1
1 16
2 1
1 2
2 1
1 12
2 1
1 33
2 1
1 12
2 1
1 1
2 2
1 3
2 1
1 6
2 1
1 26
2 1
1 3
2 1
1 22
2 1
1 86
2 1
1 1
2 2
0 1
2 1
0 1
1 6
2 1
1 3
2 1
1 5
2 1
0 1
2 1
1 3
2 1
1 7
2 1
1 6
2 1
1 2
2 1
1 3
2 1
1 2
2 1
1 4
2 1
1 11
2 1
1 6
2 2
1 1
2 1
1 2
2 1
1 1
2 1
1 5
2 1
1 1
2 1
1 3
2 1
1 1
2 1
1 9
2 1
1 4
2 1
1 2
2 1
1 3
2 1
1 1
2 1
1 16
2 1
1 17
2 2
1 4
2 1
1 3
2 1
1 12
2 1
1 3
2 1
1 13
2 1
1 9
2 1
1 5
2 1
1 1
2 1
1 9
2 3
1 1
2 1
1 5
2 1
1 1
2 1
1 1
2 1
1 6
2 1
1 3
2 1
1 2
2 1
1 1
2 1
1 2
2 1
1 1
2 1
1 1
2 1
1 13
2 1
1 2
2 1
1 4
2 1
1 6
2 1
1 2
2 1
1 6
2 1
1 1
2 1
1 4
2 1
1 3
2 1
1 5
2 1
1 2
2 1
1 3
2 1
1 9
2 1
1 4
2 1
1 26
2 1
1 1
2 1
1 20
2 1
1 85
0 1
1 3
2 1
1 2
2 1
1 2
2 1
1 1
2 1
1 1
2 1
1 2
2 1
1 7
0 1
1 10
2 2
1 1
2 1
1 3
2 1
1 1
0 1
2 1
1 2
2 1
1 3
2 1
1 3
2 1
1 3
2 1
1 3
2 1
1 2
2 1
1 12
2 1
1 2
2 1
1 20
2 1
1 5
2 1
1 5
2 1
1 5
2 1
1 1
2 1
1 38
2 2
1 7
2 1
1 2
2 2
1 1
2 1
1 6
2 1
1 11
2 1
1 3
2 1
1 16
2 1
1 5
2 1
1 4
2 1
1 1
2 1
1 8
2 1
1 6
2 1
1 4
2 1
1 2
2 1
1 2
2 1
1 4
2 1
1 4
2 1
1 2
2 1
1 10
2 1
1 3
2 1
1 12
2 1
1 10
2 1
1 11
2 1
1 2
2 1
1 11
2 1
1 6
2 1
1 29
2 1
1 18
2 1
1 2
2 1
1 82
0 1
1 2
3 1
1 3
2 3
1 2
2 1
1 1
2 1
1 10
0 1
3 1
0 1
1 9
2 2
1 6
2 1
1 5
2 1
1 1
2 1
1 3
2 1
1 2
2 1
1 3
2 1
1 7
2 1
1 2
2 1
1 2
2 1
1 5
2 1
1 2
2 1
1 5
2 1
1 3
2 1
1 6
2 1
1 3
2 1
1 2
2 1
1 6
2 1
1 42
2 1
1 2
2 1
1 9
2 2
1 2
2 2
1 22
2 1
1 1
2 1
1 26
2 1
1 2
2 1
1 6
2 1
1 8
2 1
1 9
2 1
1 2
2 2
1 1
2 1
1 5
2 1
1 16
2 1
1 8
2 1
1 1
2 1
1 6
2 1
1 2
2 2
1 6
2 1
1 10
2 1
1 8
2 1
1 31
2 1
1 1
2 1
1 2
2 1
1 105
2 1
1 1
2 1
1 1
2 1
1 2
2 2
0 1
2 1
0 1
3 1
1 3
2 1
1 9
0 1
2 1
1 1
2 1
1 3
2 1
1 1
2 1
1 1
2 1
1 8
2 1
1 2
2 1
1 6
2 1
1 3
2 1
1 6
2 1
1 6
2 1
1 2
2 2
1 2
2 2
1 2
2 1
1 3
2 2
1 1
2 1
1 5
2 2
1 2
2 1
1 6
2 1
1 6
2 1
1 10
2 1
1 3
2 1
1 6
2 1
1 1
2 1
1 11
2 1
1 21
2 1
1 18
2 1
1 1
2 1
1 6
2 2
1 1
2 1
1 2
2 1
1 3
2 1
1 6
2 1
1 13
2 1
1 2
2 1
1 25
2 1
1 2
2 1
1 1
2 1
1 5
2 1
1 8
2 1
1 9
2 1
1 3
2 1
1 6
2 1
1 1
2 1
1 8
2 1
1 15
2 1
1 6
2 1
1 33
2 1
1 110
2 1
1 4
0 1
1 1
2 1
1 16
2 1
1 7
2 1
1 9
2 1
1 6
2 1
1 7
2 1
1 2
2 1
1 2
2 1
1 11
2 1
1 4
2 1
1 3
2 1
1 3
2 1
1 1
2 2
1 8
2 1
1 2
2 1
1 2
2 1
1 3
2 1
1 5
2 1
1 5
2 1
1 11
2 1
1 15
2 1
1 37
2 1
1 22
2 1
1 16
2 1
1 14
2 1
1 27
2 1
1 19
2 1
1 14
2 1
1 16
2 1
1 4
2 1
1 11
2 2
1 58
2 1
1 82
2 1
1 1
2 2
1 2
2 1
1 2
2 2
1 11
2 1
1 2
2 1
1 1
2 1
1 1
2 4
1 8
2 1
1 8
2 2
1 4
2 1
1 4
2 1
1 2
2 2
1 3
2 1
1 5
2 1
1 3
2 1
1 5
2 1
1 11
2 1
1 2
2 1
1 5
2 1
1 7
2 1
1 1
2 1
1 3
2 1
1 5
2 1
1 53
2 1
1 2
2 1
1 3
2 2
1 8
2 1
1 16
2 1
1 7
2 1
1 2
2 1
1 2
2 1
1 4
2 1
1 28
2 1
1 2
2 1
1 11
2 1
1 6
2 1
1 6
2 1
1 3
2 1
1 9
2 1
1 14
2 1
1 8
2 1
1 7
2 1
1 11
2 1
1 12
2 1
1 114
2 1
1 4
2 1
1 3
3 1
2 1
1 15
2 1
1 1
2 1
1 3
2 1
1 14
2 1
1 3
2 2
1 3
2 1
1 9
2 1
1 2
2 1
1 1
2 2
1 3
2 1
1 1
2 1
1 3
2 1
1 3
2 1
1 3
2 1
1 4
2 1
1 1
2 1
1 5
2 1
1 7
2 1
1 4
2 1
1 3
2 1
1 5
2 1
1 7
2 2
1 2
2 1
1 44
2 1
1 18
2 1
1 5
2 1
1 10
2 1
1 5
2 1
1 69
2 1
1 23
2 1
1 9
2 1
1 10
2 1
1 137
2 2
1 6
2 1
1 2
3 1
1 1
2 1
1 13
0 1
1 1
2 1
1 3
2 1
1 1
2 1
1 34
2 2
1 4
2 1
1 5
2 2
1 8
2 1
1 1
2 1
1 2
2 2
1 8
2 1
1 3
2 1
1 6
2 1
1 12
2 1
1 4
2 1
1 2
2 1
1 3
2 1
1 2
2 1
1 60
2 1
1 2
2 1
1 8
2 1
1 2
2 1
1 4
2 1
1 6
2 1
1 6
2 2
1 12
2 1
1 3
2 1
1 10
2 1
1 11
2 1
1 8
2 1
1 7
2 1
1 3
2 1
1 7
2 1
1 3
2 1
1 11
2 1
1 1
2 1
1 3
2 1
1 15
2 1
1 139
2 1
1 3
2 1
1 12
2 1
0 1
2 1
1 1
2 1
1 3
2 1
1 14
0 1
2 1
1 1
2 1
1 4
2 2
1 8
2 1
1 5
2 1
1 1
2 1
1 2
2 1
1 8
2 1
1 3
2 1
1 3
2 1
1 4
2 1
1 6
2 1
1 3
2 1
1 2
2 2
1 1
2 1
1 3
2 1
1 1
2 1
1 13
2 1
1 4
2 1
1 78
2 1
1 13
2 1
1 1
2 1
1 13
2 1
1 22
2 1
1 10
2 1
1 1
2 1
1 9
2 1
1 15
2 1
1 18
2 2
1 153
2 1
1 1
2 2
1 17
0 1
1 1
2 2
1 1
2 1
1 1
2 1
1 15
2 1
1 1
2 1
1 12
2 1
1 2
2 4
1 5
2 1
1 6
2 1
1 3
2 2
1 3
2 1
1 2
2 1
1 2
2 1
1 4
2 1
1 5
2 2
1 12
2 2
1 4
2 1
1 3
2 1
1 3
2 1
1 108
2 1
1 2
2 1
1 10
2 1
1 23
2 1
1 1
2 1
1 20
2 1
1 3
2 1
1 20
2 1
1 154
2 1
1 1
2 2
1 11
2 2
1 4
2 1
1 3
2 1
1 16
2 1
1 2
2 1
1 2
2 1
1 1
2 1
1 1
2 1
1 4
2 1
1 1
2 1
1 1
2 1
1 2
2 1
1 2
2 1
1 5
2 1
1 5
2 1
1 3
2 1
1 2
2 1
1 2
2 1
1 3
2 1
1 1
2 1
1 5
2 1
1 5
2 1
1 8
2 1
1 8
2 1
1 21
2 1
1 105
2 1
1 45
2 1
1 11
2 1
1 4
2 1
1 2
2 2
1 5
2 1
1 7
2 1
1 5
2 1
1 139
2 1
1 1
2 1
1 21
0 1
2 1
1 18
2 1
1 5
2 1
1 2
2 1
1 5
2 1
1 2
2 1
1 3
2 1
1 5
2 1
1 9
2 1
1 8
2 1
1 7
2 3
1 10
2 1
1 2
2 1
1 4
2 1
1 7
2 1
1 28
2 1
1 157
2 1
1 10
2 1
1 155
2 1
1 22
2 1
1 16
0 1
1 4
2 1
1 4
2 1
1 1
2 1
1 2
2 1
1 1
2 1
1 1
2 1
1 3
2 1
1 13
2 2
1 3
2 1
1 4
2 1
1 2
2 1
1 5
2 1
1 3
2 2
1 3
2 1
1 1
2 1
1 2
2 1
1 5
2 1
1 1
2 1
1 21
2 1
1 5
2 1
1 11
2 1
1 3
2 1
1 132
2 1
1 19
2 1
1 4
2 1
1 182
2 1
1 16
0 1
1 2
2 1
1 4
2 2
1 6
2 1
1 3
2 1
1 1
2 2
1 1
2 1
1 4
2 1
1 9
2 1
1 11
2 2
1 5
2 1
1 1
2 1
1 3
2 1
1 3
2 1
1 3
2 1
1 5
2 1
1 3
2 1
1 4
2 2
1 3
2 1
1 7
2 1
1 169
2 1
1 3
2 1
1 4
2 1
1 1
2 1
1 197
0 1
2 2
1 2
2 1
1 5
2 1
1 3
2 2
1 1
2 2
1 3
2 1
1 22
2 1
1 10
2 1
1 1
2 1
1 4
2 1
1 1
2 1
1 10
2 2
1 4
2 1
1 2
2 1
1 9
2 1
1 4
2 1
1 381
2 1
1 7
2 2
1 2
2 1
1 2
2 1
1 8
2 1
1 2
2 1
1 4
2 2
1 6
2 3
1 10
2 1
1 7
2 1
1 7
2 1
1 8
2 1
1 13
2 1
1 7
2 1
1 376
2 2
1 5
2 1
1 2
2 2
1 3
2 1
1 1
2 1
1 1
2 1
1 6
2 1
1 2
2 1
1 5
2 1
1 6
2 2
1 4
2 1
1 2
2 1
1 9
2 1
1 6
2 1
1 4
2 1
1 21
2 1
1 388
2 1
1 4
2 2
1 7
2 1
1 3
2 2
1 8
2 1
1 7
2 2
1 6
2 2
1 4
2 1
1 2
2 1
1 7
2 2
1 5
2 2
1 1
2 1
1 13
2 1
1 5
2 1
1 24
2 1
1 4
2 1
1 3
2 1
1 173
2 1
1 182
2 1
1 5
2 2
1 3
2 1
1 3
2 2
1 5
2 2
1 1
2 1
1 6
2 2
1 5
2 1
1 2
2 1
1 2
2 1
1 2
2 1
1 3
2 1
1 1
2 1
1 1
2 1
1 15
2 1
1 347
2 1
1 10
2 1
1 44
0 1
2 1
1 4
2 1
1 2
2 1
1 1
2 1
1 3
2 1
1 2
2 1
1 1
2 1
1 2
2 1
1 5
2 1
1 3
2 1
1 6
2 1
1 2
2 1
1 7
2 1
1 3
2 2
1 8
2 2
1 6
2 1
1 2
2 1
1 402
2 1
1 1
2 1
0 1
1 1
2 1
1 4
2 3
1 12
2 1
1 6
2 1
1 6
2 1
1 1
2 1
1 8
2 1
1 6
2 1
1 3
2 1
1 1
2 1
1 2
2 1
1 3
2 2
1 46
2 1
1 372
2 1
3 1
0 1
1 3
2 1
1 3
2 1
1 6
2 1
1 9
2 3
1 7
2 1
1 4
2 1
1 8
2 1
1 6
2 2
1 4
2 1
1 7
2 1
1 6
2 1
1 335
2 1
1 65
2 1
1 5
2 1
1 6
2 1
1 1
2 1
1 6
2 1
1 4
2 1
1 1
2 1
1 2
2 1
1 9
2 1
1 1
2 1
1 12
2 1
1 2
2 1
1 9
2 1
1 4
2 1
1 398
2 1
1 4
2 2
0 1
1 4
2 1
1 4
2 1
1 1
2 1
1 4
2 1
1 9
2 1
1 17
2 1
1 6
2 1
1 5
2 2
1 4
2 1
1 10
2 1
1 5
2 1
1 4
2 2
1 32
2 1
1 293
2 1
1 17
2 1
1 38
2 1
1 1
2 1
1 5
2 1
0 1
2 1
1 9
2 1
1 2
2 1
1 2
2 1
1 2
2 1
1 2
2 1
1 7
2 2
1 23
2 1
1 3
2 1
1 1
2 1
1 4
2 1
1 20
2 1
1 1
2 1
1 323
2 1
1 58
2 1
1 3
2 1
1 3
2 1
1 2
2 1
1 1
2 2
1 3
2 1
1 2
2 1
1 3
2 1
1 4
2 3
1 5
2 2
1 2
2 1
1 1
2 1
1 1
2 1
1 13
2 1
1 2
2 1
1 23
2 1
1 5
2 1
1 327
2 1
1 56
2 1
1 3
2 1
1 3
2 1
0 1
1 1
2 1
1 2
2 1
1 3
2 2
1 5
2 1
1 4
2 1
1 5
2 1
1 6
2 1
1 1
2 1
1 7
2 1
1 10
2 1
1 2
2 1
1 6
2 1
1 17
2 1
1 330
2 1
1 57
2 1
1 1
2 1
1 1
2 1
1 2
2 1
0 1
1 1
2 1
1 1
2 1
1 2
2 1
1 4
2 1
1 1
2 1
1 4
2 1
1 3
2 1
1 1
2 1
1 4
2 2
1 7
2 1
1 8
2 1
1 2
2 1
1 2
2 1
1 3
2 1
1 4
2 1
1 5
2 1
1 8
2 1
1 9
2 1
1 10
2 1
1 370
2 1
1 4
2 2
1 2
2 1
0 1
1 2
2 2
1 1
2 1
1 3
2 1
1 2
2 1
1 4
2 2
1 1
0 1
1 5
2 1
1 6
2 1
1 3
2 1
1 1
2 1
1 3
2 1
1 9
2 2
1 359
2 1
1 17
2 1
1 38
0 1
2 2
1 2
2 1
1 1
2 1
0 1
1 2
2 1
1 1
2 1
1 3
2 1
1 7
2 1
1 4
2 1
1 1
2 1
1 2
2 1
1 4
2 2
1 3
2 1
1 5
2 1
1 1
2 1
1 8
2 1
1 2
2 1
1 8
2 2
1 26
2 1
1 320
2 1
1 17
2 1
1 46
0 1
1 1
2 1
1 9
2 1
1 3
2 3
1 16
2 1
1 4
2 1
1 2
2 1
1 1
2 1
1 8
2 1
1 11
2 1
1 17
2 1
1 7
2 1
1 6
2 1
1 315
2 1
1 17
2 1
1 45
2 1
0 1
2 2
1 10
2 1
1 1
2 1
1 1
2 1
1 24
2 2
1 1
2 1
1 4
2 1
1 3
2 1
1 5
2 1
1 18
2 1
1 4
2 1
1 5
2 1
1 15
2 1
1 308
2 1
1 64
0 1
2 1
1 10
2 1
1 3
2 2
1 5
0 1
2 1
1 1
2 1
1 3
2 1
1 2
2 1
1 1
2 1
1 1
2 1
1 4
2 1
1 1
2 2
1 8
3 1
1 6
2 1
1 4
2 1
1 6
2 1
1 22
2 1
1 66
2 1
1 3
2 1
1 5
2 1
1 247
2 1
1 57
2 1
1 1
2 1
1 5
2 1
1 2
2 1
1 4
2 2
1 1
2 2
1 4
2 1
1 2
2 1
1 1
2 1
1 3
2 1
1 1
2 1
1 2
2 1
1 4
2 2
1 9
3 1
1 9
2 1
1 8
2 1
1 85
2 1
1 1
2 4
1 6
2 1
1 226
2 1
1 22
2 1
1 12
2 1
1 52
2 1
1 6
2 1
1 1
2 1
1 12
2 1
1 1
2 1
1 1
2 1
1 3
2 1
1 1
2 1
1 1
2 2
1 3
2 1
1 3
2 1
1 3
3 1
1 1
2 1
1 1
2 1
1 7
2 1
1 2
2 1
1 44
2 1
1 44
2 1
1 13
2 1
1 233
2 1
1 8
2 1
1 17
2 1
1 61
2 1
1 6
0 1
1 1
2 1
1 4
2 1
1 9
2 2
0 1
2 1
1 1
2 1
1 4
2 1
1 3
3 1
1 6
2 1
1 3
2 1
1 1
2 1
1 24
2 1
1 1
2 1
1 10
2 1
1 23
2 1
1 29
2 1
1 10
2 1
1 9
2 2
1 26
2 1
1 58
2 1
1 140
2 1
1 7
2 1
1 17
2 1
1 75
2 1
1 1
2 1
1 2
2 1
1 3
2 1
1 4
2 1
1 2
2 1
1 6
3 1
0 1
2 1
1 2
2 1
3 1
2 1
1 49
2 1
1 45
2 1
1 1
2 1
1 10
2 1
1 3
2 1
1 3
2 1
1 1
2 1
1 1
2 1
1 17
2 1
1 3
2 1
1 2
2 1
1 51
2 1
1 2
2 1
1 3
2 1
1 130
2 1
1 18
2 1
1 62
2 1
1 35
2 1
1 2
2 1
1 1
2 1
1 10
2 2
1 1
3 1
0 1
1 3
3 1
2 2
1 1
0 1
1 19
2 1
1 4
2 1
1 36
2 1
1 5
2 1
1 13
2 1
1 11
2 1
1 12
2 1
1 3
2 1
1 3
2 1
1 4
2 1
1 1
2 1
1 18
2 1
1 1
2 1
1 5
2 1
1 45
2 2
1 2
2 1
1 2
2 1
1 5
2 1
1 125
2 1
1 12
2 1
1 5
2 1
1 61
2 1
1 48
2 1
1 3
2 1
1 2
2 1
1 1
2 1
1 2
2 1
1 4
2 1
1 2
2 1
1 1
2 1
1 19
2 1
1 8
2 1
1 5
2 1
1 1
2 1
1 2
2 1
1 37
2 1
1 3
2 2
1 4
2 1
1 16
2 1
1 6
2 1
1 3
2 1
1 16
2 1
1 1
2 1
1 4
2 1
1 2
2 1
1 6
2 1
1 1
2 1
1 35
2 3
1 5
2 1
1 3
2 1
1 1
2 1
1 163
2 1
1 41
2 1
1 53
2 1
1 5
2 1
1 2
2 1
1 3
2 1
1 1
0 1
1 38
2 1
1 5
2 1
1 35
2 1
1 1
2 1
1 1
2 1
1 1
2 1
1 1
2 1
1 22
2 1
1 5
2 1
1 11
2 2
1 4
2 1
1 1
2 1
1 6
2 2
1 4
2 1
1 39
2 2
1 8
2 1
1 143
2 1
1 23
2 1
1 147
2 1
1 5
2 1
0 1
2 1
1 33
2 1
1 9
2 1
1 35
2 1
1 4
2 1
1 1
2 1
1 1
2 1
1 1
2 1
1 8
2 1
1 5
2 1
1 39
2 1
1 8
2 1
1 11
2 1
1 133
2 1
1 125
2 1
1 8
2 1
1 1
2 1
1 6
2 1
1 3
2 1
1 21
2 2
1 11
2 1
1 2
2 1
1 24
2 1
1 1
2 1
1 30
2 1
1 14
2 1
1 7
2 1
1 2
2 1
1 8
2 1
1 12
2 1
1 10
2 1
1 3
2 1
1 16
2 1
1 20
2 1
1 115
2 1
1 15
2 1
1 7
2 1
1 116
2 1
1 14
2 1
1 13
2 1
1 7
2 1
1 10
2 1
1 34
2 1
1 5
2 1
1 47
2 2
1 5
2 1
1 17
2 1
1 22
2 1
1 15
2 2
1 156
2 1
1 22
2 1
1 133
2 1
1 10
2 1
1 12
0 1
2 1
1 9
2 1
1 6
2 2
1 9
2 1
1 39
2 1
1 7
2 1
1 8
2 1
1 7
2 1
1 22
2 2
1 5
2 1
1 3
2 1
1 11
2 1
1 1
2 1
1 19
2 1
1 125
2 1
1 192
2 1
1 2
2 1
1 6
2 1
1 2
2 1
1 2
2 2
1 9
2 1
1 2
2 1
1 1
2 1
1 36
2 1
1 2
2 1
1 2
2 1
1 7
2 1
1 7
2 1
1 22
2 1
1 6
2 1
1 1
2 1
1 7
2 1
1 8
2 2
1 146
2 1
1 8
2 1
1 1
2 1
1 200
2 1
1 9
2 1
1 40
2 1
1 3
2 1
1 4
2 1
1 5
2 1
1 3
2 1
1 2
2 1
1 27
2 2
1 1
2 1
1 1
2 1
1 12
2 3
1 22
2 1
1 124
2 1
1 5
2 1
1 9
2 1
1 150
2 1
1 93
2 1
1 20
2 1
1 23
2 1
1 6
2 1
1 5
2 1
1 10
2 1
1 19
2 1
1 235
2 1
1 171
2 1
1 2
2 1
1 23
2 1
1 6
2 1
1 4
2 1
1 4
2 1
1 4
2 2
1 158
2 1
1 6
2 1
1 13
2 1
1 252
2 1
1 40
2 1
1 5
2 1
1 25
2 1
1 153
2 1
1 158
2 1
1 124
2 1
1 9
2 1
1 1
2 1
1 2
2 1
1 25
2 1
1 139
2 1
1 205
2 1
1 58
2 1
1 1
2 1
1 24
2 1
1 20
2 1
1 30
HL 10094
1 124
2 2
1 67
2 2
1 52
2 1
1 147
2 1
1 83
2 1
1 1096
2 1
1 5778
0 1
1 16430
2 1
1 401
2 1
1 57
2 2
1 22
2 2
1 397
2 4
1 88
2 1
1 875
2 4
1 15
2 3
1 475
2 3
1 2
2 4
1 8
2 2
1 455
2 1
1 3
2 2
1 9
2 7
1 5
2 1
1 16
2 1
1 1
2 1
1 428
2 5
1 1
2 3
1 521
2 1
1 10
2 3
1 388
2 1
1 66
2 3
1 502
2 1
1 460
2 1
1 5
2 4
1 12
2 2
1 5
2 1
1 375
2 1
1 98
2 1
1 1
2 1
1 374
2 1
1 1
2 1
1 97
2 1
1 5
2 2
1 344
2 1
1 121
2 1
1 12
2 2
1 2
2 1
1 365
2 1
1 110
2 2
1 365
2 1
1 3
2 1
1 109
2 2
1 824
2 2
1 24
2 1
1 87
2 1
1 963
2 1
1 478
2 1
1 374
2 2
1 476
2 2
1 3701
2 1
1 487
2 1
1 463
2 1
1 749
2 1
1 230
2 1
1 247
2 1
1 478
2 1
1 481
2 2
1 1
2 2
1 475
2 1
1 478
2 1
1 478
2 1
1 8
2 1
1 241
2 1
1 223
2 1
1 3
2 1
1 9
2 1
1 16
2 2
1 1
2 1
1 2
2 1
1 202
2 1
1 10
2 1
1 255
2 1
1 2
2 1
1 2
2 1
1 1
2 1
1 2
2 2
1 196
2 2
1 4
2 6
1 230
2 1
1 3
2 2
1 6
2 1
1 15
2 1
1 13
2 3
1 217
2 2
1 25
2 1
1 187
2 3
1 5
2 1
1 20
2 2
1 6
2 1
1 10
2 1
1 431
2 1
1 6
2 1
1 6
2 1
1 5
2 1
1 5
2 1
1 1
2 1
1 3
2 1
1 1
2 3
1 12
2 1
1 427
2 3
1 4
0 1
1 1
2 1
1 14
2 1
1 3
2 1
1 1
2 1
1 5
2 2
1 13
2 1
1 431
2 1
1 1
2 2
1 18
2 3
1 2
2 4
1 2
2 1
1 10
2 1
1 1
2 1
1 3
2 1
1 4
2 1
1 217
2 2
1 200
2 2
1 5
2 3
1 16
2 1
1 19
2 1
1 1
2 1
1 3
2 2
1 2
2 1
1 4
2 1
1 195
2 1
1 233
2 2
1 16
2 3
1 1
2 1
1 2
2 2
1 9
2 1
1 5
2 1
1 3
2 1
1 1
2 1
1 190
2 3
1 226
2 2
1 5
2 1
1 17
2 5
1 1
0 1
1 4
2 1
1 6
2 1
1 5
2 1
1 13
2 1
1 416
2 1
1 2
2 1
1 8
2 2
1 7
2 1
1 6
0 1
1 1
2 2
1 3
2 1
0 1
2 1
1 3
2 2
1 9
2 1
1 1
2 1
1 210
2 1
1 174
2 1
1 58
2 2
1 4
2 1
1 2
2 1
1 4
2 1
1 2
2 1
1 4
2 1
1 1
2 1
1 2
2 1
1 2
2 2
1 15
2 1
1 218
2 2
1 163
2 2
1 28
2 1
1 5
2 1
1 5
2 1
1 2
2 1
1 2
2 1
1 3
2 1
1 1
2 1
1 2
2 6
1 1
2 1
1 1
2 1
1 3
0 1
1 1
2 1
1 14
2 1
1 230
2 4
1 154
2 3
1 3
2 1
1 21
2 1
1 2
2 1
1 1
2 1
1 12
2 1
1 9
0 1
1 8
2 1
1 5
0 1
1 2
2 1
1 5
2 1
1 251
2 1
1 25
2 2
1 120
2 1
1 2
2 2
1 2
2 1
1 1
2 1
1 17
2 1
1 1
2 1
3 1
1 2
2 1
1 2
0 1
1 1
2 1
1 5
2 2
1 11
2 1
1 2
2 1
1 3
2 4
1 7
0 2
1 6
2 2
1 6
2 2
1 247
2 1
1 1
2 1
1 136
2 1
1 6
2 5
1 15
2 1
1 2
2 1
1 5
2 1
1 1
2 1
1 2
0 1
1 12
2 1
1 1
2 2
1 2
2 1
1 8
2 1
1 3
2 1
1 2
2 2
1 3
2 1
1 4
2 1
1 8
2 1
1 1
2 1
1 2
2 1
1 378
2 1
1 1
2 2
1 1
2 1
1 3
2 1
1 2
2 1
1 15
2 1
1 3
2 1
1 1
2 1
1 2
2 2
1 2
2 1
1 22
2 1
1 1
2 2
1 20
2 4
1 1
2 1
1 3
2 1
1 1
2 1
1 2
2 1
1 148
2 1
1 227
2 3
1 6
0 1
1 2
2 1
1 1
2 1
1 13
2 1
1 10
0 1
1 1
2 5
1 4
0 2
1 3
2 1
1 9
2 1
1 3
2 2
1 3
2 2
1 16
2 2
1 8
2 1
1 1
2 1
1 374
2 1
1 5
2 2
1 2
2 3
1 2
2 2
1 12
2 1
1 5
2 1
1 2
2 5
1 7
2 2
3 1
2 1
1 14
2 1
1 2
0 1
1 2
2 1
1 5
2 1
1 7
2 4
1 5
2 1
1 13
2 1
1 367
2 2
1 2
2 2
1 3
3 1
2 1
1 18
2 1
1 13
0 1
1 1
2 1
1 5
2 2
1 2
2 1
1 6
0 3
1 12
2 1
1 7
2 1
1 2
2 1
1 12
2 1
1 1
2 1
1 2
2 1
1 5
2 1
1 1
2 1
1 364
2 2
1 2
2 1
1 4
2 1
1 9
2 2
1 8
2 1
1 9
2 1
1 1
2 1
1 3
2 1
1 14
2 7
1 3
0 2
1 3
2 2
1 4
2 1
1 5
2 2
1 16
2 1
1 10
2 2
1 325
2 1
3 2
2 1
1 33
2 1
1 7
2 2
1 3
2 1
1 14
2 1
1 7
2 2
1 4
2 4
1 14
2 1
1 7
2 2
1 2
2 2
1 8
2 1
1 9
0 2
1 1
2 1
1 8
2 1
1 1
2 1
1 1
2 3
1 3
2 1
1 2
2 1
1 310
2 1
3 1
1 13
2 2
1 1
2 1
1 33
2 1
1 6
2 1
1 1
0 1
2 3
1 9
2 7
1 6
2 1
1 3
2 1
1 3
2 2
1 4
0 3
1 2
2 1
1 3
0 1
1 19
2 3
1 2
2 1
1 2
0 1
1 4
2 3
1 5
2 1
1 12
2 2
1 313
2 1
1 2
2 1
1 10
2 1
1 5
2 1
1 31
2 1
1 2
2 2
1 6
2 1
1 5
2 1
1 1
2 2
1 2
2 2
1 2
2 2
1 6
2 2
1 1
0 1
1 1
2 1
1 7
0 1
1 2
2 4
1 1
0 1
1 2
2 1
1 9
2 1
1 19
0 2
1 2
0 1
1 7
0 1
1 1
2 4
1 3
2 3
1 6
2 2
1 305
2 2
1 4
2 1
1 3
2 3
1 4
2 3
1 1
2 1
1 1
2 1
1 29
2 1
1 10
2 1
1 7
2 1
1 2
2 1
1 15
2 3
1 4
2 2
1 3
2 2
1 4
2 1
3 1
1 1
2 1
1 9
2 1
1 6
0 1
1 4
2 2
1 3
0 1
1 3
2 2
1 6
2 1
1 3
2 1
1 5
2 1
1 4
2 1
1 119
2 1
1 14
2 1
1 181
2 1
1 2
2 2
1 1
2 1
1 3
2 1
1 1
2 1
1 4
2 1
1 2
2 1
1 28
3 1
2 2
1 3
2 1
1 1
2 1
1 8
2 1
1 4
2 1
1 2
2 3
1 5
2 2
1 1
2 1
1 9
0 1
1 1
2 3
1 3
2 1
1 2
2 1
1 19
2 1
1 6
2 4
1 1
2 2
1 3
2 1
1 3
2 1
1 3
2 1
1 1
2 1
1 2
2 1
1 3
2 1
1 1
2 1
1 9
2 2
1 102
2 1
1 11
2 1
1 7
2 1
1 182
2 1
1 5
3 1
2 6
1 1
0 1
2 1
1 3
2 1
1 2
2 3
1 24
2 1
1 1
2 2
1 6
2 1
1 2
2 1
0 1
1 5
2 2
1 3
2 2
1 17
0 2
1 1
2 2
1 8
2 1
1 24
2 1
1 7
2 1
1 7
2 1
1 1
2 1
1 3
2 1
1 1
2 1
1 4
2 1
1 3
0 1
1 312
2 2
1 4
2 1
1 9
2 2
1 4
0 1
2 1
1 2
2 1
1 2
2 2
1 19
2 2
3 1
1 10
2 1
1 1
0 1
2 1
1 3
2 1
1 11
2 1
1 3
2 1
1 12
2 1
1 6
2 1
1 14
0 1
1 9
2 3
1 5
2 2
1 14
2 1
1 11
2 2
1 2
2 1
1 2
2 1
1 3
2 2
1 299
2 1
1 5
2 1
1 10
2 4
1 4
2 2
1 1
2 2
1 2
2 1
1 20
0 1
1 4
2 1
1 6
2 1
1 3
2 2
1 14
2 1
1 3
2 1
1 9
2 1
1 1
2 1
1 2
0 1
1 11
0 1
1 1
0 1
2 2
1 1
2 4
1 3
2 1
1 12
2 1
1 1
2 1
1 6
2 1
1 16
2 1
1 8
2 2
1 300
2 1
1 9
2 1
1 11
2 3
1 2
0 1
1 6
2 2
1 16
2 3
1 11
0 1
1 5
2 1
1 22
2 2
1 1
2 2
1 3
2 1
1 11
2 5
1 2
2 2
1 3
2 1
1 1
2 1
1 1
2 2
1 9
2 1
1 8
2 1
1 1
2 1
1 1
2 1
1 1
0 1
1 10
2 1
1 1
2 1
1 2
0 1
1 7
2 1
1 298
2 1
1 4
2 1
1 5
2 2
1 11
2 5
1 2
2 1
1 5
2 1
1 13
2 1
1 1
0 1
1 4
2 1
1 10
2 1
3 1
2 1
1 7
2 1
1 10
2 1
1 2
0 1
1 7
2 1
1 22
2 1
1 15
2 2
1 11
2 2
1 1
2 2
1 6
2 1
1 2
2 1
1 5
2 3
1 7
2 2
1 91
2 1
1 202
2 2
1 8
2 1
1 15
0 1
1 2
0 1
1 3
2 1
1 6
2 1
1 1
3 1
2 2
1 6
2 2
1 1
2 1
1 1
2 3
1 3
0 1
1 6
2 1
1 20
2 1
1 2
2 2
1 3
2 1
1 8
2 1
1 4
2 1
1 3
0 1
1 7
3 1
1 9
0 1
1 2
0 1
1 11
2 1
1 9
2 2
1 1
0 1
1 1
2 1
1 8
2 1
1 2
0 1
1 2
2 1
1 3
2 1
1 2
2 2
1 112
2 1
1 178
2 2
1 2
2 1
1 8
2 1
1 10
2 1
1 2
2 2
1 3
2 2
1 1
2 1
1 1
2 1
1 4
2 2
1 3
2 2
1 2
2 2
1 3
2 1
1 4
0 1
1 6
2 2
1 20
2 1
1 1
0 1
1 5
2 1
1 9
0 1
1 8
2 1
1 3
2 1
1 2
2 1
0 1
1 8
2 2
1 3
2 1
1 1
2 1
1 8
2 3
1 2
2 2
1 1
2 2
1 1
2 1
1 3
2 1
1 1
2 2
1 8
2 1
1 7
2 2
1 1
0 1
1 292
0 1
1 2
2 1
1 1
2 1
1 2
0 1
1 12
2 1
1 1
2 3
1 2
2 1
1 3
2 2
1 5
2 2
1 2
2 4
1 1
2 2
1 3
2 2
1 2
0 2
1 3
2 2
1 23
2 2
1 2
2 1
1 6
2 3
1 6
0 1
1 6
0 1
1 1
0 1
1 1
3 1
1 5
2 2
1 7
0 1
1 1
2 1
1 4
2 2
1 6
2 1
1 8
0 2
1 1
0 1
1 2
2 1
1 5
2 1
0 1
1 13
2 3
1 2
2 2
1 287
2 7
1 2
2 3
1 2
0 1
1 9
2 1
1 6
2 1
1 4
2 3
1 1
2 3
1 4
2 4
1 2
2 1
1 1
2 1
0 3
1 1
2 4
0 1
1 2
2 3
1 22
2 1
0 1
1 10
2 3
1 3
2 1
1 5
2 1
1 4
2 1
1 2
0 1
1 3
2 1
1 3
2 2
1 1
2 1
1 2
2 3
1 26
2 1
1 4
2 1
1 1
2 3
1 4
2 4
1 4
2 1
1 2
0 1
1 1
2 1
1 288
2 1
1 10
2 1
1 3
2 1
1 4
2 1
1 12
2 1
1 1
2 2
1 1
0 2
1 5
2 1
1 4
0 3
1 2
2 2
1 1
2 1
1 23
2 1
1 1
0 1
2 2
1 2
0 1
1 5
2 1
1 3
2 2
1 1
2 1
1 2
2 2
0 1
2 1
1 6
2 2
1 5
0 1
1 5
2 1
1 8
2 1
1 7
2 3
1 7
2 2
1 9
2 1
1 5
2 5
1 1
2 1
1 5
2 2
0 1
1 3
2 1
1 2
2 1
1 280
3 1
2 2
1 3
0 1
2 1
1 3
2 1
1 10
2 2
1 7
0 1
1 6
2 3
1 1
2 2
1 2
2 1
1 1
0 1
1 2
2 1
1 2
2 1
1 1
2 2
3 1
2 2
1 2
2 1
1 3
2 2
1 20
2 2
1 2
0 1
1 4
2 3
1 6
0 2
2 1
0 1
1 16
2 2
1 2
2 3
1 9
0 1
1 5
2 2
1 7
2 2
1 8
2 1
1 10
2 2
1 6
2 1
1 2
2 1
1 1
2 4
1 4
2 1
1 77
2 1
1 12
2 1
1 144
2 1
1 41
2 1
1 7
2 1
1 3
2 1
1 9
2 1
1 6
0 1
1 15
0 1
1 1
2 2
1 1
2 4
1 3
2 1
1 3
2 1
1 2
2 1
0 1
1 5
2 2
1 1
2 1
1 28
2 2
1 10
2 1
1 4
2 2
1 6
2 1
1 1
2 1
1 4
2 1
1 4
2 1
1 2
2 3
1 4
2 2
1 2
2 1
1 10
2 1
1 1
2 3
1 6
2 2
1 21
2 1
1 4
2 2
1 71
2 2
1 104
2 2
1 1
2 4
1 3
2 1
1 43
2 1
1 3
2 1
1 25
2 1
3 1
2 1
3 1
2 2
1 5
2 2
1 1
2 1
1 2
2 1
1 3
2 1
1 13
2 1
1 5
2 1
1 23
2 1
1 6
2 1
1 2
2 1
0 1
1 1
2 1
1 27
2 1
1 7
2 1
1 7
2 1
0 1
1 3
2 2
1 3
2 1
1 1
2 1
1 2
2 2
1 4
0 1
2 2
1 8
2 1
1 6
2 2
1 1
0 2
1 1
2 1
1 2
0 1
1 3
2 1
1 2
2 1
1 1
2 1
1 39
2 2
1 47
2 2
1 19
2 1
1 105
2 1
1 3
2 1
1 3
2 1
1 3
2 1
1 70
2 2
0 1
1 4
2 1
3 1
2 1
1 3
2 1
1 6
0 1
2 1
0 1
1 1
2 1
1 15
2 2
1 1
2 1
1 12
0 1
1 10
2 1
1 36
2 2
1 1
0 1
1 5
2 1
1 4
2 1
1 3
2 2
1 1
2 1
1 4
2 2
1 1
2 1
1 1
2 1
1 1
2 2
1 2
2 1
1 3
2 1
1 4
2 1
1 15
2 3
1 2
2 2
1 7
2 1
1 3
2 1
1 5
2 1
1 31
2 3
1 65
2 1
1 110
0 1
1 4
2 1
1 3
2 1
1 3
2 1
1 34
2 2
1 5
2 2
1 21
2 1
1 1
2 2
1 6
2 2
1 1
2 1
1 2
2 1
1 2
2 1
1 4
2 1
0 1
1 19
2 1
1 3
2 2
1 6
2 1
1 2
2 3
1 4
2 1
1 3
0 2
1 5
2 3
1 23
2 1
1 1
0 1
1 18
2 1
1 4
2 1
1 2
2 1
1 2
2 1
1 9
2 3
1 10
2 1
1 3
0 1
1 6
2 1
1 7
2 1
1 1
2 1
1 45
2 5
1 164
2 3
1 11
2 1
1 40
0 1
1 5
2 1
0 1
1 2
2 1
1 27
2 1
1 1
2 1
1 1
2 2
1 3
0 1
2 1
1 1
0 1
2 1
1 1
2 1
1 2
0 1
1 3
0 1
1 5
2 1
1 9
2 1
1 7
2 4
1 1
2 1
1 5
2 2
1 2
2 3
1 3
2 2
1 2
0 2
1 1
2 1
1 1
2 2
1 1
2 1
1 18
2 4
1 11
0 1
1 1
2 2
1 4
2 1
1 1
2 1
1 2
2 2
1 1
2 2
1 15
2 1
1 4
0 1
1 3
2 1
1 6
2 1
1 6
2 1
0 1
2 1
1 2
2 1
1 48
2 3
1 163
0 1
1 4
2 2
3 1
2 1
1 2
2 1
1 4
2 1
1 35
3 1
2 3
1 7
2 1
1 18
2 1
1 9
2 1
1 1
2 1
1 4
0 1
2 1
1 2
2 1
1 4
2 3
0 2
2 1
1 9
2 2
1 4
2 3
1 1
2 1
1 7
2 1
1 3
2 2
1 1
2 1
1 1
2 2
1 3
2 1
1 5
2 3
1 4
2 1
1 19
2 2
1 3
2 1
1 10
2 1
1 1
2 1
1 3
2 1
1 1
2 2
1 2
2 1
1 5
2 1
1 8
2 1
1 10
2 1
1 1
2 2
1 5
2 2
1 10
2 1
1 53
2 2
1 34
2 1
1 1
2 2
1 99
2 3
1 20
2 1
1 6
2 1
1 5
2 1
1 31
2 1
1 5
2 2
1 4
2 3
1 1
0 1
1 1
0 1
1 1
2 2
1 16
2 1
1 3
2 1
1 11
2 2
1 3
2 1
1 1
2 1
1 3
2 1
1 1
2 2
1 5
2 2
1 6
2 1
1 1
2 1
1 6
2 2
3 1
1 1
2 1
0 1
1 1
0 1
1 6
0 1
1 6
2 3
1 4
2 3
1 21
2 2
1 2
2 1
1 1
2 2
1 14
0 1
1 1
2 1
1 2
2 2
1 5
2 1
1 1
2 1
1 8
0 1
1 13
2 1
1 3
2 1
1 9
2 1
1 96
2 2
1 95
2 1
1 4
2 2
1 15
2 2
1 3
2 1
3 1
2 3
1 11
2 1
1 21
2 4
1 1
0 1
1 3
2 2
1 11
2 1
1 19
2 1
1 1
2 1
1 1
2 3
1 1
0 1
1 2
2 1
1 3
2 2
1 4
2 1
1 11
2 1
1 5
2 2
1 1
2 1
1 3
2 1
1 3
2 1
1 2
2 1
1 4
0 1
1 2
2 1
1 2
2 2
1 7
2 1
1 37
2 1
1 1
2 1
1 15
2 1
1 1
2 2
1 5
2 2
1 11
2 1
1 86
2 2
1 3
2 1
1 5
2 1
1 13
2 1
1 8
2 1
1 49
2 1
1 49
2 1
1 8
2 2
1 15
0 1
1 1
2 1
1 17
2 1
1 21
0 1
1 4
2 2
0 1
1 3
2 3
1 3
2 5
1 3
2 1
0 1
1 3
2 1
1 2
2 1
1 2
2 2
1 2
2 1
1 5
0 1
1 2
0 3
1 1
2 2
1 5
2 1
1 20
2 3
1 6
2 2
1 6
2 4
1 2
0 1
1 1
2 1
1 2
2 3
1 2
2 1
1 2
2 1
1 20
2 1
1 9
2 2
1 4
2 1
1 15
2 2
1 6
2 1
1 4
2 1
1 8
0 1
1 11
2 2
1 74
2 1
1 4
2 1
1 6
2 3
1 6
2 1
1 20
2 1
1 87
2 2
1 14
2 3
1 9
2 2
1 1
0 1
1 7
2 1
1 6
2 2
1 19
2 1
1 5
2 2
1 2
2 1
1 1
2 1
1 16
3 1
1 1
2 2
1 2
2 1
1 2
3 1
1 1
2 3
1 4
0 1
1 1
2 4
1 1
2 3
1 2
2 1
1 2
2 2
1 12
2 1
1 2
0 2
1 10
2 2
1 1
2 3
1 1
2 2
1 5
0 1
2 2
1 5
0 3
1 20
2 1
1 34
2 2
1 41
2 1
1 5
2 1
1 64
2 1
1 26
2 1
1 98
0 1
2 2
1 5
2 3
1 3
2 2
1 1
2 1
1 3
2 1
1 4
0 2
1 1
2 1
1 1
2 2
1 2
2 1
1 1
2 1
1 9
2 1
1 1
2 1
1 5
2 1
1 12
2 1
1 3
2 1
1 1
2 1
1 2
0 1
2 1
1 20
2 1
1 1
0 2
1 1
0 6
1 6
2 2
1 3
2 1
1 1
0 1
1 1
2 1
1 2
2 1
1 1
2 1
1 1
2 1
1 2
0 1
1 2
0 1
1 38
2 1
1 5
2 1
1 1
0 1
1 45
2 1
1 8
2 1
1 8
2 1
1 6
2 1
1 12
0 1
1 8
0 1
1 86
2 2
1 3
2 1
1 109
2 1
1 7
0 1
1 4
2 2
1 1
2 2
1 8
2 3
1 13
2 1
1 3
2 1
1 2
2 3
1 13
2 1
1 1
2 1
1 2
2 4
1 3
2 1
1 1
2 1
1 7
0 1
1 7
2 1
1 5
2 2
1 5
2 1
3 1
1 2
0 3
1 3
2 1
1 3
2 3
1 6
2 2
1 1
2 1
1 3
2 2
1 10
2 3
1 10
2 1
1 2
2 1
1 3
2 3
1 5
2 2
1 1
2 1
1 2
2 2
1 38
2 1
1 2
2 1
1 5
2 1
1 5
2 1
1 17
2 1
1 8
2 3
1 3
0 1
1 3
0 1
1 1
2 1
1 4
2 1
1 73
2 2
1 9
2 1
1 109
0 1
2 1
1 8
2 2
1 11
0 1
1 7
0 2
1 1
2 1
1 2
2 3
1 6
0 1
1 8
2 1
1 6
2 2
1 1
2 1
1 2
2 5
1 7
2 1
1 1
2 1
1 1
2 1
1 3
2 2
1 9
2 1
1 5
3 1
1 2
2 3
1 2
2 4
1 2
0 1
1 1
2 1
1 2
2 1
1 1
2 1
1 3
2 1
1 11
0 1
1 2
0 2
1 1
2 4
1 1
2 2
1 1
2 1
1 14
0 1
1 10
2 1
1 4
2 2
1 10
2 2
1 2
2 1
1 28
2 3
1 25
2 1
1 2
2 4
1 4
2 2
1 1
2 2
1 8
2 1
1 82
2 3
1 110
2 1
1 4
2 1
1 2
2 1
1 5
2 1
1 6
2 1
1 4
2 1
1 10
2 1
1 26
2 1
1 1
2 1
1 12
2 1
1 2
0 1
2 1
1 1
2 1
1 4
0 1
1 2
2 1
1 12
3 2
2 1
1 1
2 1
1 4
2 1
1 15
2 2
1 2
2 4
1 6
2 1
3 1
2 1
1 1
2 1
1 21
2 1
1 3
2 1
1 15
2 1
1 12
2 1
1 24
2 2
1 2
0 1
1 6
2 1
1 20
2 2
1 4
2 1
1 5
2 1
1 2
2 2
1 6
2 1
1 76
2 2
1 2
2 1
1 9
2 1
1 2
2 1
1 4
2 1
1 54
2 1
1 32
2 2
1 2
0 1
1 1
2 1
1 5
2 1
1 2
2 1
1 27
2 3
1 7
0 2
1 3
2 2
1 8
2 4
1 5
2 1
1 2
2 1
1 10
2 1
1 3
2 1
1 1
0 2
1 2
2 1
1 1
2 2
1 2
0 1
2 2
1 22
2 1
1 6
2 1
1 6
2 1
1 2
2 1
1 1
2 3
1 22
2 2
1 1
2 1
1 14
0 1
1 1
2 1
0 1
1 3
2 1
1 6
0 1
1 4
0 1
1 23
2 1
1 2
2 1
1 6
2 2
1 21
2 4
1 3
2 1
1 2
0 2
1 1
0 3
1 3
2 4
1 79
2 2
1 111
3 1
0 1
1 1
2 1
1 6
0 2
1 1
2 3
1 5
2 2
1 5
2 5
1 18
2 1
1 1
2 1
1 11
2 1
1 4
2 1
1 1
0 1
1 9
0 1
1 1
2 1
1 2
2 1
1 2
2 3
3 1
2 1
1 6
2 2
1 6
2 1
1 3
2 1
1 5
2 1
1 1
2 1
1 17
2 1
1 3
2 1
1 26
2 1
1 1
2 2
1 6
2 1
1 10
0 1
2 1
1 4
2 8
1 3
2 1
1 30
2 4
1 25
0 1
1 1
0 1
1 3
0 1
1 3
2 3
1 1
2 2
1 85
2 2
1 16
2 1
1 38
2 1
1 46
2 3
1 2
2 2
0 1
1 1
2 1
1 3
2 1
1 1
2 1
1 3
0 2
1 2
0 2
1 6
2 2
3 1
2 1
1 1
2 1
1 1
0 1
1 11
0 1
1 8
2 1
1 3
2 2
1 4
2 2
1 5
2 1
1 2
2 1
1 8
2 2
1 1
2 2
1 6
2 1
1 4
2 1
1 5
0 1
1 2
2 1
1 14
2 2
1 5
2 1
1 3
2 1
1 4
2 1
1 2
2 4
1 27
2 1
1 10
2 1
1 7
2 1
1 2
2 1
1 39
2 1
1 3
2 2
1 29
2 2
1 1
2 1
1 9
2 1
1 89
2 1
1 93
0 1
1 1
2 1
1 1
2 1
1 8
0 1
1 2
2 3
1 8
2 3
1 5
2 1
1 1
0 1
1 1
0 1
1 3
2 2
3 1
2 1
1 1
2 3
3 1
2 1
1 1
2 2
1 5
2 4
1 12
2 1
1 2
2 1
1 1
2 2
1 6
2 1
1 12
2 1
1 5
0 1
1 4
2 1
1 3
2 2
1 31
2 1
1 1
2 1
1 9
2 1
1 23
2 1
1 15
2 2
1 4
2 1
1 40
2 1
1 33
2 1
1 3
2 1
1 2
2 2
1 4
2 1
1 90
2 1
1 4
2 1
1 11
2 1
1 52
2 1
1 21
2 1
1 3
0 1
1 1
2 1
1 3
2 3
1 2
2 1
1 8
2 2
3 1
1 1
2 1
0 1
1 3
2 1
1 1
0 1
1 3
2 1
1 2
2 2
1 2
0 1
1 3
2 1
1 2
0 1
1 1
2 1
1 2
2 1
1 4
2 1
1 6
2 1
1 1
0 1
1 4
0 1
1 3
2 1
1 13
2 1
1 4
2 1
1 3
2 1
1 4
2 1
1 1
0 1
1 25
0 1
2 2
1 8
2 2
1 3
2 1
1 8
2 1
1 43
2 1
1 78
2 3
1 1
2 2
1 2
2 1
1 1
2 2
1 8
2 1
1 83
2 2
1 91
2 1
3 1
2 1
1 4
2 1
1 1
0 1
2 1
3 1
1 1
0 1
2 1
1 2
0 1
2 3
3 1
2 1
0 2
2 1
1 7
2 1
1 1
2 1
1 1
0 1
1 1
2 2
1 3
2 4
1 3
2 2
0 2
2 2
1 2
2 1
1 7
0 1
1 1
2 1
1 9
2 1
0 3
1 8
2 1
1 7
2 1
1 5
2 1
1 2
2 2
1 1
0 1
1 22
2 1
1 1
0 1
1 8
0 1
1 1
2 2
0 1
1 2
2 4
1 44
2 1
1 91
2 1
1 96
2 3
1 1
2 2
1 2
2 1
1 61
2 1
1 16
2 1
1 1
2 2
1 1
0 1
1 3
2 4
0 2
1 2
2 3
3 1
2 1
1 1
2 1
1 2
2 2
1 3
2 1
1 6
2 1
1 2
3 1
1 4
2 2
1 5
2 1
1 3
3 1
2 1
0 1
1 1
2 1
1 4
2 1
1 6
2 1
1 3
2 6
1 1
2 3
1 7
2 1
1 1
2 1
1 11
2 1
1 4
2 1
1 1
2 1
0 2
1 13
2 2
1 1
0 1
1 4
2 2
1 2
2 1
1 2
0 1
1 1
2 1
1 2
2 1
1 1
2 2
1 46
2 2
1 1
0 1
1 12
2 1
1 75
2 1
3 1
2 1
1 182
2 1
1 3
0 1
1 1
2 4
1 1
0 1
1 6
2 2
1 1
0 2
1 7
2 1
1 5
2 1
1 1
2 2
1 1
2 2
1 7
2 1
1 1
2 1
1 8
3 1
1 1
0 1
1 1
2 2
1 1
2 1
1 5
2 1
1 5
2 1
1 8
2 4
1 4
0 2
1 2
2 2
1 3
2 1
1 9
2 1
1 1
2 2
1 15
2 2
1 3
2 1
1 1
2 1
1 3
2 2
1 3
2 2
1 52
2 2
1 1
2 1
1 84
2 2
1 13
2 1
1 123
2 1
1 49
2 1
1 1
2 7
1 1
0 1
1 4
2 1
1 5
2 2
1 3
0 1
1 1
0 1
1 4
2 3
1 1
2 2
1 7
2 2
1 1
2 1
1 7
2 1
1 2
2 2
0 1
1 2
2 1
1 1
2 2
1 2
2 1
1 6
0 1
2 1
1 5
2 1
1 9
2 2
1 12
2 2
0 1
2 4
1 15
2 1
1 7
2 1
1 1
2 7
3 1
1 3
2 1
1 51
2 1
1 45
2 1
1 38
2 2
1 187
2 5
1 3
0 1
1 5
2 1
3 1
2 1
1 1
2 1
1 1
2 1
1 1
2 1
1 3
2 1
1 1
2 1
1 1
2 1
1 3
2 1
1 3
2 1
1 25
2 1
1 2
0 2
1 5
0 1
2 2
1 1
2 2
1 12
2 1
1 1
2 1
1 19
0 1
1 90
2 1
1 7
2 1
1 37
2 1
1 212
2 1
1 15
0 1
1 2
0 2
1 2
0 1
1 5
2 1
1 1
0 2
1 5
2 1
0 1
1 5
2 1
1 2
2 2
1 1
2 2
1 23
2 1
1 2
2 1
1 3
3 1
2 4
1 2
2 1
1 5
2 1
1 6
2 1
1 5
2 1
1 2
2 3
1 9
0 1
1 4
2 1
3 1
1 48
2 1
1 317
2 1
1 4
2 1
3 1
1 3
3 2
1 2
3 1
1 5
2 1
1 1
2 2
1 3
2 1
1 1
2 1
1 3
2 1
1 12
2 1
1 23
2 1
1 5
0 1
2 1
1 4
2 1
1 2
2 1
1 21
2 1
1 3
2 1
1 19
2 1
1 15
2 1
1 10
2 1
1 323
2 2
1 1
2 1
0 1
1 1
3 1
2 1
0 1
1 1
2 1
1 2
2 4
1 4
0 1
1 1
2 1
1 2
2 1
1 2
2 2
1 23
2 1
1 9
2 2
0 2
1 1
2 2
1 1
2 1
1 1
2 2
1 7
0 1
1 1
3 1
2 3
1 1
2 1
1 4
2 1
1 61
2 1
1 47
2 1
1 231
2 1
1 41
2 1
1 3
2 2
1 3
2 1
1 5
0 2
1 3
2 1
1 1
2 2
1 1
2 1
1 3
2 1
1 30
2 1
1 3
2 1
1 2
2 2
1 1
2 2
1 4
2 1
1 7
2 1
1 17
2 1
1 5
2 1
1 48
2 1
1 46
2 1
1 3
2 1
1 269
2 1
1 3
2 1
3 1
1 4
2 1
1 4
2 1
1 2
2 1
1 1
2 1
1 2
2 2
1 4
2 2
1 36
2 1
1 1
2 1
1 3
2 1
1 8
2 1
1 1
2 1
1 20
2 1
1 3
2 1
1 41
2 1
1 329
2 2
1 5
2 2
1 6
2 1
1 1
2 2
1 1
2 2
1 3
2 1
1 32
2 1
1 6
2 1
1 1
2 1
1 2
2 5
1 1
0 1
1 3
2 1
1 7
2 1
1 10
2 1
1 6
2 2
1 371
2 1
1 16
2 1
1 1
2 2
1 43
2 1
1 4
2 1
1 1
2 1
1 5
2 1
1 1
2 1
1 4
2 2
1 114
2 1
1 255
2 1
1 39
2 1
1 1
2 1
1 4
2 1
1 39
2 1
1 12
2 1
1 4
2 1
1 1
0 1
1 3
2 1
1 366
2 1
1 11
2 1
1 27
2 1
1 30
2 1
1 6
2 1
1 14
2 1
1 8
2 1
1 1
2 1
1 1
2 1
1 2
2 1
1 1
2 1
1 25
2 2
1 151
2 1
1 225
2 1
1 1
2 2
1 8
2 1
1 22
2 1
1 19
2 1
1 11
2 1
1 1
2 1
1 20
2 1
1 8
2 1
1 381
2 1
1 41
2 1
1 24
2 1
1 8
2 1
1 5
2 1
1 13
2 1
1 382
2 1
1 48
2 2
1 8
2 1
1 1
0 1
1 11
2 2
1 16
2 1
1 3
2 2
1 443
2 1
1 10
2 1
1 6
2 1
1 15
2 1
1 44
2 1
1 343
2 1
1 6
2 1
1 1
2 1
1 47
2 3
1 11
2 1
1 7
2 1
1 9
2 1
1 35
2 1
1 8
2 1
1 341
2 1
1 75
2 1
1 6
2 1
1 1
0 1
1 31
2 1
1 356
2 1
1 2
2 1
1 69
2 1
1 16
2 3
1 5
2 1
1 34
0 1
1 57
2 1
1 40
2 1
1 245
2 1
1 2
2 1
1 72
2 1
1 9
2 1
1 4
2 2
1 37
2 1
1 4
2 2
1 1
2 2
1 1
2 1
1 337
0 1
1 1
2 1
1 6
2 1
1 53
2 1
1 14
2 1
1 10
2 1
1 2
2 1
1 42
2 1
1 3
2 1
1 340
3 1
2 1
1 78
2 1
1 2
2 1
1 4
2 1
1 1
2 2
1 34
2 1
1 395
2 1
1 34
2 1
1 3
2 1
1 5
2 1
1 44
2 1
1 6
2 2
1 470
2 2
1 3
2 1
1 45
2 1
1 1
2 2
1 302
2 1
1 80
2 2
1 27
2 3
1 7
2 2
1 427
2 1
1 8
2 2
1 470
2 2
1 36
2 4
1 442
2 1
1 30
2 2
1 433
2 1
1 43
2 1
1 437
2 1
1 37
2 2
1 431
2 1
1 42
2 1
1 99
2 4
1 4
2 13
1 2
2 1
1 46
2 1
1 297
2 1
1 5
2 2
1 154
2 1
1 239
2 1
1 49
2 3
1 12
2 1
1 171
2 1
1 236
2 1
1 3
2 2
1 1
2 2
1 35
2 5
1 2
2 1
1 7
2 1
1 2
2 2
1 8
2 1
1 158
2 1
1 243
2 2
1 2
2 1
1 1
2 1
1 1
2 1
1 5
2 1
1 33
2 1
1 3
2 1
1 1
2 4
1 13
2 1
1 9
2 3
1 1
2 1
1 21
2 1
1 101
2 1
1 1
2 8
1 5
2 1
1 252
2 1
1 1
2 2
1 1
2 3
1 1
2 3
1 6
2 1
1 13
2 1
1 17
2 1
1 10
2 1
1 6
2 2
1 3
2 1
1 16
2 2
1 3
2 1
1 92
2 13
1 280
2 2
1 15
2 2
1 1
2 2
1 18
2 1
1 122
2 12
1 1
2 2
1 321
2 2
1 4
2 1
1 3
2 11
1 1
2 7
1 91
2 1
1 1
2 14
1 332
2 1
1 1
2 1
1 2
2 1
1 9
2 3
1 2
2 2
1 28
2 1
1 55
2 1
1 12
2 9
1 346
2 1
1 6
2 1
1 1
2 1
1 5
2 1
1 852
2 1
1 325
2 1
1 150
2 1
1 477
2 1
1 509
2 1
1 243
2 1
1 6
2 1
1 1
2 1
1 6
2 2
1 93
2 2
1 11
2 1
1 1
2 1
1 1
2 2
1 20
2 1
1 87
2 1
1 207
2 1
1 4
2 2
1 2
2 3
1 31
2 2
1 175
2 1
1 119
2 1
1 86
2 1
1 42
2 2
1 8
2 1
1 395
2 2
1 80
2 2
1 3
2 2
1 1
2 1
1 4
2 1
1 90
2 1
1 4
2 1
1 153
2 1
1 16
2 1
1 27
2 1
1 1
2 1
1 12
2 1
1 2
2 1
1 2
2 1
1 92
2 1
1 67
2 1
1 57
2 1
1 3
2 2
1 19
2 1
1 1
2 1
1 35
2 2
1 114
2 3
1 21
2 1
1 2
2 1
1 8
2 1
1 2
2 1
1 107
2 1
1 31
2 1
1 101
2 1
1 10
2 1
1 66
2 1
1 3
2 1
1 21
2 1
1 54
2 1
1 57
2 1
1 6
2 1
1 17
2 2
1 1
2 1
1 17
2 1
1 179
2 1
1 5
2 1
1 13
2 1
1 11
2 3
1 23
2 1
1 20
2 1
1 153
2 1
1 19
2 1
1 12
2 1
1 7
2 1
1 3
2 1
1 15
2 1
1 3
2 2
1 2
2 1
1 1
2 2
1 5
2 1
1 12
2 1
1 74
2 1
1 76
2 1
1 19
2 1
1 5
2 1
1 3
2 1
1 22
2 1
1 2
2 1
1 1
2 1
1 13
2 1
1 9
2 1
1 46
2 1
1 63
2 1
1 1
2 1
1 40
2 1
1 8
2 1
1 5
2 2
1 35
2 4
1 25
2 1
1 47
2 1
1 39
2 1
1 103
2 3
1 20
2 1
1 2
2 1
1 25
2 1
1 167
2 2
1 28
2 1
1 25
2 1
1 4
2 1
1 11
2 1
1 2
2 4
1 15
2 1
1 30
2 2
1 26
2 2
1 2
2 1
1 97
2 2
1 23
2 1
1 84
2 1
1 96
2 3
1 11
2 2
1 3
2 1
1 21
2 1
1 6
2 2
1 22
2 1
1 15
2 2
1 83
2 1
1 70
2 1
1 55
2 1
1 2
2 1
1 174
2 1
1 8
2 1
1 8
2 2
1 2
2 1
1 1
2 1
1 6
2 1
1 1
2 1
1 6
2 2
1 2
2 4
1 1
2 1
1 9
2 1
1 18
2 2
1 17
2 1
1 198
2 5
1 8
2 1
1 2
2 6
1 7
2 1
1 101
2 1
1 64
2 3
1 10
2 1
1 6
2 1
1 5
2 1
1 3
2 1
1 15
2 1
1 34
2 1
1 7
2 1
1 17
2 2
1 53
2 1
1 3
2 1
1 114
0 1
1 25
2 6
1 107
2 1
1 48
2 1
1 4
2 2
1 11
2 2
1 3
2 1
1 1
2 1
1 24
2 1
1 15
2 1
1 4
2 1
1 5
2 1
1 4
2 1
1 2
2 1
1 7
2 2
1 1
2 1
1 4
2 1
1 24
2 1
1 52
2 1
1 112
2 2
1 5
2 1
1 1
2 1
1 24
0 1
1 83
2 1
1 29
2 1
1 2
2 2
1 16
2 3
1 20
2 1
1 6
2 2
1 22
2 1
1 2
2 2
1 5
2 1
1 3
2 1
1 4
2 5
1 4
2 2
1 3
2 3
1 3
2 2
1 8
2 1
1 6
2 1
1 3
2 1
1 28
2 2
1 63
2 1
1 63
2 1
1 44
2 1
1 8
2 1
1 2
2 1
1 1
2 1
1 4
2 6
1 2
2 5
1 2
2 2
1 2
2 1
1 106
2 1
1 16
2 1
1 21
2 1
1 3
2 1
1 1
2 2
1 3
2 1
1 4
2 2
1 3
2 2
1 1
2 1
1 5
2 1
1 1
2 1
1 4
2 1
1 3
2 2
1 5
2 1
1 2
2 1
1 5
2 3
1 3
2 1
1 5
2 2
1 12
2 1
1 7
2 2
1 2
2 1
1 5
2 1
1 48
2 2
1 39
2 2
1 57
2 1
1 1
2 1
1 15
2 1
1 2
2 1
1 24
2 1
1 27
2 1
1 7
2 1
1 53
2 1
1 3
2 1
1 38
2 3
1 25
2 1
1 5
2 1
1 1
2 2
1 12
2 1
1 19
2 1
1 11
2 1
1 15
2 2
1 12
2 1
1 3
2 1
1 10
2 1
1 5
2 1
1 42
2 1
1 52
2 2
1 9
2 1
1 3
2 1
1 62
2 1
1 177
2 2
1 1
2 1
1 29
2 1
1 9
2 1
1 3
2 1
1 5
2 1
1 17
2 2
1 2
2 1
1 49
2 2
1 3
2 2
1 2
2 1
1 42
2 2
1 134
2 1
1 5
2 1
1 17
2 2
1 6
2 1
1 13
2 1
1 86
2 1
1 3
2 1
1 1
2 2
1 1
2 2
1 4
2 2
1 30
2 1
1 20
2 1
1 2
2 1
1 4
2 1
1 5
2 1
1 38
2 1
1 6
2 1
1 41
2 1
1 167
2 1
1 154
2 2
1 2
2 1
1 26
2 3
1 4
2 4
1 14
2 2
1 8
2 2
1 76
2 1
1 13
2 1
1 1
2 1
1 2
2 1
1 97
2 1
1 126
2 1
1 96
2 1
1 28
2 3
1 6
2 1
1 22
2 1
1 3
2 1
1 26
2 1
1 11
2 1
1 32
2 1
1 10
2 1
1 5
2 1
1 1
2 2
1 309
2 1
1 13
2 3
1 29
2 1
1 45
2 1
1 13
2 1
1 16
2 1
1 40
2 1
1 3
2 1
1 3
2 1
1 99
2 1
1 102
2 1
1 116
2 1
1 2
2 1
1 1
2 1
1 48
2 1
1 137
2 1
1 81
2 1
1 23
2 1
1 28
2 1
1 32
2 1
1 54
2 1
1 52
2 1
1 17
2 3
1 1
2 1
1 45
2 1
1 94
2 1
1 2
2 1
1 18
2 1
1 82
2 1
1 4
2 1
1 67
2 1
1 51
2 1
1 101
0 1
1 44
2 1
1 5
2 1
1 2
2 1
1 3
2 1
1 7
2 1
1 21
2 1
1 18
2 2
1 43
2 1
1 52
2 1
1 45
2 1
1 7
2 1
1 33
2 2
1 96
2 1
1 121
2 5
1 3
2 2
1 429
2 1
1 6
2 1
1 29
2 4
1 3
2 1
1 1
2 1
1 10
2 1
1 211
2 4
1 113
2 2
1 53
2 1
1 69
2 6
1 3
2 1
1 23
2 1
1 92
2 1
1 184
2 2
1 18
2 1
1 9
2 1
1 9
2 1
1 96
0 1
1 27
2 1
1 1
2 4
1 6
2 1
1 1
2 1
1 1
2 2
1 2
2 1
1 9
2 1
1 221
2 2
1 80
2 1
1 47
2 1
1 94
2 1
1 9
2 1
1 31
2 1
1 211
2 2
1 24
2 1
1 197
2 1
1 2
2 1
1 9
2 1
1 2
2 1
1 13
2 1
1 16
2 1
1 24
2 1
1 106
2 1
1 86
2 1
1 124
2 1
1 86
2 2
1 28
2 2
1 6
2 1
1 79
2 1
1 67
2 1
1 82
2 1
1 10
2 1
1 167
2 1
1 37
2 2
1 2
2 1
1 5
2 1
1 1
2 1
1 4
2 2
1 4
2 3
1 15
2 1
1 34
2 1
1 12
2 1
1 176
2 1
1 1
2 2
1 221
2 1
1 28
2 1
1 336
2 1
1 96
2 1
1 9
2 1
1 10
2 1
1 41
2 1
1 36
2 1
1 71
2 1
1 5
2 2
1 9
2 2
1 85
2 1
1 7
2 1
1 3
2 1
1 189
2 2
1 2
2 2
1 50
2 1
1 55
2 1
1 34
2 1
1 45
2 1
1 29
2 2
1 148
2 1
1 3
2 1
1 8
2 1
1 94
2 1
1 33
2 1
1 8
2 1
1 102
2 2
1 12
2 1
1 6
2 2
1 14
2 1
1 292
2 4
1 12
2 1
1 3
2 1
1 14
2 1
1 6
2 1
1 21
2 1
1 17
2 1
1 1
2 1
1 67
2 1
1 153
2 1
1 3
2 1
1 151
2 1
1 11
2 3
1 3
2 1
1 9
2 3
1 33
2 1
1 6
2 1
1 131
2 1
1 2
2 2
1 100
2 2
1 3
2 1
1 5
2 2
1 2
2 1
1 1
2 1
1 152
2 1
1 4
2 1
1 5
2 1
1 3
2 1
1 1
2 3
1 22
2 1
1 132
2 1
1 28
2 1
1 119
2 2
1 123
2 2
1 33
2 1
1 7
2 2
1 5
2 1
1 9
2 2
1 21
2 1
1 67
2 1
1 53
2 1
1 88
2 1
1 55
2 1
1 1
2 1
1 5
2 1
1 117
2 3
1 35
2 1
1 5
2 2
1 1
2 1
1 46
2 1
1 256
2 1
1 6
2 1
1 4
2 1
1 68
2 1
1 43
2 1
1 38
2 2
1 4
2 3
1 34
2 2
1 59
2 1
1 221
2 1
1 5
2 1
1 106
2 1
1 38
2 1
1 9
2 1
1 3
2 1
1 2
2 1
1 252
2 1
1 46
2 1
1 3
2 1
1 11
2 1
1 99
0 1
1 2
2 3
1 36
2 3
1 1
2 1
1 11
2 1
1 3
2 1
1 3
2 1
1 1
2 1
1 298
2 2
1 102
2 1
1 5
2 4
1 40
2 1
1 2
2 2
1 2
2 3
1 4
2 1
1 6
2 1
1 89
2 1
1 213
2 1
1 79
2 1
1 28
2 1
1 44
2 1
1 1
2 1
1 2
2 1
1 10
2 1
1 6
2 1
1 2
2 1
1 308
2 4
1 140
2 1
1 282
2 1
1 193
2 5
1 231
2 2
1 243
2 1
1 108
2 1
1 179
2 1
1 4
2 1
1 126
2 1
1 11
0 1
1 43
2 2
1 416
2 1
1 47
2 3
1 9
2 2
1 2
2 1
1 2
2 1
1 281
2 1
1 187
2 2
1 13
2 1
1 262
2 1
1 189
2 5
1 1
2 1
1 358
2 3
1 61
2 1
1 49
2 2
1 5
2 1
1 7
2 2
1 58
2 1
1 215
2 1
1 191
2 1
1 4
2 5
1 99
2 1
1 14
2 1
1 26
2 1
1 201
2 1
1 140
2 1
1 102
2 1
1 38
2 1
1 265
2 1
1 1
2 3
1 41
2 6
1 3
2 1
1 15
2 1
1 47
2 1
1 258
2 1
1 146
2 1
1 2
2 1
1 2
2 2
1 14
2 1
1 45
2 1
1 141
2 1
1 75
2 1
1 66
2 1
1 112
2 1
1 13
2 1
1 4
2 1
1 2
2 2
1 33
2 1
1 383
0 2
1 32
2 1
1 4
2 3
1 17
2 2
1 61
2 1
1 218
2 1
1 10
2 1
1 67
2 1
1 7
2 1
1 54
2 2
1 24
2 3
1 3
2 2
1 1
2 1
1 52
2 1
1 165
2 1
1 85
2 1
1 78
2 1
1 6
2 1
1 23
2 1
1 19
2 2
1 45
2 1
1 11
2 1
1 1
2 1
1 38
2 1
1 48
2 1
1 99
2 1
1 19
2 1
1 168
2 1
1 19
2 1
1 18
2 2
1 6
2 2
1 5
2 1
1 42
2 5
1 72
2 1
1 128
2 1
1 116
2 1
1 26
2 1
1 8
2 1
1 10
2 1
1 11
2 1
1 15
2 1
1 3
2 1
1 2
2 2
1 12
2 1
1 1
0 2
1 45
2 2
1 7
2 3
1 194
2 1
1 3
2 3
1 12
2 1
1 86
2 1
1 38
2 1
1 2
2 1
1 5
2 1
1 50
2 1
1 19
0 1
1 1
2 1
1 4
0 2
1 4
2 1
1 3
2 1
1 7
2 1
1 2
2 1
1 25
2 1
3 1
2 1
1 218
2 1
1 78
2 1
1 67
2 1
1 15
2 1
1 5
2 1
1 10
2 1
1 70
2 3
1 127
2 1
1 268
2 1
1 17
2 1
1 7
2 1
1 11
2 1
1 17
2 1
1 20
3 2
2 1
3 1
2 1
1 10
2 1
1 219
2 1
1 90
2 1
1 21
2 1
1 12
2 1
1 8
2 1
1 10
2 2
1 2
2 1
1 19
2 4
1 7
0 1
1 2
2 3
1 1
2 2
1 23
2 1
1 1
2 1
1 4
2 1
1 9
2 1
1 9
2 5
1 2
2 1
1 12
2 1
1 118
2 1
1 187
2 1
1 11
2 1
1 25
2 1
1 10
2 1
1 17
2 1
1 13
2 1
1 6
2 5
1 1
2 2
1 22
2 2
1 1
2 2
1 8
2 1
1 6
2 1
1 11
2 1
3 1
2 2
1 5
2 1
1 71
2 1
1 267
2 1
1 3
2 1
1 6
2 1
1 20
2 1
1 6
2 1
1 29
2 3
1 2
0 1
1 22
2 2
1 9
2 1
1 4
2 1
1 7
2 2
1 5
2 1
3 1
2 1
1 39
2 2
1 290
2 1
1 40
2 1
1 13
2 1
1 6
2 2
1 13
2 3
1 35
2 1
1 12
2 2
1 7
2 6
3 1
2 2
1 370
2 2
1 34
2 5
1 41
2 1
1 4
2 2
1 1
2 2
1 9
2 3
1 1
2 1
1 35
2 1
1 58
2 1
1 145
2 1
1 82
2 1
1 2
2 1
1 13
2 1
1 21
2 1
1 12
2 2
1 17
2 1
1 12
2 2
1 30
2 1
1 15
2 1
1 1
2 1
1 9
2 5
3 1
2 1
1 28
2 1
1 14
2 1
1 297
2 1
1 8
2 1
1 2
2 1
1 9
2 1
1 18
2 2
1 24
2 3
1 51
2 2
1 4
2 1
1 3
2 2
1 3
2 2
1 25
2 1
1 11
2 1
1 4
2 1
1 53
2 2
1 15
2 2
1 135
2 1
1 101
2 1
1 15
2 1
1 16
2 1
1 6
2 1
1 6
2 1
1 6
2 3
1 42
2 1
1 11
2 3
1 5
2 2
1 7
2 1
1 18
2 1
1 8
2 1
1 32
2 1
1 47
2 3
1 33
2 1
1 198
2 1
1 1
2 1
1 2
2 1
1 1
2 1
1 14
2 1
1 8
2 1
1 89
2 5
1 36
2 1
1 15
2 6
1 10
2 1
1 63
2 1
1 5
2 1
1 128
2 1
1 16
2 1
1 87
2 1
1 1
2 1
1 20
2 3
1 5
2 1
1 6
2 2
1 50
2 3
1 4
2 1
1 47
2 2
1 67
2 1
1 243
2 1
1 22
2 1
1 32
2 2
1 52
2 2
1 6
2 2
1 68
2 1
1 10
2 1
1 88
2 1
1 192
2 1
1 13
2 1
1 14
2 2
1 1
2 1
1 12
2 1
1 5
2 3
1 55
2 1
1 1
2 1
1 2
2 4
1 60
2 1
1 56
2 1
1 5
2 2
1 4
2 1
1 10
2 1
1 10
2 1
1 2
2 1
1 81
2 1
1 118
2 4
1 6
2 1
1 23
2 1
1 7
2 1
1 10
2 1
1 2
2 2
1 132
2 2
1 3
2 1
1 69
2 1
1 2
2 1
1 12
2 1
1 117
2 1
1 32
2 2
1 74
2 2
1 24
2 1
1 41
2 1
1 105
2 1
1 60
2 1
1 38
2 1
1 6
2 1
1 66
2 1
1 108
2 2
1 24
2 2
1 7
2 2
1 5
2 3
1 1
2 1
1 22
2 1
1 18
2 1
1 19
2 2
1 86
2 1
1 207
2 1
1 72
2 3
1 6
2 3
1 29
2 4
1 63
2 2
1 375
2 1
1 21
2 2
1 45
2 1
1 30
2 3
1 3
2 1
1 2
2 1
1 349
2 1
1 13
2 2
1 8
2 2
1 14
2 2
1 12
2 1
1 1
2 1
1 30
2 2
1 31
2 1
1 7
2 2
1 356
2 1
1 44
2 3
1 1
2 1
1 26
2 2
1 1
2 1
1 39
2 2
1 375
2 2
1 23
2 1
1 69
2 1
1 1
2 1
1 1
2 1
1 5
2 1
1 82
2 1
1 6
2 1
1 251
2 1
1 27
2 1
1 13
2 2
1 16
2 2
1 2
2 1
1 1
2 1
1 54
2 3
1 1
2 1
1 5
2 2
1 48
2 1
1 193
2 1
1 58
2 1
1 65
2 2
1 8
2 1
1 2
2 1
1 13
2 1
1 9
0 1
2 1
1 22
2 1
1 44
2 2
1 3
0 1
1 10
2 1
1 31
2 1
1 29
2 2
1 311
2 3
1 15
0 1
1 1
2 1
1 3
2 1
1 3
2 1
1 49
2 1
1 7
2 3
1 400
2 1
1 8
2 2
1 7
0 2
1 19
2 2
1 1
2 2
1 32
2 3
1 57
2 1
1 319
2 1
1 31
2 2
1 7
2 1
1 6
2 1
1 7
2 1
1 7
2 1
1 1
0 1
1 1
2 1
1 30
2 2
1 193
2 1
1 37
2 1
1 154
2 1
1 13
2 1
1 2
2 1
1 4
2 1
1 4
2 1
1 5
2 1
1 13
2 1
1 24
2 1
1 10
2 1
1 4
2 1
1 1
2 2
1 22
2 1
1 8
2 1
1 33
2 1
1 89
2 1
1 49
2 1
1 180
2 1
1 14
2 1
1 16
2 2
1 1
0 1
1 31
2 1
1 16
2 1
1 9
2 1
1 27
2 1
1 152
2 2
1 216
2 1
1 4
2 1
1 7
2 2
1 4
0 1
1 10
2 2
1 33
2 1
1 12
2 1
1 4
2 3
1 11
2 1
1 3
2 3
1 8
2 1
1 177
2 1
1 14
2 1
1 16
2 2
1 146
2 1
1 4
2 2
1 23
2 2
1 36
2 3
1 13
2 1
1 2
2 1
1 9
2 2
1 7
2 1
1 2
2 1
1 1
0 1
1 4
2 1
1 8
2 1
1 87
2 1
1 17
2 1
1 50
2 2
1 22
2 1
1 174
2 4
1 22
2 1
1 1
2 1
1 6
2 1
1 37
2 1
1 11
2 1
1 11
2 1
1 4
2 3
1 1
0 1
1 4
2 2
1 1
2 1
1 4
2 1
1 12
2 1
1 4
0 1
1 29
2 1
1 101
2 1
1 58
2 1
1 29
2 1
1 146
2 3
1 5
2 1
1 5
2 1
1 12
2 2
1 37
2 1
1 2
2 2
1 1
2 2
1 2
2 1
1 2
2 1
1 10
2 1
1 5
2 1
1 13
2 1
1 3
2 1
1 88
2 1
1 72
2 1
1 1
2 2
1 179
2 2
1 1
2 2
1 4
2 1
1 9
2 1
1 5
2 4
1 8
2 1
1 7
2 1
1 8
2 1
1 25
2 1
1 2
2 1
1 38
0 1
1 159
2 1
1 9
2 2
1 47
2 1
1 148
2 1
1 13
2 2
1 3
2 1
1 4
2 3
1 42
2 1
1 4
2 1
1 2
2 1
1 1
2 2
1 15
2 2
1 1
2 1
1 14
2 2
1 3
2 1
1 150
2 1
1 25
2 2
1 183
2 3
1 9
2 2
1 8
2 2
1 3
2 1
1 1
2 1
1 12
2 1
1 40
2 4
1 7
2 1
1 10
2 2
1 4
2 1
1 1
0 1
1 3
2 1
1 3
2 1
1 2
2 3
1 26
2 2
1 324
0 1
1 1
2 1
1 8
2 1
0 1
1 7
2 1
1 5
2 2
1 11
2 1
1 13
2 1
1 15
2 1
1 4
2 1
1 4
2 2
1 1
2 5
1 10
0 1
1 1
2 2
1 4
2 1
1 2
2 2
1 10
2 1
1 9
2 1
1 98
2 1
1 250
3 1
2 1
1 9
2 1
1 2
2 3
0 1
1 3
2 2
1 3
2 3
1 2
2 1
1 21
2 1
1 38
2 1
1 1
2 3
1 18
2 2
1 11
2 1
1 11
2 2
1 6
2 1
1 8
2 3
1 94
2 1
1 97
2 1
1 5
2 1
1 128
0 1
1 4
2 1
1 4
2 1
1 3
2 2
1 5
2 1
1 35
2 2
1 6
2 2
1 1
2 3
1 13
2 2
1 2
0 1
1 10
2 1
1 1
2 1
1 3
2 1
1 16
2 1
1 1
2 1
1 10
2 1
1 120
2 1
1 8
2 2
1 64
2 1
1 8
2 1
1 138
2 2
1 8
0 1
1 1
2 2
1 31
2 3
1 19
2 1
1 4
2 5
1 2
2 5
1 4
2 1
1 5
2 1
1 9
2 1
1 5
2 6
1 25
2 1
1 9
2 1
1 10
2 1
1 86
2 1
1 23
2 1
1 15
2 1
1 9
2 1
1 16
2 2
1 50
2 1
1 118
2 1
1 1
2 1
1 4
2 1
1 6
2 1
1 4
2 1
1 4
2 2
1 6
2 1
1 8
2 1
1 18
0 1
1 3
2 1
1 5
2 1
1 4
2 1
1 4
2 1
1 2
2 1
1 2
2 1
1 6
2 3
1 2
2 1
1 29
2 1
1 7
2 3
1 2
2 3
1 9
2 1
1 17
2 1
1 99
2 1
1 211
2 2
1 4
0 2
1 1
0 1
1 17
2 1
1 7
2 1
1 3
2 2
1 16
2 4
1 17
2 5
1 15
2 1
1 1
2 2
1 2
2 1
1 5
2 2
1 11
2 1
1 4
2 2
1 213
2 2
1 17
2 2
1 111
0 1
1 1
2 1
1 6
2 1
3 1
2 2
1 54
2 2
1 2
2 2
1 4
2 2
1 1
2 1
1 5
2 4
1 11
2 5
1 1
2 2
1 15
2 1
1 4
2 1
1 5
2 2
1 3
2 2
1 1
2 1
1 181
2 1
1 1
2 2
1 36
2 1
1 5
2 1
1 105
2 1
1 2
0 1
1 3
2 1
1 2
2 1
0 1
1 60
2 3
1 3
2 1
1 3
2 2
1 8
2 1
1 7
2 2
1 4
2 1
1 1
2 1
1 6
2 1
1 3
2 1
1 27
2 1
1 112
2 1
1 9
2 1
1 100
2 1
1 109
2 1
3 1
2 1
1 2
2 1
1 2
2 2
1 1
2 1
1 5
2 2
1 16
2 1
1 33
2 1
1 11
2 1
1 5
2 1
1 4
2 1
1 4
2 1
1 7
0 1
1 7
2 1
1 9
2 5
1 5
2 2
1 1
2 1
1 1
2 1
1 1
2 1
1 208
2 1
1 136
2 1
1 6
2 2
3 1
1 55
2 1
1 7
2 1
1 4
2 1
1 3
2 2
1 3
2 1
1 4
2 3
1 3
2 4
1 2
2 1
1 1
2 1
1 4
2 2
1 4
2 2
1 12
2 1
1 2
2 3
1 58
2 1
1 283
2 1
1 2
0 1
1 1
2 3
1 1
2 1
1 47
0 1
1 6
2 1
1 4
2 1
1 7
2 2
1 6
2 1
1 3
2 1
1 5
2 1
1 18
2 2
1 3
0 1
1 20
2 1
1 27
2 1
1 36
2 1
1 41
2 1
1 26
2 1
1 4
2 1
1 1
2 2
1 198
2 1
1 1
2 2
1 16
2 1
1 6
2 1
1 6
2 1
1 22
0 1
1 5
0 1
1 1
2 1
1 4
2 1
1 9
2 1
1 4
2 2
1 8
2 5
1 4
2 2
1 8
0 2
1 6
2 2
1 7
2 2
1 3
2 1
1 2
2 2
1 27
2 1
1 69
2 1
1 69
2 1
1 172
2 1
1 9
2 1
1 25
2 1
1 21
2 1
1 13
0 1
1 39
2 1
1 3
2 2
1 14
2 2
1 2
2 1
1 27
2 1
1 11
2 2
1 26
2 1
1 57
2 3
1 4
2 1
1 19
2 1
1 29
2 1
1 175
2 3
1 16
2 1
1 3
2 2
1 26
2 1
1 4
2 3
1 3
2 1
1 9
2 2
1 3
2 2
1 6
2 1
1 2
2 4
1 2
2 1
1 23
2 3
1 30
2 1
1 15
2 2
1 2
2 1
1 79
2 1
1 4
2 2
1 5
2 1
1 81
2 1
1 122
2 1
1 2
0 1
1 18
2 1
1 8
0 1
1 34
2 4
1 1
2 1
1 2
0 1
1 1
2 2
1 13
2 1
1 11
2 2
1 2
2 1
1 2
2 1
1 90
2 1
1 20
2 2
1 16
2 3
1 1
2 1
1 21
2 1
1 36
2 1
1 172
2 1
1 8
2 1
1 12
2 1
1 7
2 1
1 3
2 1
1 24
2 1
1 3
2 1
1 4
2 1
1 8
2 2
1 1
2 1
1 1
2 1
1 2
2 4
1 9
2 1
1 1
2 1
1 15
2 1
1 1
2 3
1 1
2 1
1 5
2 3
1 11
2 1
1 19
2 1
1 13
2 1
1 86
2 1
1 1
2 1
1 1
2 1
1 6
2 1
1 25
2 2
1 2
2 1
1 172
2 2
1 4
2 1
1 3
2 1
1 3
2 1
1 1
2 1
1 4
2 1
1 12
2 1
1 3
2 1
1 4
2 1
1 7
2 1
1 14
0 1
1 1
2 1
1 27
2 3
1 3
2 1
1 2
2 6
1 7
2 1
1 4
2 2
1 3
2 1
1 2
2 1
1 3
2 4
1 4
2 1
1 69
2 2
1 1
2 1
1 31
2 1
1 29
2 1
1 71
2 1
1 6
2 1
1 120
2 1
1 3
2 1
1 5
2 1
1 4
2 2
3 1
1 12
2 1
1 10
2 1
1 7
2 3
1 31
2 2
1 1
2 2
1 21
2 1
1 4
2 6
1 7
2 3
1 13
2 2
1 2
2 1
1 14
2 1
1 8
2 1
1 2
2 1
1 9
2 1
1 2
2 2
1 28
2 2
1 29
2 1
1 2
2 1
1 23
2 1
1 19
2 1
1 1
2 3
1 17
2 1
1 32
2 1
1 141
2 2
1 1
2 1
1 19
2 4
1 15
2 1
1 13
2 1
1 3
0 1
1 1
2 1
1 10
2 1
1 12
2 1
1 7
2 1
1 4
2 2
1 15
2 1
1 10
2 1
1 1
2 2
1 5
2 1
1 1
2 1
1 17
2 1
1 10
2 1
1 39
2 4
1 4
2 3
1 16
2 4
1 23
2 1
1 6
2 1
1 38
2 1
1 168
2 2
1 3
2 2
1 2
2 4
1 1
2 1
1 6
2 2
1 4
2 2
1 10
2 2
1 2
2 1
1 13
2 1
1 8
0 2
1 5
2 1
1 10
2 1
1 15
2 1
1 5
2 2
1 1
2 2
1 14
0 1
1 2
2 3
1 6
2 1
1 2
2 2
1 42
2 1
1 37
2 4
1 5
2 1
1 26
2 1
1 13
0 1
1 2
2 2
1 28
2 1
1 183
2 1
1 2
2 2
1 10
2 1
1 1
2 2
1 9
2 2
1 12
2 2
1 12
2 1
1 4
2 1
1 11
2 2
1 2
2 1
1 2
2 1
1 2
2 1
1 1
2 1
1 9
2 2
1 19
2 1
1 2
0 2
1 25
2 2
1 56
2 1
1 14
2 2
1 13
2 1
1 16
2 1
1 2
2 1
1 10
2 2
1 60
2 2
1 4
2 1
1 1
2 1
1 145
2 1
1 1
0 2
1 1
2 1
1 15
2 1
1 12
2 2
1 9
2 1
1 1
2 1
1 12
0 2
1 27
2 1
1 2
2 1
1 4
2 4
1 17
2 1
1 2
2 1
1 2
2 2
1 1
2 3
1 2
2 1
1 3
2 1
1 5
2 1
1 10
2 2
1 10
2 1
1 32
2 1
1 9
2 3
1 1
2 1
1 5
2 1
1 5
2 2
1 3
2 2
1 5
2 1
1 17
2 1
1 1
2 1
1 42
2 1
1 38
2 1
1 138
2 2
1 1
2 2
1 4
2 1
1 15
2 1
1 2
2 2
1 3
2 4
1 3
2 2
1 9
2 1
1 14
0 1
1 2
2 1
1 6
2 2
1 1
2 2
1 9
2 1
1 2
2 1
1 4
2 2
1 4
2 1
1 25
2 2
1 5
2 2
1 13
2 2
1 1
2 1
1 14
2 1
1 1
2 1
1 2
2 2
1 24
2 2
1 12
2 1
1 1
2 3
1 15
2 2
1 8
2 1
1 2
2 2
1 4
2 3
1 3
2 1
1 1
2 1
1 36
2 1
1 14
2 1
1 7
2 2
1 6
2 1
1 12
2 2
1 137
2 1
1 1
2 3
1 7
2 4
1 12
2 1
1 1
2 1
1 2
2 1
1 3
2 1
1 1
2 2
1 13
2 2
1 13
2 1
1 15
2 1
1 8
2 2
1 8
2 3
1 3
2 1
1 27
2 2
1 1
2 4
1 10
2 2
1 9
2 2
1 4
2 2
1 1
2 2
1 5
2 1
1 41
2 2
1 11
2 2
1 12
2 1
1 14
2 1
1 9
2 2
1 20
2 1
1 1
2 1
1 4
2 2
1 15
2 1
1 26
2 1
1 136
2 3
1 2
2 2
1 8
2 1
1 5
2 2
1 2
2 1
1 25
2 2
1 5
2 1
1 4
0 2
1 1
2 2
1 9
2 2
1 7
2 1
1 7
2 1
1 6
2 3
1 2
2 2
1 2
2 2
1 43
2 2
1 3
2 1
1 10
2 1
1 7
2 1
1 8
2 1
1 28
2 1
1 5
2 3
1 1
2 5
1 23
2 3
1 11
2 1
1 208
2 1
1 3
2 1
1 1
2 1
1 1
0 1
1 5
2 1
1 9
2 2
1 2
2 1
1 1
2 2
1 6
2 2
1 3
2 3
1 3
2 1
1 1
2 1
1 2
2 1
1 2
2 1
1 1
2 2
1 5
2 1
1 1
0 3
1 1
2 1
1 22
2 1
1 1
2 1
1 3
2 2
1 8
2 1
1 1
2 1
1 1
2 4
1 8
2 3
1 2
2 1
1 39
2 1
1 2
2 3
1 20
2 1
1 12
2 1
1 2
2 1
1 3
2 1
1 17
2 2
1 9
2 1
1 14
2 1
1 19
2 1
1 3
2 1
1 7
2 1
1 25
2 3
1 11
2 1
1 2
2 2
1 41
2 1
1 99
2 5
1 1
2 1
0 1
1 9
2 1
1 4
2 5
1 1
2 1
1 15
2 2
1 2
2 1
1 7
2 1
1 1
2 2
1 1
2 2
1 1
2 1
1 5
2 1
1 2
0 2
1 1
2 2
1 9
2 2
1 49
2 3
1 1
2 1
1 31
2 1
1 4
2 1
1 4
2 4
1 1
2 1
1 43
2 1
1 13
2 4
1 10
2 2
1 8
2 1
1 1
2 1
1 42
2 1
1 9
2 2
1 5
2 1
1 6
2 1
1 1
2 1
1 136
2 1
1 2
2 1
1 2
2 1
0 1
1 1
2 2
1 15
2 1
1 3
2 1
1 13
0 1
1 2
2 1
1 4
2 2
1 1
2 1
1 11
2 1
1 3
2 1
1 1
2 1
1 1
2 2
1 1
0 2
2 3
1 12
2 2
1 3
2 1
1 12
2 2
1 7
2 2
1 24
2 1
1 10
2 3
1 11
2 1
1 8
2 1
1 11
2 1
1 6
2 1
1 4
2 1
1 12
2 2
1 8
2 3
1 25
2 1
1 1
2 1
1 1
2 1
1 3
2 1
1 2
2 1
1 8
2 1
1 2
2 1
1 65
2 4
1 132
2 1
1 1
2 1
1 1
2 1
1 6
2 2
1 6
2 1
1 10
2 3
1 3
2 1
1 4
2 3
1 3
2 3
1 4
2 2
1 3
2 2
1 3
2 1
1 2
2 2
1 3
2 1
1 10
2 1
1 11
2 2
1 8
2 1
1 2
2 2
1 14
2 1
1 8
2 3
1 20
2 1
1 2
2 2
1 16
2 1
1 20
2 1
1 1
2 2
1 18
2 1
1 23
2 9
1 15
2 2
1 10
2 1
1 2
2 1
1 1
2 2
1 1
2 1
1 24
2 1
1 175
2 2
1 2
2 3
1 5
2 3
1 4
2 2
1 7
2 1
1 1
2 1
1 4
2 1
1 3
0 1
1 1
2 1
1 2
2 2
1 7
2 1
1 19
2 1
1 18
2 2
1 9
2 2
1 1
2 2
1 1
2 2
1 4
2 2
1 11
2 3
1 6
2 1
1 40
2 2
1 25
2 2
1 12
2 1
1 1
2 2
1 2
2 3
1 2
2 2
1 11
2 1
1 1
2 2
1 2
2 3
1 2
2 2
1 1
2 1
1 4
2 2
1 8
2 1
1 14
2 1
1 189
2 1
1 4
2 1
1 4
2 2
1 4
2 1
1 2
2 3
1 15
2 2
1 2
2 2
1 3
2 2
1 1
0 1
1 7
2 6
1 23
2 1
1 11
2 1
1 6
2 1
1 26
2 1
1 2
2 4
1 40
2 2
1 7
2 3
1 14
2 2
1 3
2 1
1 10
2 1
1 2
2 1
1 13
2 1
1 1
2 1
1 25
2 3
1 9
2 1
1 1
2 1
1 37
2 1
1 51
2 1
1 8
2 1
1 99
2 1
1 2
2 1
1 1
0 1
1 1
2 1
1 6
2 1
1 3
2 1
1 3
2 1
1 6
2 1
1 7
2 1
1 15
2 2
1 2
2 1
1 4
0 2
1 16
2 3
1 29
2 1
1 20
2 1
1 7
2 1
1 34
2 1
1 36
2 9
1 27
2 1
1 2
2 1
1 2
2 1
1 6
2 1
1 13
2 2
1 13
2 3
1 19
2 1
1 4
2 1
1 20
2 1
1 34
2 1
1 100
2 1
1 2
2 1
1 5
2 3
1 2
2 4
1 1
2 2
1 5
2 1
0 1
1 8
2 1
1 3
2 3
1 6
2 2
1 3
2 2
1 3
2 2
1 6
2 2
1 14
2 1
1 8
2 1
1 3
0 1
1 3
2 2
1 14
2 1
1 14
2 1
1 39
2 1
1 32
2 1
1 8
2 1
1 12
2 1
1 1
2 3
1 22
2 2
1 3
2 2
1 6
2 1
1 20
2 1
1 12
2 2
1 26
2 2
1 13
0 1
1 2
2 1
1 28
2 1
1 106
3 1
1 9
2 2
1 2
2 3
1 2
2 1
1 7
2 1
1 5
2 1
1 6
2 5
3 1
2 1
1 3
2 3
1 5
2 1
1 2
2 2
1 1
2 2
1 2
2 2
1 4
2 3
1 2
2 1
1 2
2 2
1 3
2 1
1 14
2 1
1 29
2 1
1 89
2 1
1 7
2 2
1 37
2 1
1 7
2 3
1 4
2 1
1 5
2 1
1 1
2 1
1 32
2 1
1 4
0 1
1 3
2 1
1 39
2 1
1 40
2 1
1 64
0 1
2 2
1 7
2 2
1 8
2 1
1 2
2 1
1 4
2 1
1 3
2 1
1 3
2 2
1 5
2 1
1 2
2 3
1 5
2 2
1 2
0 1
1 1
2 2
1 2
0 1
1 1
2 2
1 2
2 3
1 29
0 1
1 3
2 1
1 114
2 1
1 3
2 1
1 4
2 1
1 24
2 2
1 3
2 1
1 1
2 1
1 6
2 1
1 6
2 1
1 8
2 2
1 6
2 3
1 7
2 1
1 7
2 1
1 9
2 2
1 3
2 2
1 6
2 2
1 2
2 1
1 1
2 1
1 1
2 4
1 4
2 1
1 129
3 1
1 5
2 1
1 1
0 1
1 5
2 1
1 1
2 1
1 2
2 1
1 2
2 1
1 5
2 1
1 14
0 1
2 1
1 1
2 1
1 2
2 2
1 1
2 1
1 9
2 1
1 4
0 1
1 2
2 3
1 1
2 1
1 8
2 1
1 11
2 1
1 3
2 1
1 2
2 1
1 4
0 1
1 2
2 2
1 10
2 1
1 18
2 1
1 42
2 1
1 8
2 1
1 8
2 1
1 39
2 1
1 25
2 1
1 10
2 1
1 1
2 1
1 22
2 1
1 1
2 1
1 1
2 3
1 18
2 1
1 3
2 1
1 5
2 2
1 138
2 1
1 5
2 1
1 4
2 1
1 7
2 1
0 1
1 1
2 1
1 5
2 1
1 2
2 2
1 6
2 2
1 3
2 1
1 3
2 1
1 3
2 1
1 4
2 2
1 5
2 4
1 2
0 1
1 5
0 1
1 3
2 1
1 5
2 1
1 8
2 1
1 21
2 1
1 1
2 1
1 78
2 2
1 36
2 2
1 4
2 1
1 3
2 1
1 3
2 1
1 1
2 2
1 2
2 1
1 4
2 1
1 8
2 1
1 4
2 1
1 3
2 1
1 9
2 1
1 1
2 2
1 3
2 1
1 3
2 3
1 4
0 2
1 4
2 1
1 6
2 1
1 7
2 2
1 8
2 1
1 2
0 1
1 4
2 1
1 2
2 3
1 24
2 1
1 105
2 1
1 5
2 2
1 1
2 1
1 10
2 2
1 2
2 1
1 6
2 1
1 2
2 2
1 5
0 1
2 2
1 3
2 1
1 9
2 4
1 1
0 3
1 1
2 9
1 6
2 1
1 10
2 1
1 1
2 1
1 9
2 1
1 4
2 2
1 7
0 1
1 4
2 4
1 4
2 1
1 12
2 2
1 44
2 1
1 12
2 3
1 16
2 1
1 3
2 1
1 4
2 1
1 18
2 4
1 10
2 2
1 24
2 3
1 3
2 2
1 3
2 7
1 5
2 3
1 3
2 1
1 1
2 1
1 9
2 1
1 6
2 1
1 1
2 2
1 1
2 1
1 2
2 1
1 134
2 1
1 1
2 2
1 2
2 1
1 8
2 1
1 2
2 1
0 1
1 5
2 1
1 2
2 1
1 7
2 4
1 1
0 1
1 3
2 1
1 1
2 2
1 1
2 4
0 1
1 3
0 1
1 1
2 3
1 1
2 1
1 11
2 2
1 5
2 4
1 5
2 2
1 1
2 1
1 35
2 3
1 14
2 1
1 33
2 1
1 56
2 3
1 2
2 1
1 2
2 1
1 3
2 1
1 8
2 1
1 3
2 2
1 1
2 1
1 3
2 1
1 10
2 1
1 19
2 1
1 11
2 3
1 8
2 1
1 22
2 1
1 33
2 2
1 97
2 1
1 3
2 1
1 2
2 2
1 3
2 2
1 1
2 1
1 9
2 2
1 1
2 3
1 6
2 2
3 2
2 1
1 2
2 1
1 2
2 3
1 2
2 1
1 5
2 5
1 3
2 1
1 2
2 4
1 2
2 1
1 3
2 1
1 5
2 1
1 6
2 2
1 3
2 2
1 2
2 1
1 6
2 1
1 25
0 1
1 7
2 2
1 2
2 1
1 39
2 1
1 29
2 2
1 18
2 1
1 11
2 2
1 7
2 2
1 39
2 1
1 28
2 1
1 7
0 1
1 33
2 1
1 111
2 1
1 4
2 1
1 2
2 1
1 9
2 1
1 5
2 1
1 1
2 2
1 5
2 2
1 1
0 3
1 6
2 1
1 1
2 2
1 6
2 1
1 2
0 1
1 1
2 3
1 6
2 2
1 1
2 1
1 8
0 1
1 4
2 3
1 4
2 2
1 5
2 1
1 1
2 3
1 3
2 1
1 3
2 2
1 1
2 1
1 7
2 1
1 28
2 1
1 4
2 2
1 10
2 2
1 39
2 1
1 2
2 1
1 13
2 2
1 10
2 1
1 1
2 1
1 7
2 1
1 1
2 1
1 1
2 1
1 1
2 1
1 9
2 1
1 5
2 1
1 9
2 3
1 5
2 1
1 1
2 3
1 5
2 3
1 7
2 1
1 21
2 1
1 1
2 3
1 9
2 1
1 20
2 1
1 119
2 3
1 2
2 3
1 2
2 1
1 10
2 2
1 2
2 1
1 2
2 1
1 2
2 1
3 1
2 1
1 3
2 1
1 1
0 1
1 3
2 3
1 6
2 2
1 11
2 3
1 4
2 1
1 4
2 1
1 2
0 3
1 4
2 1
1 12
2 1
1 16
2 4
1 5
2 1
1 2
2 1
1 30
2 2
1 19
2 1
1 21
2 1
1 7
2 1
1 13
2 1
1 6
2 1
1 23
2 2
1 14
2 2
1 32
2 2
1 8
2 1
1 13
2 1
1 146
2 2
1 4
2 1
1 4
2 1
1 11
2 1
1 10
0 2
1 6
3 1
2 2
1 1
0 1
1 2
2 1
1 3
2 1
1 3
2 4
1 5
2 3
1 7
2 3
1 2
2 2
1 1
2 1
1 8
2 2
1 5
2 3
1 3
2 2
1 10
2 1
1 50
2 1
1 1
2 1
1 22
2 1
1 8
2 1
1 39
2 1
1 20
2 1
1 22
2 1
1 2
2 2
1 11
2 1
1 19
2 1
1 47
2 1
1 106
3 1
2 1
1 6
2 1
1 1
2 1
3 1
1 12
2 1
1 1
2 1
1 3
0 1
1 5
2 2
1 6
0 1
1 1
2 2
1 8
2 3
0 3
2 1
3 1
2 1
1 4
2 1
1 2
2 1
1 3
0 4
1 1
2 4
1 8
2 2
1 1
0 1
2 1
1 3
2 1
1 4
2 1
1 3
2 2
1 4
2 1
1 3
2 2
1 1
2 2
1 1
2 2
1 1
2 2
1 4
2 1
1 47
2 2
1 46
2 1
1 21
2 1
1 2
2 1
1 7
2 1
1 16
2 2
1 11
2 1
1 4
2 1
1 2
2 2
1 4
2 1
1 3
2 2
1 2
2 1
1 16
2 1
1 3
2 1
1 6
2 1
1 136
2 2
1 3
2 1
1 1
2 1
1 17
2 4
1 2
2 1
1 2
0 1
1 8
3 1
2 3
1 11
2 1
1 4
2 3
1 1
0 1
1 2
2 2
1 2
2 2
1 6
2 1
1 3
2 4
1 5
2 1
1 2
2 2
1 1
2 1
1 4
2 2
1 13
2 1
1 13
2 1
1 50
2 3
1 1
2 1
1 2
2 2
1 31
2 1
1 51
2 1
1 16
2 1
1 14
2 1
1 4
2 3
1 22
2 1
1 137
2 1
1 10
0 2
1 17
2 3
1 1
2 5
1 9
2 2
1 6
2 6
1 4
2 1
1 3
2 1
1 1
0 2
1 1
2 1
3 1
2 2
1 3
2 5
1 2
0 1
1 2
2 1
1 6
2 1
1 11
2 2
1 7
2 3
1 3
2 2
1 4
2 1
1 3
2 1
1 2
2 1
1 64
2 3
1 70
2 3
1 5
2 1
1 55
2 2
1 145
2 1
1 18
0 1
1 1
2 1
1 6
2 1
1 9
2 3
1 1
2 3
1 2
0 2
1 3
2 1
1 1
2 3
1 3
2 3
1 3
2 1
1 2
0 1
1 1
2 3
1 1
0 1
1 3
2 1
1 1
2 1
1 4
2 1
1 12
2 1
1 3
2 1
1 1
2 1
1 15
2 2
1 2
2 1
1 4
2 1
1 2
2 1
1 72
2 1
1 2
2 2
1 1
2 1
1 58
2 1
1 15
2 2
1 4
2 1
1 24
2 1
1 1
2 1
1 157
2 2
0 1
1 1
3 1
2 2
1 15
2 1
1 5
2 2
1 12
2 2
1 2
2 5
1 3
0 2
1 1
2 3
1 3
0 1
1 1
2 2
1 3
2 3
1 4
2 2
1 7
2 3
1 8
2 2
3 1
1 1
0 1
1 1
2 1
1 8
2 1
1 2
2 1
1 9
2 1
1 3
2 1
1 1
2 1
1 2
2 1
1 8
2 1
1 70
2 4
1 4
2 2
1 4
2 1
1 88
2 1
1 9
2 1
1 156
2 1
1 1
2 3
1 10
0 1
2 1
1 1
2 1
1 1
2 2
3 1
2 1
1 1
2 2
1 13
2 3
1 4
2 1
1 7
2 4
1 3
0 1
1 1
2 1
1 3
0 1
1 1
2 2
1 1
0 2
1 10
2 2
1 10
2 4
1 10
2 4
1 3
2 1
1 9
2 1
1 7
2 1
1 3
2 1
1 4
2 1
1 83
2 6
1 56
2 1
1 11
2 1
1 23
2 1
1 8
2 1
1 141
3 1
2 2
1 14
2 1
1 3
2 1
1 3
2 1
1 1
3 1
2 1
1 13
2 2
1 1
2 2
1 2
0 1
1 9
2 1
1 10
2 2
1 1
2 2
1 4
2 1
1 2
2 2
1 5
2 1
1 7
0 1
1 6
2 1
1 5
2 4
1 5
2 2
1 3
2 4
1 11
2 1
1 3
2 2
1 3
2 1
1 96
2 1
1 2
2 12
1 225
2 1
1 16
2 2
1 19
2 1
1 1
0 1
1 2
2 4
1 7
2 4
1 5
2 1
1 5
2 2
1 4
2 2
1 8
2 1
1 5
2 1
1 10
2 2
1 6
2 1
1 4
2 2
1 5
2 3
1 4
2 1
1 10
2 1
1 7
2 2
1 2
2 1
1 69
2 1
1 38
2 1
1 1
2 8
1 43
2 1
1 3
2 1
1 157
2 2
1 22
2 1
1 1
2 1
1 18
2 2
1 2
0 1
1 1
2 4
1 3
0 3
1 1
0 1
1 1
2 3
1 2
0 1
1 1
2 2
1 2
2 5
1 3
2 3
1 2
0 1
1 1
2 2
1 9
2 1
1 6
2 1
1 3
2 1
1 1
2 2
1 4
2 3
1 5
2 2
1 28
2 2
1 119
2 1
1 2
2 1
1 2
2 2
1 5
2 1
1 4
2 1
1 184
2 3
1 37
2 3
1 4
2 2
1 7
2 3
1 2
0 1
1 2
2 1
1 13
2 3
1 2
2 3
1 2
2 4
1 4
2 1
1 9
2 1
1 4
2 1
1 1
2 2
1 6
2 1
1 10
2 2
1 153
2 1
1 14
2 9
1 1
2 4
1 6
2 2
1 2
2 4
1 173
2 1
1 23
0 1
1 2
2 5
1 5
2 4
1 4
0 1
1 12
2 3
1 1
2 2
1 6
2 2
1 6
2 1
1 3
0 1
1 4
2 1
1 4
2 1
1 4
2 1
1 8
2 2
1 3
2 1
1 8
2 1
1 7
2 1
1 167
2 1
1 14
2 2
1 186
2 2
1 2
2 2
1 1
0 2
1 1
2 1
1 3
2 1
1 11
2 2
1 7
2 5
1 4
2 3
1 8
2 2
1 2
0 1
1 2
2 4
1 8
2 1
1 1
2 1
1 4
2 2
1 12
2 2
1 384
2 2
1 1
2 1
1 2
2 2
1 3
2 1
1 2
2 1
1 5
2 4
1 2
2 2
1 3
2 4
1 4
2 4
1 16
2 1
1 10
2 1
1 12
2 1
1 393
2 3
1 2
0 1
2 3
1 6
2 2
1 1
2 1
1 1
2 2
0 1
1 6
2 2
1 10
0 1
1 9
2 2
1 3
2 1
1 2
2 2
1 2
2 1
1 3
2 1
1 3
2 1
1 2
2 2
1 2
2 2
1 3
2 2
1 5
2 1
1 3
2 1
1 389
2 3
1 2
2 3
1 7
2 1
1 2
2 2
1 7
2 5
1 3
2 3
1 14
2 2
1 10
2 2
1 4
2 2
1 10
2 1
1 5
2 1
1 9
2 2
1 17
2 2
1 360
2 2
1 2
2 1
1 3
0 1
1 1
2 3
1 6
2 3
1 4
2 1
1 2
0 1
1 1
2 1
1 4
2 1
1 7
2 2
1 2
2 1
1 1
2 2
1 8
2 1
1 14
2 3
1 6
2 1
1 1
2 3
1 15
2 1
1 5
2 2
1 3
2 1
1 366
2 1
1 4
2 2
1 1
0 1
1 3
2 2
1 1
0 2
1 4
2 1
1 4
2 2
1 3
2 2
1 6
2 2
1 2
2 1
1 7
2 1
1 2
2 3
1 4
2 1
1 1
2 2
1 6
2 1
1 4
2 1
1 2
2 1
1 12
2 1
1 12
2 1
1 374
2 2
1 4
0 1
1 1
2 4
1 1
0 1
1 1
2 1
1 2
0 2
1 2
2 4
1 6
2 1
1 1
2 3
1 10
2 4
1 8
2 2
1 7
2 2
1 6
2 2
1 15
2 4
1 11
2 1
1 6
2 2
1 3
2 1
1 358
2 2
1 3
2 1
1 3
2 1
1 3
2 3
1 8
0 2
1 1
2 3
1 7
2 2
1 4
2 1
1 5
0 1
1 2
2 3
1 3
2 1
1 6
2 3
1 6
2 2
1 12
2 1
1 16
2 1
1 8
2 1
1 4
2 1
1 3
2 1
1 19
2 1
1 8
2 1
1 330
2 2
1 6
2 1
1 6
2 1
1 1
2 1
1 2
2 2
1 11
0 2
1 3
2 4
1 1
2 1
1 13
2 1
1 1
2 1
1 2
0 1
1 12
2 1
1 18
2 4
1 6
2 1
1 8
2 1
1 4
2 4
1 2
2 3
1 352
2 2
1 4
2 2
1 1
2 1
1 3
2 1
1 4
2 1
1 6
2 1
1 1
2 2
1 4
2 3
1 3
0 1
1 2
2 2
1 1
2 4
1 5
2 1
1 4
2 1
1 8
2 1
1 14
2 1
1 17
2 1
1 7
2 2
1 26
2 1
1 351
2 1
1 1
2 1
1 9
2 2
1 1
2 1
1 2
2 3
1 6
2 5
1 2
2 1
1 5
2 2
1 11
2 1
1 6
2 2
1 4
2 4
1 12
2 3
1 2
2 1
1 391
2 1
1 3
2 2
1 14
2 2
1 3
2 2
1 7
0 2
1 1
2 2
1 3
2 2
1 2
2 1
1 4
2 1
1 5
2 2
1 1
2 2
1 25
2 2
1 22
2 2
1 358
2 2
1 3
2 1
1 3
2 1
1 5
2 1
1 3
2 2
1 10
2 2
1 2
0 1
1 1
2 3
1 6
2 2
1 6
2 2
1 8
2 1
1 3
2 1
1 21
2 1
1 2
2 2
1 6
2 2
1 378
2 2
1 9
2 2
1 3
2 1
1 1
0 1
1 1
2 1
1 2
2 4
1 1
2 2
1 1
2 1
1 7
2 2
1 5
2 2
1 8
2 1
1 15
2 1
1 13
2 1
1 2
2 1
1 7
2 3
1 379
2 2
1 11
2 6
1 1
2 1
1 1
2 1
1 4
2 1
1 3
2 3
1 9
2 3
1 2
2 4
1 3
2 2
1 4
2 2
1 1
2 2
1 1
2 1
1 24
2 3
1 5
2 1
1 13
2 1
1 372
2 1
1 5
2 2
1 7
2 3
1 1
2 1
1 1
2 1
1 4
2 2
1 3
2 2
1 6
2 2
1 3
2 2
3 1
2 1
1 1
2 1
1 13
2 1
1 4
2 1
1 1
2 1
1 6
2 3
1 24
2 1
1 377
2 1
1 4
2 3
1 10
2 1
1 3
2 1
1 1
2 1
1 2
2 1
1 15
2 1
1 5
2 2
1 8
2 2
1 6
2 1
1 16
2 1
1 9
2 1
1 26
2 1
1 351
3 1
2 1
1 7
2 3
1 9
3 2
2 2
1 16
2 1
1 7
2 2
1 12
2 1
1 29
2 1
1 58
2 1
1 329
2 1
3 1
2 2
1 3
2 1
1 11
0 2
1 7
2 1
1 1
2 1
1 2
2 1
1 1
2 1
1 4
2 1
1 1
2 1
1 21
2 2
1 14
2 1
1 21
2 1
1 66
2 2
1 43
2 1
1 269
2 1
3 1
2 1
1 1
2 1
1 3
2 1
1 3
2 1
1 1
2 3
1 18
2 1
1 10
2 1
1 19
2 1
1 15
2 1
1 47
2 1
1 31
2 3
1 2
2 3
1 5
2 3
1 311
2 3
3 2
2 2
1 9
2 1
1 1
2 1
1 1
2 1
1 8
2 1
1 5
3 1
0 2
1 10
2 2
1 3
2 1
1 44
2 1
1 42
2 1
1 22
2 1
1 9
2 1
1 25
2 1
1 286
2 3
1 8
2 2
1 9
2 2
1 2
2 2
0 1
1 2
2 1
1 4
2 1
1 5
2 2
1 3
2 1
1 9
2 1
1 9
2 2
1 90
2 1
1 5
2 1
1 2
2 1
1 79
2 1
1 244
2 10
1 2
2 1
1 2
2 1
1 3
2 1
1 12
2 2
1 1
2 2
1 8
2 1
1 84
2 1
1 18
2 3
1 4
2 1
1 20
2 4
1 1
2 1
1 50
2 1
1 4
2 1
1 142
2 1
1 109
2 1
1 1
2 1
1 2
2 2
1 8
2 1
1 6
2 1
1 46
2 2
1 32
2 1
1 13
2 1
1 30
2 1
1 72
2 1
1 4
2 1
1 213
2 1
1 42
2 10
1 1
2 2
1 4
2 1
1 4
0 1
2 3
1 9
2 1
1 23
2 1
1 6
2 3
1 37
2 2
1 2
2 2
1 3
2 2
1 11
2 1
1 14
2 2
1 19
2 2
1 6
2 1
1 5
2 1
1 1
2 1
1 36
2 1
1 9
2 1
1 1
2 1
1 242
2 1
1 17
2 1
1 3
2 3
1 5
2 3
1 35
2 1
1 2
2 3
1 39
2 1
1 3
2 1
1 3
2 1
1 15
2 1
1 7
2 1
1 33
2 1
1 1
2 2
1 2
2 1
1 3
2 2
1 48
2 1
1 273
2 3
3 1
2 2
1 1
2 1
1 30
2 1
1 17
2 1
1 19
2 1
1 6
2 1
1 5
2 1
1 69
2 2
1 13
2 2
1 313
2 10
1 18
2 1
1 6
2 1
1 1
2 1
1 19
2 1
1 12
2 1
1 38
2 2
1 11
2 1
1 1
2 1
1 2
2 1
1 6
2 2
1 23
2 2
1 4
2 1
1 10
2 1
1 306
2 1
1 6
2 4
1 1
2 2
3 1
2 4
1 5
2 1
1 8
2 1
1 1
2 1
1 15
2 1
1 25
2 1
1 29
2 2
1 4
2 1
1 1
2 2
1 33
2 1
1 4
2 1
1 2
2 2
1 331
2 1
1 7
2 5
1 14
2 2
1 8
2 1
1 5
2 1
1 10
2 1
1 86
2 1
1 1
2 1
1 6
2 1
1 2
2 2
1 11
2 1
1 22
2 1
1 243
2 2
1 71
2 1
1 1
2 9
1 1
2 5
1 1
2 7
1 1
2 2
1 44
2 4
1 38
2 1
1 7
2 1
1 3
2 1
1 424
2 1
1 20
2 1
1 46
2 2
1 22
2 1
1 385
2 2
1 13
2 2
1 36
2 1
1 1
2 1
1 174
2 1
1 269
2 1
1 48
2 1
1 25
2 1
1 925
2 1
1 2
2 1
1 2
2 1
1 506
2 2
1 1
HH 14263
2 246
1 1
2 4680
1 1
2 478
1 1
2 1949
1 1
2 967
1 1
2 1535
1 1
2 13451
1 1
2 471
1 1
2 1
1 1
2 1
1 1
2 398
1 1
2 79
1 1
2 1
1 1
2 475
1 1
2 461
1 1
2 448
1 1
2 22
1 1
2 6
1 1
2 452
1 1
2 24
1 1
2 23
1 1
2 480
1 1
2 453
1 1
2 10
1 1
2 18
1 1
2 450
1 1
2 8
1 1
2 1
1 1
2 16
1 1
2 3
1 1
2 481
1 1
2 468
1 1
2 8
1 1
2 476
1 1
2 375
1 1
2 101
1 1
2 376
1 1
2 99
1 1
2 6
1 1
2 480
1 1
2 2
1 1
2 477
1 1
2 1225
1 1
2 94
1 1
2 472
1 1
2 478
1 1
2 1443
1 1
2 1799
1 1
2 480
1 1
2 2927
1 1
2 1152
1 1
2 2
1 2
2 477
1 2
2 476
1 1
2 236
1 1
2 241
1 1
2 3
1 2
2 2
1 1
2 1
1 1
2 467
1 1
2 2
1 1
2 26
1 1
2 451
1 1
2 6
1 1
2 3
1 1
2 15
1 1
2 1
1 1
3 1
1 1
2 1
1 1
2 243
1 1
2 198
1 1
2 2
1 1
2 4
1 1
2 1
1 1
2 3
1 1
2 19
0 1
2 444
1 1
2 9
1 1
2 1
1 1
2 14
1 1
2 2
1 1
2 3
0 1
2 5
1 1
2 4
1 1
2 431
1 1
2 1
1 1
2 3
1 1
2 7
1 1
2 14
1 1
2 6
1 1
2 1
1 1
2 6
1 1
2 433
1 1
3 1
1 1
2 1
1 1
2 1
1 2
2 6
1 1
2 6
1 1
2 4
1 1
2 6
1 1
2 1
1 2
2 4
1 1
2 436
1 1
2 1
3 1
0 1
2 1
1 1
2 2
1 1
2 9
1 1
2 4
1 1
2 5
1 2
2 1
1 2
2 2
1 1
2 11
1 1
2 2
1 1
2 427
1 1
2 2
1 1
2 2
1 1
2 1
1 1
2 2
1 2
2 3
1 1
2 3
1 1
2 4
1 1
2 6
1 1
3 1
2 1
1 1
2 10
1 1
2 2
1 1
2 3
1 1
2 4
1 1
2 418
1 1
2 1
0 1
3 1
2 6
1 1
3 1
2 10
1 1
2 6
1 1
2 2
1 1
3 1
2 5
1 1
2 8
1 1
2 3
1 2
2 3
1 2
2 3
1 1
2 423
1 1
2 1
1 1
2 4
1 1
2 16
1 2
2 2
1 1
2 3
1 1
2 2
1 1
2 2
1 1
2 4
1 2
2 1
1 1
2 1
1 1
2 1
1 1
2 223
1 1
2 200
1 1
3 1
2 4
1 1
2 6
1 1
2 7
1 1
2 12
1 1
2 1
1 1
2 1
1 1
2 2
1 2
2 7
1 1
2 1
1 1
2 1
1 1
2 3
1 1
2 3
1 1
2 385
1 1
2 5
1 1
2 28
1 1
2 8
1 1
2 6
1 1
2 6
3 1
2 1
1 5
2 2
1 1
2 1
1 1
2 2
1 1
2 2
1 1
2 3
1 1
2 2
1 2
2 428
1 2
2 3
1 1
2 3
1 1
2 3
1 1
2 1
1 1
2 2
1 2
2 2
1 1
2 3
1 1
2 1
0 1
3 1
2 1
1 1
2 1
1 1
3 1
1 2
2 9
1 1
2 1
1 2
2 3
1 2
2 10
1 1
2 383
1 1
2 38
1 1
2 1
1 1
2 6
1 1
2 4
1 1
2 2
1 1
2 1
1 1
2 4
1 1
3 1
1 1
2 6
1 1
2 6
1 1
2 1
1 1
0 1
2 2
1 1
2 11
1 2
2 1
1 1
2 376
1 1
2 4
1 1
2 21
1 1
2 5
1 1
2 11
1 2
3 1
1 1
2 1
1 1
2 2
1 1
2 6
1 1
2 1
1 2
2 1
1 1
2 8
1 1
2 5
1 1
2 2
1 1
2 7
1 1
2 12
1 1
2 382
1 1
2 2
1 1
2 14
1 1
2 3
3 1
2 1
1 1
2 1
3 1
2 1
3 1
2 1
1 2
2 2
1 1
2 2
1 1
2 10
1 1
2 2
1 1
2 5
1 1
2 1
1 1
2 1
1 2
2 1
1 1
2 7
1 1
2 2
1 1
2 4
1 1
2 2
1 1
2 8
1 1
2 379
1 1
2 4
1 3
2 2
1 1
3 1
1 1
2 14
1 1
2 2
1 1
2 2
1 2
2 2
1 1
2 3
1 1
2 2
1 1
2 2
1 1
2 12
1 1
2 5
1 1
3 1
1 1
2 7
1 1
2 2
1 1
2 5
1 1
2 4
1 1
2 3
1 1
2 2
1 1
2 1
1 1
2 2
1 1
2 376
1 1
2 1
1 1
2 2
1 1
2 1
1 2
2 2
1 2
2 24
1 1
2 1
1 1
2 2
1 1
2 8
1 1
2 11
1 1
2 1
1 1
2 1
3 1
0 1
3 1
2 5
1 1
2 5
1 1
2 2
1 1
2 8
1 1
2 7
1 1
2 2
1 1
2 376
1 1
3 1
2 1
1 1
2 5
1 1
2 1
1 1
3 1
2 13
1 1
2 2
1 1
2 2
1 2
2 5
1 1
0 1
2 1
1 1
2 5
1 1
2 3
1 1
2 10
1 1
2 2
1 1
2 1
1 1
2 3
1 1
2 3
1 1
2 5
1 1
2 2
1 1
2 2
1 1
2 3
1 1
2 6
1 1
2 2
1 1
2 374
1 1
2 1
1 1
2 2
1 1
2 3
1 1
2 1
1 1
2 3
1 1
3 1
2 11
1 1
3 1
1 1
2 3
1 1
2 3
1 1
3 1
1 1
2 9
1 1
2 10
1 1
2 3
1 2
2 1
1 1
2 2
1 1
2 2
1 1
2 3
1 1
2 1
1 1
2 1
1 1
2 1
1 2
2 1
1 1
2 6
1 1
2 10
1 1
2 4
1 1
2 368
1 1
2 2
1 1
2 2
1 1
2 1
1 1
2 3
1 1
2 6
1 1
2 7
1 1
2 1
1 2
2 1
1 1
2 2
1 1
2 4
1 1
2 3
1 1
2 6
1 1
2 9
1 1
2 2
1 3
2 7
1 1
2 1
1 1
2 1
1 1
2 1
1 1
2 3
1 1
2 2
1 1
2 7
1 1
2 5
1 1
2 2
1 1
2 4
1 1
2 2
1 1
2 366
1 1
2 2
1 2
2 2
1 1
2 2
1 1
2 3
1 1
2 3
1 1
2 1
1 1
3 1
2 7
1 1
3 1
2 1
1 1
2 4
1 1
2 1
1 1
2 1
1 3
2 3
1 1
2 2
1 1
2 2
1 1
2 2
1 1
2 3
1 2
3 1
1 2
2 4
1 1
2 1
1 2
2 2
1 1
2 4
1 1
2 2
1 2
2 1
1 1
2 3
1 1
2 4
1 1
2 7
1 2
2 1
1 1
2 4
1 1
2 2
1 1
2 1
1 1
2 326
1 1
2 2
3 1
2 33
1 1
2 1
1 1
2 3
1 1
2 1
1 1
2 3
1 1
2 3
1 1
2 4
1 1
2 6
1 1
2 11
1 2
2 1
0 1
2 9
1 3
2 2
1 1
3 1
2 2
1 1
2 5
1 1
2 1
1 1
2 1
1 1
2 7
1 1
2 1
1 1
2 1
1 1
2 2
1 2
2 5
1 1
2 5
1 1
2 1
1 1
2 2
1 1
2 1
1 3
2 2
1 1
2 4
1 1
2 120
1 1
2 188
1 1
2 14
1 1
3 1
1 1
2 1
1 1
3 1
2 32
3 1
1 1
2 8
1 2
2 2
1 1
2 1
1 1
2 4
1 1
2 1
1 2
2 10
1 1
2 3
1 1
2 4
1 1
2 7
1 1
2 3
1 2
2 1
1 1
2 1
1 1
2 5
1 1
2 3
1 1
2 1
1 1
2 4
1 1
2 12
1 1
2 7
1 1
3 1
1 2
2 2
1 1
2 4
1 1
2 1
1 1
2 2
1 1
2 120
1 1
2 186
1 1
2 2
1 1
3 1
1 1
2 1
1 1
2 2
1 1
2 7
1 1
2 2
1 2
2 1
1 1
2 31
1 1
2 2
1 1
2 3
1 2
2 1
1 1
2 2
1 1
2 5
1 1
2 2
1 1
2 3
1 1
2 1
1 1
2 5
1 2
2 3
1 1
2 2
1 1
2 3
1 1
2 4
1 1
2 6
1 1
2 1
1 1
2 14
1 1
2 3
1 1
2 2
1 1
2 4
1 1
2 3
1 1
2 4
1 1
2 2
1 1
3 1
1 1
2 2
1 1
2 3
1 1
2 1
1 1
2 1
1 1
2 5
1 2
2 306
0 1
3 1
1 1
2 2
1 1
2 4
1 1
2 4
1 1
2 2
1 1
2 1
1 1
2 1
1 1
3 1
2 27
1 1
2 1
1 3
2 1
3 1
2 2
1 1
2 2
1 1
2 6
1 2
2 3
1 1
2 4
1 1
2 4
1 1
2 1
1 2
3 1
1 2
2 2
1 2
2 3
1 1
2 3
1 1
3 1
2 1
1 1
3 1
0 1
1 1
2 8
1 1
2 7
1 1
2 3
1 1
2 3
1 1
2 16
1 1
2 1
1 2
2 2
1 1
2 1
1 1
2 2
3 1
1 1
3 1
1 1
2 8
1 1
2 125
1 1
2 185
1 1
2 1
1 1
2 3
1 1
2 2
1 1
2 4
1 1
2 2
0 1
2 28
0 1
2 1
1 1
2 6
1 2
2 1
1 2
2 3
1 1
3 1
2 3
1 1
2 3
1 1
3 1
2 1
1 1
2 1
1 1
2 5
1 1
2 9
1 1
2 4
1 1
2 1
1 2
2 10
1 1
2 5
1 1
2 3
1 2
3 1
1 1
2 1
1 1
2 1
1 1
2 1
1 1
2 1
1 1
2 1
1 1
2 2
1 1
2 5
1 1
2 1
1 1
2 2
1 1
2 2
1 1
2 1
1 1
2 1
1 2
2 1
1 1
2 3
1 1
2 2
1 1
2 118
1 1
2 7
1 1
2 1
1 1
2 179
1 1
2 5
1 1
2 1
1 1
2 1
1 1
2 2
1 2
2 1
1 1
3 1
1 1
2 2
1 1
2 3
1 1
2 1
1 1
2 17
1 1
2 4
1 1
2 1
1 1
2 2
1 1
2 3
1 1
2 2
1 1
2 2
1 1
2 10
1 1
2 3
1 1
2 5
1 1
2 4
1 1
2 4
1 1
2 2
1 1
3 1
1 1
2 3
1 1
2 4
1 1
2 2
1 1
2 4
1 1
2 2
1 1
2 2
1 2
2 3
1 1
2 1
1 1
2 1
1 1
2 5
1 1
2 3
1 1
2 6
1 1
2 2
1 1
2 8
3 1
1 1
2 3
1 1
3 1
2 1
1 1
3 1
1 1
2 1
1 2
2 123
1 1
2 178
1 1
2 4
1 2
2 9
1 1
2 2
1 1
2 5
1 1
2 2
1 1
2 22
1 1
3 1
2 4
1 1
2 5
1 1
3 1
1 1
2 4
1 1
2 4
1 1
2 2
1 1
2 16
1 1
2 1
1 1
2 1
1 2
3 1
1 1
2 1
1 1
2 1
1 1
3 1
0 1
2 5
1 1
2 2
3 1
1 1
2 2
1 1
2 5
1 1
2 3
1 1
2 7
1 1
2 2
1 1
2 3
1 1
2 3
1 1
2 5
1 1
2 1
1 1
2 1
1 1
2 4
1 1
2 1
1 2
2 1
1 1
2 4
1 1
3 1
2 1
1 1
2 121
1 1
2 180
1 1
2 2
1 1
2 13
1 1
2 4
1 1
2 3
1 1
3 1
1 1
2 21
3 1
2 1
1 3
2 3
1 1
2 1
1 1
2 1
1 2
3 1
2 2
1 1
2 9
1 1
2 4
1 1
2 3
1 1
2 7
1 1
2 3
1 1
3 1
2 5
3 1
1 1
2 7
1 1
2 1
1 2
2 2
1 1
3 1
1 1
2 1
1 1
2 2
1 1
2 1
1 1
2 6
1 1
2 2
1 1
2 1
1 2
2 1
1 1
2 5
1 1
2 2
1 1
2 4
1 1
2 4
1 1
2 1
1 1
2 1
1 3
2 1
1 1
2 305
1 1
2 3
1 1
2 3
1 1
2 13
1 2
2 4
1 1
3 1
1 1
2 2
1 1
2 17
1 1
2 1
1 1
3 1
1 1
2 1
1 2
2 3
1 1
3 1
1 1
2 1
1 1
2 2
1 2
2 1
1 1
2 3
1 3
2 2
1 1
2 12
1 1
2 3
1 1
2 1
1 1
2 1
1 3
2 4
1 1
2 5
1 2
2 5
1 1
2 1
1 1
2 1
1 1
3 1
1 1
2 5
1 1
2 6
1 1
2 9
1 1
2 2
1 2
2 1
1 1
2 1
1 1
2 5
1 1
2 3
1 1
3 1
2 5
1 1
2 2
1 2
2 297
1 1
2 3
1 1
2 6
3 1
1 2
2 2
1 1
2 5
1 1
2 2
1 2
2 4
1 2
2 5
1 1
2 1
1 1
2 15
1 1
2 2
1 1
2 6
1 1
2 4
1 1
2 12
1 1
2 5
1 1
2 3
3 1
2 1
1 1
2 2
1 1
3 1
1 1
0 1
3 1
1 1
2 8
1 1
2 6
1 1
2 3
1 1
2 4
1 1
2 22
1 1
2 2
1 1
2 2
1 1
2 2
1 1
3 1
2 1
1 1
2 1
1 1
2 1
1 2
2 2
1 1
2 2
1 1
2 8
3 1
1 1
2 295
1 1
2 3
1 1
2 1
1 1
2 3
1 1
2 3
1 1
2 7
3 1
1 1
2 3
1 2
2 1
1 1
2 1
1 1
2 3
1 1
2 4
1 2
2 8
1 1
2 2
1 1
2 1
1 2
2 4
1 2
2 3
1 2
2 2
1 1
2 10
1 1
2 3
1 1
2 3
1 1
2 2
1 1
2 2
1 1
2 1
1 1
2 3
1 1
2 4
1 1
2 3
1 1
2 1
1 1
2 3
1 1
2 3
1 1
2 1
1 2
3 1
1 1
2 8
1 1
2 2
1 1
2 5
1 1
2 4
1 1
2 3
1 1
2 1
1 1
2 2
1 1
2 5
1 1
2 5
0 1
2 2
1 1
2 3
1 2
2 2
1 1
2 1
1 1
3 1
1 2
2 111
1 1
2 180
1 1
3 1
2 1
1 2
2 12
1 1
2 5
1 1
2 2
1 2
2 3
1 1
2 3
1 2
2 4
1 1
2 2
1 1
2 2
1 1
2 2
1 2
2 4
1 1
2 5
1 1
2 3
1 1
2 1
1 1
3 1
2 14
1 1
2 4
1 2
3 1
2 1
0 1
2 4
1 1
2 1
1 1
2 8
1 1
2 3
1 1
2 2
1 1
2 3
1 1
2 4
1 2
2 1
1 1
2 5
1 1
2 6
1 1
2 2
1 1
2 6
1 1
2 3
1 1
2 1
1 2
2 2
1 3
2 1
1 1
2 1
1 1
3 1
2 1
1 1
2 3
1 1
2 1
1 1
2 1
1 1
2 2
1 1
2 1
1 1
2 1
1 1
2 2
1 1
2 296
1 1
2 4
1 1
2 4
1 2
2 5
1 1
2 1
1 1
2 3
1 1
2 3
1 1
2 4
1 1
2 1
1 1
2 5
1 1
2 2
3 1
1 1
3 1
2 1
1 1
2 1
1 1
2 4
1 1
2 3
3 2
2 2
1 1
2 20
1 1
2 2
1 2
3 1
2 1
1 2
2 2
1 2
2 7
1 1
2 3
1 1
2 2
1 1
2 1
3 1
1 1
2 1
3 1
2 1
1 1
2 1
1 1
2 5
1 2
3 1
2 2
1 1
2 4
1 1
2 3
1 1
2 1
1 1
2 2
1 1
2 1
1 1
2 2
1 1
2 1
1 1
2 3
1 1
2 2
3 1
1 1
2 4
1 1
2 3
1 1
2 11
1 2
2 3
1 1
2 108
1 1
2 2
1 1
2 177
3 1
1 1
2 1
1 1
2 4
1 2
2 3
1 1
2 5
1 1
2 1
1 1
2 1
1 1
2 3
1 1
2 2
1 1
2 4
1 1
2 1
3 1
1 2
2 8
1 1
3 1
1 2
2 5
1 3
2 2
3 1
1 1
2 2
1 1
2 17
1 1
2 5
1 1
2 2
1 1
2 4
1 1
2 1
1 1
2 7
1 1
2 2
1 1
2 5
1 1
2 1
1 1
2 4
1 1
2 3
1 2
2 3
1 1
2 4
1 1
2 2
1 1
2 1
1 1
2 3
1 1
2 1
1 1
2 5
1 1
2 1
1 1
2 2
1 1
2 2
1 1
2 1
1 1
2 2
0 1
3 1
1 1
2 1
1 1
2 1
1 1
2 5
1 1
2 5
1 2
2 1
1 1
2 3
1 1
2 81
1 1
2 15
1 1
2 186
1 1
2 3
1 2
2 1
3 1
0 1
3 1
2 8
1 2
2 4
1 1
2 3
1 1
2 7
1 1
2 2
1 1
3 1
2 2
1 1
2 1
1 1
2 1
1 2
2 2
1 1
2 4
1 1
2 2
1 1
3 1
2 2
1 1
2 2
1 1
3 1
1 1
2 16
1 1
2 3
1 1
2 3
1 2
2 3
1 1
3 1
1 1
2 2
1 2
2 1
1 1
2 1
1 1
2 1
3 1
1 1
2 7
1 1
2 7
1 1
2 1
1 1
2 1
1 1
2 2
1 1
2 1
1 1
2 3
1 1
2 2
1 3
2 2
1 1
2 1
1 1
2 6
1 1
2 1
1 1
2 3
1 2
3 1
1 1
2 1
1 2
2 1
1 1
2 2
1 1
2 2
3 1
1 2
2 6
1 1
2 4
1 2
2 3
1 1
2 280
1 1
3 1
1 3
2 3
1 1
2 1
1 1
2 2
1 1
2 5
1 1
2 1
1 1
2 5
1 1
2 2
1 1
3 1
1 1
2 1
1 1
2 3
1 2
2 1
1 1
2 1
1 1
2 3
1 1
3 1
2 1
1 2
2 3
1 1
3 1
1 1
2 5
1 1
2 2
1 2
2 3
3 1
1 1
2 14
1 1
2 2
1 1
2 1
1 1
2 2
1 1
2 3
1 1
2 1
1 2
2 2
1 2
3 1
1 2
2 2
1 1
2 7
1 1
2 1
3 1
2 5
1 1
2 4
1 1
3 1
2 2
1 1
2 2
1 1
2 1
1 1
3 1
1 1
2 4
1 1
2 9
1 1
2 1
1 2
2 1
1 2
2 1
3 1
1 1
2 7
1 1
2 2
1 2
2 3
1 1
2 5
1 1
2 2
1 1
2 3
1 1
3 1
2 1
1 1
2 77
1 1
2 200
1 1
2 1
1 1
3 1
1 1
2 4
1 1
2 3
1 1
2 6
1 1
2 1
1 1
2 2
1 1
2 1
1 1
3 1
1 2
2 1
1 1
2 3
1 2
2 5
1 1
2 1
1 3
3 1
1 2
2 2
1 1
2 1
1 1
2 1
1 1
3 1
2 3
1 2
2 2
1 1
2 3
1 1
2 1
1 1
2 1
1 1
2 13
1 1
2 1
1 1
2 3
1 1
2 6
3 1
1 1
2 1
1 1
2 1
1 1
2 1
1 1
2 2
1 1
2 2
1 1
2 5
1 1
3 1
2 1
1 2
2 1
1 2
2 6
1 1
2 1
1 1
2 3
1 1
2 1
1 1
2 1
1 1
3 1
2 4
1 1
2 2
1 1
2 10
1 1
2 1
1 1
2 1
1 1
2 7
1 1
2 5
1 1
2 9
1 1
2 4
1 1
2 1
1 1
2 3
1 2
2 78
1 1
2 99
1 1
2 2
1 2
2 48
1 1
2 2
1 1
2 2
1 1
2 1
1 1
2 21
1 2
2 1
1 1
2 8
1 1
2 1
1 1
2 1
1 2
2 3
1 1
2 11
1 3
3 1
2 1
1 1
2 1
1 1
2 2
1 1
2 13
1 2
2 4
1 1
2 1
1 1
2 6
1 2
2 1
1 1
2 4
1 1
2 25
1 1
2 8
1 1
3 1
1 1
3 1
1 1
2 1
1 1
2 3
1 1
2 1
3 1
1 1
3 1
1 1
2 2
1 1
3 1
2 2
1 1
2 4
1 1
2 1
1 2
2 1
1 2
2 5
1 1
2 2
1 1
2 4
1 1
2 4
1 1
2 3
1 1
2 5
1 1
2 1
1 1
3 1
1 1
2 2
1 1
2 4
1 1
2 29
1 1
2 175
1 1
2 8
1 1
2 42
1 1
2 1
1 1
2 2
1 1
2 1
3 1
1 1
2 22
1 1
2 3
1 2
2 2
1 1
2 1
3 1
2 2
1 1
2 1
1 1
2 3
1 1
2 2
1 3
2 11
1 1
2 4
1 1
2 1
1 2
2 10
1 1
2 6
1 1
2 10
1 1
2 4
3 1
2 8
1 1
2 14
1 1
2 2
1 1
2 2
1 2
2 2
1 1
2 3
3 1
1 2
2 1
1 2
2 1
1 3
2 3
1 1
2 1
1 1
2 1
1 1
2 3
1 3
2 1
1 1
2 1
1 1
2 4
1 1
2 2
1 1
2 1
1 1
2 8
1 1
2 1
1 1
2 2
1 1
2 4
1 1
2 7
1 1
3 1
1 1
2 2
1 1
2 37
1 1
2 180
1 2
2 4
1 1
2 39
1 1
3 1
1 1
3 1
2 1
1 1
2 25
1 3
2 6
0 1
3 1
2 1
1 1
2 2
0 1
2 4
1 1
2 3
1 1
2 11
1 1
2 3
1 1
2 3
1 1
2 10
1 1
2 4
1 1
2 4
1 1
2 6
1 1
2 1
1 1
2 1
1 2
2 4
1 1
2 22
1 1
2 8
1 1
2 3
1 1
2 1
3 1
1 1
2 2
1 1
2 6
0 1
2 3
1 1
2 9
1 2
2 6
1 1
2 1
1 1
2 1
1 1
2 5
1 1
2 1
1 1
2 1
1 1
2 1
1 1
2 1
1 1
2 5
1 1
2 2
1 1
2 4
1 1
2 5
1 1
2 33
1 1
2 179
1 1
2 8
1 1
2 35
1 1
2 1
1 1
2 2
1 1
2 1
1 2
2 18
1 1
2 3
1 1
2 1
1 1
2 3
1 1
2 2
1 2
3 1
2 3
1 2
2 1
1 1
2 2
1 1
2 1
3 1
1 2
2 7
1 1
2 6
1 1
2 7
1 1
2 1
1 1
2 1
1 1
2 3
3 1
1 1
2 2
1 1
2 1
1 2
2 2
1 1
2 7
1 1
2 1
1 1
2 2
0 1
2 2
1 1
2 1
1 1
2 20
1 1
2 9
1 2
2 2
1 2
2 4
1 3
2 2
1 1
3 1
2 3
1 2
2 10
1 1
2 5
1 1
2 3
1 3
2 1
1 1
2 2
3 1
1 1
2 9
1 1
3 1
1 1
2 1
1 1
2 3
1 1
2 1
1 1
2 6
1 1
2 36
1 1
2 163
1 1
2 1
1 2
2 2
1 2
2 1
1 1
2 1
3 1
1 1
2 5
1 2
2 24
1 1
2 4
1 1
2 9
1 1
2 3
1 1
2 1
1 2
2 17
1 1
2 2
1 1
2 2
1 1
2 4
1 1
2 5
1 2
3 1
1 2
2 1
1 1
2 2
1 3
2 1
1 2
2 3
1 1
2 5
1 1
2 3
1 2
2 9
1 1
2 2
1 1
2 2
1 2
3 1
2 6
1 1
2 1
1 1
2 1
1 1
2 4
1 1
2 2
1 1
2 2
1 1
2 19
1 1
2 3
1 1
2 9
1 1
2 8
1 1
2 1
3 1
1 1
2 8
1 2
2 5
1 1
2 13
1 1
2 1
1 1
2 4
1 1
2 9
1 1
2 54
1 1
2 33
1 1
2 125
1 1
2 2
1 1
3 1
1 1
2 1
1 1
2 2
1 1
2 2
1 1
2 6
1 1
2 2
1 1
2 21
1 1
3 1
1 1
2 1
1 1
2 4
1 1
2 2
1 1
2 5
1 2
3 1
2 4
1 2
2 13
1 1
3 1
2 4
0 1
2 4
1 1
3 1
1 1
2 3
1 1
3 1
2 1
1 2
2 2
1 1
2 3
1 2
2 1
1 1
3 1
1 1
2 3
1 2
2 2
1 1
2 1
1 1
2 4
1 1
2 5
1 1
2 3
1 1
2 2
1 1
2 1
3 1
1 2
2 3
1 1
2 4
1 2
2 4
1 1
2 1
1 1
2 23
1 1
2 3
1 1
3 1
1 1
2 7
1 1
2 2
1 2
2 4
1 1
3 1
2 1
1 2
3 1
2 4
1 1
2 1
1 1
2 1
1 1
2 1
1 1
2 2
1 1
2 2
1 2
2 16
1 1
2 1
1 1
2 7
1 1
2 57
1 1
2 30
1 1
2 58
1 1
2 50
1 1
2 17
1 1
2 2
1 3
2 1
1 1
2 2
1 1
2 3
1 1
2 10
1 1
2 16
1 1
2 4
1 1
2 2
1 1
2 1
1 1
3 1
1 1
2 1
1 2
2 3
1 1
2 1
1 2
2 3
1 1
3 1
2 2
1 1
2 9
1 1
2 1
1 1
2 2
1 1
2 1
1 1
3 1
2 2
1 1
2 6
1 1
2 1
1 1
2 4
1 1
2 4
1 1
2 2
1 3
2 3
1 1
2 1
1 1
2 4
1 1
2 5
1 2
2 7
1 1
2 2
1 1
2 2
1 1
2 1
1 1
2 3
1 1
2 6
1 1
2 6
1 1
2 2
1 1
2 20
1 1
2 1
1 1
2 1
1 1
2 14
1 1
3 1
2 8
1 1
2 3
1 1
2 8
1 1
2 13
1 1
2 3
1 2
2 67
1 1
2 1
1 1
2 1
1 1
2 78
1 1
2 49
1 2
2 4
1 1
2 2
1 1
2 18
1 1
3 1
2 3
1 1
2 6
1 1
2 2
1 1
2 24
1 1
2 1
1 1
2 1
1 1
2 1
1 1
2 1
1 1
2 3
1 1
2 2
1 1
2 1
1 1
2 4
1 1
2 3
1 1
2 3
1 1
2 3
1 1
2 3
1 1
3 1
1 1
3 1
2 6
1 1
2 2
1 1
2 2
1 1
2 6
1 1
2 5
1 1
2 3
1 1
2 5
1 1
2 4
1 2
2 4
1 1
2 1
1 1
2 7
1 1
2 1
3 1
1 1
2 4
1 2
2 1
1 1
2 1
1 1
2 6
1 1
2 4
1 1
2 25
1 1
2 3
1 2
3 1
2 8
1 1
2 3
1 1
2 13
1 1
2 10
1 1
2 11
1 1
2 1
1 2
2 2
1 1
2 2
1 1
2 69
1 1
2 20
1 1
2 105
1 1
3 1
2 2
1 1
2 1
1 1
2 1
1 1
2 2
1 1
2 3
1 1
2 5
1 1
2 2
1 1
2 2
1 1
2 8
1 1
2 2
1 2
2 2
1 1
2 1
1 2
2 2
1 2
2 9
1 1
2 10
1 2
2 5
0 1
2 4
1 1
2 1
1 1
2 10
1 1
2 1
1 1
2 2
1 1
2 2
1 1
2 3
1 1
2 4
3 1
2 1
0 1
1 2
3 1
2 2
1 1
2 3
1 1
2 3
1 1
2 2
1 1
2 10
1 1
2 4
1 2
2 8
1 1
2 2
1 1
2 3
1 1
2 7
1 1
2 4
1 1
2 5
1 1
2 5
1 1
2 1
1 1
2 2
1 1
2 4
1 1
2 1
1 1
2 19
1 1
2 15
1 1
2 9
1 1
2 4
1 1
2 8
1 1
2 10
1 1
2 8
1 1
2 3
1 1
2 64
1 1
2 12
1 1
2 13
1 1
2 97
1 1
3 1
1 2
3 1
2 4
1 1
2 4
1 1
2 1
1 2
2 8
1 1
2 3
1 1
2 2
1 1
2 5
1 1
2 5
1 1
2 2
1 1
2 5
1 1
3 1
2 5
1 1
2 8
1 1
2 2
1 1
2 1
1 1
2 3
1 1
2 2
3 1
1 1
2 6
1 1
2 8
1 2
2 1
3 1
2 1
1 1
2 3
1 1
2 1
1 1
2 1
1 1
2 2
1 1
3 1
1 2
3 1
2 4
1 1
2 1
0 1
2 4
1 1
2 6
1 1
2 2
1 1
2 13
1 1
2 11
1 1
2 11
1 1
2 1
1 1
2 1
1 2
3 1
2 1
1 2
2 6
1 1
2 8
1 1
2 20
1 1
2 2
1 1
2 2
1 1
2 1
1 1
2 9
1 1
2 7
1 1
2 5
1 1
2 14
1 1
2 3
1 1
2 90
1 1
2 111
1 1
2 2
1 1
2 7
1 1
2 1
1 1
2 1
1 2
2 6
1 1
2 4
1 1
2 1
1 1
2 2
1 1
2 3
1 1
2 1
1 1
2 1
1 1
2 5
1 1
2 4
1 1
2 4
1 1
2 5
1 1
2 6
1 1
3 1
1 2
2 1
1 1
2 3
1 1
2 8
1 1
3 1
1 1
2 1
1 1
2 10
1 2
2 4
1 1
2 1
1 1
2 5
1 1
2 2
1 1
2 3
1 2
2 4
1 3
2 1
1 1
2 2
1 1
2 3
1 1
2 11
1 1
3 1
1 1
3 1
1 1
2 9
1 1
2 1
1 2
2 2
1 2
2 2
1 1
2 3
1 1
2 1
1 1
2 2
1 1
2 2
1 1
2 11
1 1
2 3
1 1
2 20
1 1
2 8
1 1
2 5
1 1
2 1
1 1
2 15
1 1
2 1
1 1
2 4
1 1
2 1
1 1
2 4
1 1
2 1
1 3
3 1
1 1
2 80
1 1
2 9
1 1
2 65
1 1
2 45
1 1
2 4
1 1
2 3
1 1
2 4
1 1
2 1
1 1
2 3
1 1
2 2
1 2
2 6
1 3
2 3
1 1
2 16
1 1
2 1
1 1
2 5
1 1
2 3
1 2
2 4
1 1
2 3
1 1
2 1
3 1
0 1
2 1
1 1
2 3
1 1
2 1
1 1
2 3
1 1
2 7
1 2
2 6
0 1
1 1
3 1
1 1
2 1
1 1
2 6
1 1
2 2
1 1
2 3
1 2
2 1
1 1
3 1
1 2
2 9
1 1
2 3
1 1
2 1
1 2
2 1
1 2
2 10
1 1
2 3
1 1
3 1
2 1
1 1
2 9
0 1
3 1
2 1
1 1
2 2
1 1
2 5
1 2
2 1
1 1
2 1
1 1
2 4
1 1
3 1
1 1
2 22
1 1
2 1
1 1
2 1
1 1
2 26
1 1
2 3
1 1
2 1
1 1
2 1
3 1
2 3
1 1
2 4
3 1
1 1
2 6
1 1
2 83
1 1
2 101
1 1
2 2
1 1
2 3
1 1
2 1
1 1
2 7
1 1
2 1
1 1
2 1
1 1
2 8
1 1
2 9
1 1
2 6
1 1
2 1
1 1
2 9
1 1
2 12
1 1
2 16
1 1
2 7
1 2
2 3
1 1
2 1
1 1
2 4
3 1
1 1
2 4
1 1
2 1
1 1
3 1
1 1
2 2
1 1
2 2
1 2
2 2
1 1
2 2
1 1
2 7
1 1
2 1
3 1
1 1
2 3
1 1
3 1
2 3
3 1
2 2
1 2
2 2
1 1
2 1
1 1
2 12
1 1
2 1
1 2
2 1
1 2
2 1
1 1
2 1
1 1
2 15
1 2
2 3
1 1
2 2
1 1
2 5
1 1
2 24
1 1
2 3
1 1
2 2
1 1
2 2
1 1
2 21
1 1
2 2
1 1
2 2
1 1
2 3
1 1
2 4
1 1
2 4
1 1
2 1
1 1
2 80
1 1
2 10
1 1
2 5
1 1
2 40
1 1
2 51
1 2
2 6
1 1
2 2
1 1
2 2
0 1
2 2
1 1
2 5
1 2
2 3
1 1
2 1
1 1
2 16
1 1
2 3
1 2
2 2
1 1
2 9
1 2
2 2
1 1
2 3
1 1
2 6
1 1
2 5
1 1
0 1
2 4
3 1
2 3
1 2
2 2
1 1
2 2
1 1
2 1
1 1
2 8
1 1
2 1
1 1
2 6
1 1
2 2
1 1
2 9
1 1
2 6
3 1
1 1
2 1
1 3
2 42
1 2
2 2
1 1
2 2
1 1
2 4
1 1
2 3
1 1
2 29
1 2
2 5
1 1
2 23
1 2
2 2
1 1
2 1
1 2
2 7
1 1
2 2
1 1
2 9
1 1
2 72
1 1
2 59
1 1
2 15
1 1
2 27
1 1
2 1
1 1
2 1
1 1
2 1
1 1
2 1
1 1
2 1
1 2
2 4
1 1
2 1
3 1
2 1
1 1
2 6
1 1
2 10
1 1
2 1
1 1
2 3
1 1
2 1
1 1
2 2
1 1
2 1
1 1
2 1
1 1
2 6
1 1
2 2
3 1
0 1
2 4
1 1
2 4
1 1
2 4
1 1
2 4
1 1
2 6
1 2
3 1
2 1
1 1
2 1
1 1
2 5
3 1
2 1
1 1
2 16
1 1
2 4
1 1
2 1
1 1
2 2
1 1
2 2
1 1
2 9
1 1
3 1
1 2
2 1
1 1
2 1
1 1
2 4
1 1
2 2
1 1
2 17
1 1
2 1
1 1
2 1
1 1
2 14
1 1
2 2
1 2
3 1
1 1
2 2
1 1
2 4
1 1
2 5
1 1
2 24
1 1
3 1
1 1
2 2
1 1
2 2
1 1
2 27
1 1
2 1
1 1
2 3
1 1
2 2
1 1
2 1
3 1
2 1
1 1
2 101
1 1
2 83
1 1
2 3
1 3
3 1
1 2
2 1
3 1
1 1
2 2
1 1
2 9
1 2
2 3
1 1
2 1
1 1
2 3
1 2
2 2
1 1
2 3
1 1
2 3
1 1
2 3
1 1
2 7
1 1
2 1
1 1
2 3
1 1
2 4
1 1
2 6
1 1
2 1
1 1
2 3
1 1
2 1
1 1
2 1
1 1
2 3
1 1
2 3
1 1
3 1
1 1
3 1
1 1
2 2
1 2
2 3
1 1
2 1
1 1
2 5
1 1
2 13
1 1
2 2
1 1
2 3
1 1
2 1
1 1
2 4
1 1
3 1
2 3
1 1
3 1
1 1
2 2
1 1
2 5
1 1
2 21
1 1
2 17
1 1
2 3
1 1
2 1
1 1
2 37
1 1
2 4
1 1
2 28
1 1
2 1
1 1
2 1
1 1
2 3
1 1
2 1
1 1
2 2
3 1
1 2
2 1
1 1
2 96
1 2
2 1
1 1
2 42
1 1
2 17
1 1
2 18
1 1
2 2
1 1
2 3
1 1
2 2
1 1
2 1
1 1
2 3
1 2
2 5
1 2
2 4
1 1
2 3
1 1
2 2
1 1
2 3
1 1
2 5
1 1
2 2
1 1
2 1
1 1
2 1
1 1
3 1
1 1
2 5
1 1
2 1
1 2
2 1
1 1
2 4
1 1
3 1
1 2
2 1
1 1
2 4
1 1
2 2
1 1
3 1
2 2
1 1
2 7
1 1
2 10
1 1
2 8
1 1
2 1
1 3
2 7
1 1
2 1
1 1
2 6
1 1
2 1
1 1
2 11
1 2
3 1
2 2
1 1
2 7
0 1
2 23
1 1
2 16
1 2
2 1
1 1
2 1
1 1
2 36
1 1
2 6
1 1
2 31
1 1
2 6
1 1
3 1
2 1
1 1
2 1
1 2
2 8
1 1
2 133
1 1
2 21
1 1
2 16
1 1
2 5
1 1
2 4
1 1
2 3
1 1
3 1
2 1
1 1
2 1
1 2
2 3
1 2
3 1
2 6
1 1
3 1
2 3
1 1
2 3
1 1
2 4
1 1
2 6
1 1
2 3
1 1
2 11
1 1
2 1
1 1
2 4
3 1
1 1
2 1
1 2
2 1
1 1
2 6
1 1
2 4
1 1
2 4
1 1
2 2
1 1
2 3
1 1
2 1
1 1
3 1
2 1
1 1
2 2
1 1
2 9
1 1
2 11
1 2
2 2
1 1
2 11
1 1
3 1
2 1
1 1
2 1
1 1
2 3
3 1
2 39
1 1
2 1
1 2
2 45
1 1
2 33
1 1
2 1
1 1
2 2
1 1
2 1
1 1
2 2
1 1
2 9
1 1
2 155
1 1
2 1
1 1
2 12
1 1
2 1
1 1
2 1
1 4
2 1
1 1
2 2
1 1
2 1
3 1
1 1
0 1
2 1
3 1
1 2
3 1
1 1
2 1
1 1
2 1
1 1
2 3
1 1
2 1
1 1
2 2
1 1
2 2
1 1
2 1
1 2
3 1
1 2
3 1
2 1
1 1
2 1
1 1
2 2
1 1
2 1
1 1
2 2
0 1
3 1
2 1
1 2
2 2
0 1
2 2
1 1
2 2
1 1
2 3
1 1
2 3
1 1
2 1
1 1
2 1
1 1
2 1
1 1
2 1
3 1
1 4
2 6
1 1
2 8
1 1
2 2
1 1
2 1
1 1
2 2
1 2
3 1
1 1
2 10
1 1
2 4
1 1
2 1
1 1
2 6
3 1
1 1
2 8
0 1
3 1
1 2
2 2
1 1
2 2
1 1
2 4
1 1
2 38
1 1
2 10
1 1
2 2
1 1
2 73
1 2
3 1
2 2
1 1
2 96
1 1
2 65
1 1
2 2
1 1
2 16
1 1
2 1
1 1
2 1
1 1
3 1
2 1
1 1
2 4
1 1
2 1
3 1
1 2
2 1
1 1
3 1
1 1
2 4
1 2
3 1
2 4
1 1
2 1
1 1
2 3
1 1
2 1
3 1
0 1
2 2
1 1
2 2
1 1
2 2
1 1
2 3
1 1
2 3
1 1
3 1
2 1
1 2
3 1
1 1
2 1
3 1
1 1
2 9
1 2
3 1
1 1
3 1
1 1
2 2
1 1
2 9
1 1
2 1
1 1
2 14
1 1
2 3
1 1
3 1
1 2
2 8
1 1
2 2
1 1
2 1
1 1
3 1
2 3
3 1
1 2
2 7
1 1
3 1
2 2
1 1
2 6
1 1
2 3
1 1
2 38
1 2
2 2
1 1
2 9
1 1
2 4
1 1
2 30
1 1
2 38
1 1
2 2
1 1
2 12
1 1
2 1
1 2
2 169
3 1
2 3
1 2
2 1
1 1
2 2
1 1
2 6
1 1
3 1
2 1
3 1
1 2
2 2
1 1
2 4
1 1
2 1
3 1
1 1
2 3
1 1
3 1
1 2
3 1
1 1
2 5
1 1
2 4
1 1
2 1
1 1
2 2
1 3
3 1
1 2
2 1
3 1
0 1
2 6
1 1
2 1
1 1
2 2
1 2
3 1
1 1
2 6
1 2
2 3
1 1
2 4
1 1
2 1
1 1
2 4
1 1
2 3
1 1
3 1
1 1
2 3
1 1
3 1
0 1
3 1
2 15
1 1
2 2
1 1
2 1
1 1
3 1
1 1
2 1
1 1
2 1
1 1
2 4
1 1
2 53
1 1
2 46
0 1
2 39
1 2
2 171
1 1
2 16
1 1
2 2
1 1
2 1
1 1
2 1
1 1
2 2
1 2
2 2
1 2
3 1
1 1
2 1
1 1
2 1
1 1
3 1
0 1
2 3
1 1
2 1
1 1
2 1
0 1
2 5
1 1
2 2
1 1
2 19
0 1
3 1
1 2
2 1
0 1
2 1
1 1
2 3
0 1
3 1
1 1
2 1
1 2
2 2
1 1
2 3
1 1
2 7
1 1
2 4
1 1
2 11
1 3
2 1
1 2
3 1
1 1
2 1
1 1
2 12
1 1
2 4
1 1
2 1
1 1
2 1
1 3
2 3
1 1
2 1
1 1
2 54
1 2
2 46
3 1
1 1
2 34
1 1
2 2
1 1
2 172
1 1
2 15
1 2
2 6
1 1
2 1
1 1
2 3
1 2
3 1
2 1
1 2
2 2
1 1
3 1
1 1
3 1
2 1
1 2
2 3
1 1
2 2
1 1
2 1
1 1
2 9
1 2
2 13
1 2
2 2
1 1
3 1
1 1
2 1
1 1
2 3
0 1
1 1
2 2
1 1
2 8
1 1
2 6
1 1
2 2
1 1
2 6
1 1
2 4
1 1
2 2
3 1
2 1
1 2
2 3
1 1
2 12
1 1
2 117
1 1
2 229
1 2
2 2
1 1
2 1
1 2
2 5
1 1
3 1
2 1
1 1
2 1
1 1
2 1
1 1
2 2
1 1
2 7
0 1
2 27
1 3
2 5
1 1
2 1
1 2
3 1
2 1
1 1
2 2
1 1
2 2
0 1
2 6
1 1
2 4
1 1
2 1
1 1
2 2
1 2
2 12
1 1
2 1
1 2
2 20
1 1
2 28
1 1
2 34
1 1
2 108
1 1
2 175
1 1
2 2
1 1
2 2
1 1
2 1
1 1
2 2
1 1
2 2
1 1
2 2
1 3
2 3
1 1
2 3
1 1
2 1
1 2
2 13
1 1
2 8
1 1
2 3
1 1
2 3
1 1
2 2
1 1
3 1
1 1
2 1
1 1
2 8
1 1
2 1
1 1
2 1
1 1
2 2
3 1
2 1
1 1
2 2
1 2
2 1
1 1
2 3
1 1
2 10
1 1
2 42
1 1
2 5
1 1
2 44
1 1
2 235
1 1
2 47
1 2
3 1
2 1
1 2
2 1
1 1
2 4
1 1
3 1
2 1
1 1
2 1
1 1
2 2
1 1
2 2
1 1
2 15
1 2
2 17
1 1
2 1
1 1
3 1
1 2
2 2
3 1
2 2
1 1
2 1
1 1
2 2
1 1
2 4
0 1
1 1
3 1
1 1
2 6
1 2
2 7
1 1
2 2
1 1
2 1
1 1
2 20
1 1
2 26
1 1
2 47
1 1
2 39
1 1
2 208
1 1
2 24
1 1
2 2
1 1
2 1
1 1
2 2
1 1
2 1
1 1
2 2
1 1
2 1
1 1
2 2
1 1
2 1
1 2
3 1
2 24
1 1
2 10
1 1
2 8
1 1
2 1
1 1
2 1
0 1
2 2
1 1
2 2
1 1
3 1
2 1
1 1
3 1
1 1
2 1
1 1
2 3
1 1
2 3
1 1
2 2
1 1
2 7
1 1
2 5
1 1
2 49
1 1
2 278
1 1
2 42
1 1
2 1
1 1
2 3
1 1
2 2
1 2
2 2
1 1
2 1
1 1
2 1
1 1
2 2
1 1
2 4
1 2
2 3
1 1
2 13
1 1
2 13
1 1
2 1
1 1
2 4
1 1
2 1
1 1
3 1
1 2
2 3
1 1
2 2
1 2
3 1
1 1
2 1
1 1
2 7
1 1
2 5
1 1
2 9
1 2
2 31
1 1
2 15
1 1
2 298
1 1
2 24
1 1
2 3
1 1
2 7
1 2
2 1
1 1
2 1
1 1
2 2
1 1
3 1
2 2
1 1
2 4
1 1
2 3
1 1
2 24
1 1
2 3
1 1
2 1
1 1
2 1
1 1
2 2
1 1
2 2
1 1
3 1
1 1
2 2
1 1
3 1
0 1
3 1
2 3
1 1
2 2
1 1
2 11
1 1
2 6
1 1
2 7
1 1
2 85
1 1
2 262
1 1
2 22
1 1
2 1
1 1
2 9
1 1
2 4
1 1
2 1
1 1
2 5
1 1
2 13
1 1
2 17
1 1
2 4
1 1
2 7
1 1
2 2
3 1
1 1
2 2
1 1
2 9
1 1
2 4
1 1
2 55
1 1
2 330
1 1
2 3
1 1
2 2
1 1
2 1
1 1
3 1
1 1
2 3
1 1
2 11
1 1
2 2
1 1
2 8
1 1
2 22
1 1
2 5
1 1
2 3
1 1
2 4
3 1
1 1
2 8
1 1
2 14
1 1
2 356
1 1
2 18
1 1
2 1
1 1
2 1
1 1
2 2
1 1
2 1
1 1
2 4
1 1
2 6
1 2
2 3
1 1
2 1
1 1
2 12
1 2
2 20
1 1
2 4
1 1
2 4
1 1
3 1
2 4
1 1
2 2
1 1
2 1
1 1
2 5
1 2
2 2
1 1
2 11
1 1
2 371
1 1
2 5
1 1
2 1
1 1
2 6
1 1
2 52
1 1
2 7
1 2
2 3
1 1
2 24
1 1
2 35
1 1
2 393
1 2
2 10
1 1
2 6
1 1
2 6
1 1
2 10
1 1
2 10
1 1
2 11
1 1
2 32
1 1
2 87
1 1
2 245
1 1
2 15
1 1
2 47
1 1
3 1
1 1
2 7
1 1
2 5
1 1
2 8
1 1
2 5
1 1
2 3
1 1
2 45
1 1
2 87
1 1
2 250
1 1
2 12
1 1
2 20
1 1
2 1
1 1
2 12
1 1
2 10
1 1
2 1
3 1
1 1
2 5
1 1
2 4
1 1
2 19
1 1
2 43
1 2
2 51
1 1
2 279
1 1
2 41
1 1
2 1
1 1
2 25
1 2
2 11
1 1
2 10
1 1
2 3
1 1
2 38
1 1
2 99
1 1
2 246
1 1
2 72
1 2
2 6
1 1
2 8
3 1
1 1
2 14
1 1
2 15
1 1
2 5
1 1
2 350
1 1
2 1
1 1
2 25
1 1
2 11
1 1
2 20
1 1
2 3
1 1
2 3
1 1
2 4
3 1
1 1
2 5
1 1
2 8
1 2
2 21
1 1
2 20
1 1
2 2
1 1
2 2
1 1
2 50
1 1
2 39
1 1
2 46
1 1
2 198
1 1
2 2
1 2
2 1
1 1
2 4
1 1
2 65
1 1
2 5
1 1
2 3
1 1
2 2
1 1
2 1
0 1
3 1
2 34
1 1
2 6
1 1
2 3
1 1
2 2
1 1
2 52
1 1
2 37
1 1
2 46
1 1
2 200
1 1
2 3
1 1
2 35
1 1
2 4
1 1
2 24
1 1
2 6
1 1
2 4
1 1
2 2
1 1
2 1
1 2
2 1
1 1
2 40
1 1
2 5
1 2
2 350
1 1
2 30
1 2
2 4
1 1
2 22
1 1
2 8
1 2
2 1
1 1
2 4
1 1
2 2
1 1
2 37
1 1
2 1
1 1
2 2
1 1
2 2
1 1
2 3
1 1
2 348
1 1
2 67
1 1
2 3
1 1
2 50
1 1
2 3
1 1
2 2
1 1
2 371
1 1
2 9
1 1
2 5
1 1
2 28
1 1
2 11
1 1
2 2
1 1
2 3
1 1
2 25
1 1
2 8
1 1
2 4
1 1
2 142
1 1
2 241
1 1
2 30
1 1
2 6
1 1
2 10
1 1
2 11
1 1
2 2
1 1
2 7
1 1
2 4
1 1
2 427
1 1
2 13
1 1
2 271
1 1
2 167
1 1
2 24
1 1
2 8
1 1
2 18
1 1
2 10
1 1
2 4
1 1
2 1
1 1
2 1
1 1
2 433
1 1
2 15
1 1
2 26
1 1
2 1
1 1
2 1
1 1
2 436
1 1
2 1898
1 1
2 13
1 1
2 431
1 1
2 37
1 1
2 5
1 1
2 17
1 1
2 1
1 1
2 7
1 1
2 395
1 1
2 7
1 1
2 38
1 1
2 6
1 1
2 16
1 1
2 1
1 1
2 21
1 1
2 14
1 1
2 368
1 1
2 6
1 1
2 6
1 1
2 32
1 1
2 5
1 1
2 19
1 2
2 35
1 1
2 1
1 1
2 366
1 1
2 5
1 1
2 10
1 1
2 2
1 1
2 10
1 1
2 7
1 1
2 447
1 1
2 2
1 1
2 2
1 1
2 4
1 1
2 2
1 1
2 3
1 1
2 6
1 1
2 8
1 1
2 444
1 1
2 12
1 1
2 6
1 1
2 23
1 1
2 439
1 1
2 11
1 1
2 88
1 1
2 549
1 1
2 54
1 1
2 151
1 1
2 477
1 1
2 275
1 1
2 200
1 1
2 277
1 1
2 433
1 1
2 89
1 1
2 96
1 1
2 16
1 1
2 75
1 1
2 290
1 1
2 126
1 1
2 188
1 1
2 22
1 1
2 4
1 1
2 47
1 1
2 45
1 1
2 354
1 1
2 31
1 1
2 55
1 1
2 2
1 1
2 23
1 1
2 113
1 1
2 64
1 1
2 50
1 1
2 117
1 1
2 6
1 1
2 141
1 1
2 16
1 1
2 6
1 1
2 17
1 1
2 30
1 1
2 1
1 1
2 2
1 1
2 3
1 1
2 57
1 1
2 16
1 1
2 1
1 1
2 36
1 1
2 2
1 1
2 1
1 1
2 2
1 1
2 1
1 1
2 1
1 1
2 5
1 1
2 2
1 1
2 2
1 1
2 10
1 1
2 4
1 1
2 3
1 1
2 3
1 1
2 1
1 1
2 9
1 1
2 17
1 1
2 2
1 1
2 3
1 1
2 2
1 1
2 43
1 1
2 44
1 1
2 116
1 1
2 7
1 1
2 4
1 1
2 17
1 1
2 5
1 1
2 36
1 1
2 5
1 1
2 43
1 1
2 57
1 1
2 4
1 1
2 1
1 2
2 8
1 1
2 9
1 1
2 2
1 1
2 11
1 1
2 2
1 1
2 1
1 1
2 1
1 1
2 6
1 1
2 3
1 1
2 2
1 1
2 6
1 1
2 1
1 1
2 3
1 1
2 2
1 1
2 7
1 1
2 6
1 1
2 43
1 1
2 143
1 1
2 16
1 2
2 1
1 1
2 16
1 1
2 89
1 1
2 32
1 1
2 1
1 1
2 39
1 1
2 2
1 1
2 1
1 1
2 6
1 1
2 6
1 1
2 2
1 1
2 2
1 1
2 1
1 1
2 1
1 1
2 14
1 1
2 3
1 1
2 6
1 1
2 8
1 1
2 3
1 1
2 1
1 1
2 1
3 1
1 1
2 2
1 2
2 10
1 2
2 97
1 1
2 48
1 1
2 3
1 1
2 26
1 1
2 29
1 1
2 10
1 1
2 4
1 1
2 10
1 1
2 25
1 1
2 12
1 1
2 32
1 1
2 23
1 1
2 26
1 1
2 28
1 1
2 3
1 1
2 1
1 1
2 1
1 1
2 1
1 1
2 6
1 1
2 24
1 1
2 3
1 1
2 7
1 1
2 1
1 1
2 15
1 1
2 3
1 1
2 1
1 1
2 3
1 1
2 2
1 1
2 1
1 1
2 1
1 1
2 1
1 2
2 1
1 3
2 2
1 1
2 11
1 1
2 18
1 1
2 36
1 1
2 2
1 1
2 96
1 1
2 7
1 1
2 4
1 1
2 15
1 1
2 12
1 1
2 11
1 2
2 1
1 1
2 2
1 1
2 40
1 1
2 13
1 1
2 5
1 1
2 34
1 1
2 12
1 1
2 2
1 1
2 1
1 1
2 1
1 1
2 37
1 1
2 1
1 1
2 3
1 1
2 7
1 1
2 3
1 1
2 11
1 1
2 1
1 1
2 15
1 1
2 2
1 1
2 2
1 1
2 2
1 1
2 9
1 3
2 16
1 1
2 5
1 1
2 42
1 1
2 4
1 1
2 24
1 1
2 101
1 1
2 9
1 1
2 4
1 1
2 7
1 1
2 3
1 1
2 6
1 1
2 8
1 1
2 11
1 1
2 2
1 1
2 54
1 1
2 3
1 1
2 91
1 1
2 2
1 1
2 9
1 3
2 1
1 1
2 2
1 1
2 4
1 1
2 14
1 1
2 7
1 1
2 1
1 1
2 5
1 1
2 31
1 1
2 52
1 1
2 3
1 1
2 150
1 1
2 21
1 1
2 6
1 1
2 2
1 1
2 5
1 1
2 39
1 1
2 4
1 1
2 59
1 1
2 39
1 1
2 2
1 1
2 10
1 1
2 2
1 1
2 3
1 1
2 1
1 1
2 3
1 1
2 2
1 1
2 5
1 1
2 3
1 1
2 1
3 1
1 1
2 8
1 1
2 25
1 1
2 15
1 1
2 1
1 1
2 79
1 1
2 2
1 1
2 106
1 1
2 8
1 2
2 8
1 1
2 10
1 1
2 8
1 1
2 2
1 1
2 9
1 1
2 87
1 1
2 16
1 1
2 35
1 1
2 2
1 1
2 1
1 1
2 3
1 1
2 2
1 2
2 2
1 1
2 11
1 1
2 1
1 1
2 1
1 1
2 2
1 1
2 2
1 1
2 4
1 1
2 4
1 1
2 1
1 1
2 1
1 1
2 3
1 1
2 19
1 1
2 3
1 1
2 8
1 1
2 6
1 1
3 1
1 1
2 5
1 1
2 86
1 1
2 76
1 1
2 2
1 1
2 9
1 2
2 12
1 1
2 4
1 1
2 1
1 2
2 7
1 1
2 13
1 1
2 12
1 1
2 11
1 1
2 1
1 1
2 27
1 1
2 15
1 1
2 16
1 1
2 22
1 1
2 1
1 1
2 1
1 1
2 3
1 1
2 12
1 1
2 23
1 1
2 2
1 2
2 8
1 2
3 1
1 1
2 3
1 1
2 5
1 1
2 1
1 1
2 3
1 1
2 1
1 1
2 11
1 1
2 3
1 1
2 8
1 1
2 3
1 1
2 8
1 1
3 1
1 1
2 11
1 1
2 2
1 1
2 1
1 1
3 1
1 1
2 2
1 1
2 5
1 1
2 23
1 1
2 64
1 1
2 127
1 1
2 8
1 1
2 1
1 1
2 2
1 1
2 3
1 1
2 12
1 1
2 9
1 1
2 30
1 1
2 21
1 1
2 1
1 1
2 8
1 1
2 7
1 1
2 5
1 1
2 5
1 1
2 3
1 1
2 13
1 2
2 8
1 1
2 8
1 1
2 5
1 2
2 1
1 2
2 3
1 1
2 1
1 1
2 15
1 1
2 2
1 1
2 1
1 1
2 6
1 1
2 3
1 1
2 2
1 1
2 5
1 1
2 3
1 1
2 10
1 1
2 1
1 1
2 2
1 1
2 5
1 1
2 2
1 1
2 2
1 1
2 1
1 1
2 2
1 1
2 2
1 2
2 3
1 1
2 48
1 1
2 1
1 1
2 128
1 1
2 4
1 1
2 26
1 1
2 2
1 1
2 1
1 1
2 1
1 1
2 3
1 1
2 2
1 1
2 9
1 1
2 44
1 1
2 2
1 1
2 2
1 1
2 1
1 1
2 1
1 1
2 30
1 1
2 19
1 1
2 7
1 1
2 6
1 1
2 3
1 1
2 5
1 1
2 4
1 1
2 5
1 1
2 1
1 2
2 7
1 2
2 4
1 1
2 10
1 2
2 13
1 1
2 7
1 1
2 6
1 1
2 17
1 1
2 7
1 2
2 1
1 1
2 3
1 1
2 1
1 1
2 2
1 1
2 55
1 1
2 24
1 1
2 3
1 1
2 80
1 1
2 9
1 1
2 6
1 1
2 29
1 1
2 13
1 1
2 2
1 1
2 6
1 1
2 17
1 1
2 36
1 1
2 5
1 1
2 15
1 1
2 6
1 1
2 19
1 1
2 15
1 1
2 1
1 1
2 8
1 1
2 5
1 1
2 2
1 1
2 6
1 1
2 3
1 5
2 1
1 1
2 5
1 1
2 2
1 1
2 11
1 1
2 4
1 1
2 12
1 1
2 26
1 1
2 1
1 1
2 4
1 1
2 3
1 1
2 9
1 1
2 173
1 1
2 16
1 1
2 44
1 1
2 65
1 1
2 2
1 1
2 4
1 2
2 4
1 1
2 19
1 1
2 1
1 2
2 13
1 1
2 1
1 1
2 11
1 1
2 4
1 1
2 7
1 1
2 3
1 1
2 1
1 1
2 15
1 1
2 2
1 1
2 3
1 1
2 15
1 1
2 4
1 1
2 2
1 1
2 30
1 1
2 3
1 1
2 4
1 1
2 2
1 1
2 1
1 1
2 193
1 1
2 42
1 1
2 2
1 1
2 56
1 1
2 13
1 1
2 9
1 1
2 31
1 1
2 5
1 1
2 3
1 1
2 5
1 1
2 5
1 1
2 1
1 1
2 9
1 1
2 20
1 1
2 15
1 2
2 4
1 1
2 11
1 1
2 13
1 1
2 19
1 1
2 4
1 1
2 1
1 1
2 4
1 1
2 92
1 1
2 90
1 1
2 23
1 1
2 99
1 1
2 1
1 1
2 4
1 1
2 20
1 1
2 5
1 1
2 1
1 1
2 4
1 1
2 6
1 1
2 3
1 1
2 2
1 2
2 3
1 1
2 2
1 1
2 6
1 1
2 14
1 1
2 32
1 1
2 34
1 1
2 4
1 2
2 1
1 1
2 2
1 1
2 1
1 1
2 8
1 1
2 50
1 1
2 36
1 1
2 80
1 1
2 12
1 1
2 58
1 1
2 1
1 1
2 43
1 1
2 22
1 1
2 2
1 1
2 28
1 1
2 2
1 1
2 1
1 1
2 4
1 1
2 3
1 1
2 8
1 1
2 11
1 1
2 16
1 2
2 16
1 1
2 4
1 1
2 21
1 1
2 10
1 1
2 3
1 1
2 2
1 1
2 1
1 1
2 2
1 1
2 9
1 1
2 99
1 1
2 14
1 1
2 26
1 1
2 49
1 1
2 2
1 1
2 5
1 1
2 16
1 1
2 4
1 1
2 2
1 1
2 9
1 1
2 72
1 1
2 2
1 1
2 9
1 1
2 31
1 1
2 10
1 1
2 13
1 1
2 1
1 1
2 7
1 1
2 1
1 1
2 80
1 1
2 6
1 1
2 98
1 1
2 1
1 1
2 37
1 1
2 4
1 1
2 60
1 1
2 42
1 1
2 75
1 1
2 1
1 1
2 31
1 1
2 5
1 2
2 66
1 1
2 1
1 1
2 39
1 1
2 105
1 1
2 14
1 1
2 24
1 1
2 56
1 1
2 57
1 2
2 31
1 1
2 24
1 1
2 48
1 1
2 4
1 1
2 1
1 1
2 9
1 1
2 3
1 2
2 28
1 1
2 116
1 1
2 46
1 1
2 2
1 1
2 1
1 1
2 11
1 1
2 1
1 1
2 21
1 1
2 37
1 1
2 7
1 1
2 6
1 1
2 30
1 1
2 24
1 1
2 13
1 1
2 64
1 1
2 1
1 1
2 60
1 1
2 83
1 1
2 112
1 1
2 41
1 1
2 28
1 1
2 12
1 1
2 57
1 1
2 109
1 1
2 11
1 1
2 7
1 1
2 1
1 1
2 66
1 1
2 139
1 1
2 32
1 1
2 173
1 1
2 7
1 1
2 37
1 1
2 16
1 1
2 4
1 1
2 74
1 1
2 57
1 1
2 1
1 1
2 60
1 1
2 15
1 1
2 2
1 1
2 101
1 1
2 11
1 1
2 43
1 1
2 38
1 1
2 35
1 1
2 29
1 1
2 11
1 1
2 4
1 1
2 39
1 1
2 52
1 1
2 1
1 1
2 23
1 1
2 65
1 1
2 74
1 1
2 20
1 1
2 9
1 1
2 14
1 1
2 93
1 1
2 33
1 1
2 37
1 1
2 6
1 1
2 1
1 1
2 8
1 2
2 1
1 1
2 5
1 1
2 19
1 1
2 4
1 1
2 74
1 1
2 38
1 1
2 30
1 1
2 1
1 1
2 8
1 1
2 7
1 1
2 12
1 1
2 14
1 1
2 40
1 1
2 10
1 1
2 40
1 1
2 2
1 1
2 60
1 1
2 41
1 1
2 3
1 1
2 1
1 1
2 1
1 1
2 5
1 2
2 18
1 1
2 4
1 1
2 2
1 1
2 21
1 1
2 2
1 1
2 2
1 1
2 2
1 1
2 2
1 1
2 125
1 1
2 39
1 1
2 22
1 1
2 2
1 1
2 11
1 1
2 71
1 1
2 86
1 1
2 27
1 1
2 1
1 1
2 11
3 1
1 1
2 13
1 1
2 2
1 1
2 23
1 1
2 14
1 1
2 3
1 1
2 3
1 1
2 8
1 1
2 178
1 1
2 12
1 1
2 86
1 1
2 110
1 1
2 2
1 1
2 15
1 1
2 7
1 1
2 7
1 2
2 16
1 1
2 33
1 1
2 169
1 1
2 17
1 1
2 17
1 1
2 46
1 1
2 6
1 1
2 5
1 1
2 13
1 1
2 80
1 1
2 32
1 1
2 4
1 1
2 9
1 1
2 1
1 1
2 4
1 1
2 4
1 1
2 4
1 1
2 10
1 1
2 2
1 1
2 6
1 1
2 17
1 1
2 15
1 1
2 7
1 1
2 22
1 1
2 49
1 1
2 102
1 1
2 11
1 1
2 192
1 1
2 2
1 1
2 7
1 1
2 8
1 1
2 8
1 1
2 1
1 1
2 28
1 1
2 7
1 1
2 25
1 1
2 1
1 1
2 3
1 1
2 2
1 1
2 78
1 1
2 10
1 1
2 83
1 1
2 83
1 1
2 12
1 1
2 8
1 1
2 63
1 1
2 34
1 1
2 23
1 1
2 3
1 1
2 21
1 1
2 4
1 1
2 3
1 1
2 3
1 1
2 27
1 1
2 68
1 1
2 10
1 1
2 18
1 1
2 85
1 1
2 7
1 1
2 4
1 1
2 187
1 1
2 10
1 1
2 6
1 1
2 10
1 1
2 31
1 1
2 7
1 1
2 94
1 1
2 18
1 1
2 120
1 1
2 34
1 1
2 38
1 1
2 15
1 1
2 48
1 1
2 36
1 1
2 9
1 1
2 2
1 1
2 4
1 1
2 7
1 1
2 16
1 1
2 1
1 1
2 4
1 1
2 65
1 1
2 28
1 1
2 22
1 1
2 1
1 1
2 14
1 1
2 2
1 1
2 104
1 1
2 8
1 1
2 56
1 1
2 117
1 1
2 1
1 1
2 1
1 2
2 14
1 1
2 6
1 1
2 12
1 1
2 2
1 1
2 5
1 1
2 13
1 1
2 4
1 1
2 7
1 1
2 6
1 1
2 31
1 1
2 68
1 1
2 117
1 1
2 2
1 1
2 1
1 1
2 168
1 1
2 4
1 1
2 28
1 1
2 5
1 1
2 7
1 1
2 69
1 1
2 74
1 1
2 107
1 1
2 6
1 1
2 1
1 1
2 1
1 1
2 3
1 1
2 121
1 1
2 31
1 1
2 6
1 1
2 3
1 1
2 1
1 2
2 4
1 1
2 3
1 1
2 2
1 1
2 11
1 1
2 2
1 1
2 3
1 1
2 16
1 1
2 11
1 1
2 19
1 1
2 26
1 1
2 5
1 1
2 42
1 1
2 229
1 1
2 6
1 1
2 36
1 1
2 30
1 1
2 1
3 1
2 8
1 1
2 6
1 1
2 23
1 1
2 8
1 1
2 4
1 1
2 1
1 1
2 4
1 1
2 26
1 1
2 60
1 1
2 2
1 1
2 167
1 1
2 4
1 1
2 119
1 1
2 34
1 1
2 4
1 1
2 1
1 2
2 6
1 1
2 10
1 1
2 65
1 1
2 28
1 1
2 15
1 1
2 177
1 1
2 10
1 1
2 4
1 1
2 61
1 1
2 14
1 1
2 70
1 1
2 1
1 1
2 2
1 1
3 1
1 1
2 2
1 1
2 26
1 1
2 17
1 2
2 46
1 1
2 165
1 1
2 44
1 1
2 11
1 1
2 10
1 1
2 38
1 1
2 61
1 1
2 37
1 1
2 4
1 1
2 25
1 1
2 6
1 1
2 11
1 1
2 75
1 1
2 6
1 1
2 132
1 1
2 1
1 1
2 2
1 1
2 49
1 1
2 1
1 1
2 1
1 1
2 5
1 1
2 2
1 1
2 101
1 2
2 44
1 1
2 7
1 1
2 1
1 1
2 12
1 1
2 4
1 1
2 27
1 1
2 29
1 1
2 5
1 1
2 37
1 1
2 2
1 1
2 6
1 1
2 121
1 1
2 2
1 1
2 64
1 1
2 98
1 1
2 43
1 1
2 1
1 1
2 1
1 1
2 3
1 1
2 3
1 1
2 2
1 1
2 26
1 1
2 3
1 1
2 9
1 1
2 57
1 1
2 8
1 1
2 19
1 1
2 348
1 1
2 39
1 1
2 19
1 1
2 356
1 1
2 121
1 1
2 47
1 1
2 2
1 1
2 278
1 1
2 74
1 1
2 6
1 1
2 47
1 1
2 1
1 1
2 1
1 1
2 19
1 1
2 33
1 1
2 4
1 1
2 31
1 1
2 100
1 1
2 41
1 1
2 128
1 1
2 11
1 1
2 29
1 1
2 12
1 2
2 2
1 1
2 24
1 1
2 8
1 1
2 9
1 1
2 20
1 1
2 3
1 1
2 7
1 1
2 40
1 1
2 174
1 1
2 126
1 1
2 3
1 1
2 53
1 1
2 3
1 2
2 12
1 1
2 31
1 1
2 15
1 1
2 225
1 1
2 181
1 1
2 2
1 2
2 28
1 1
2 244
1 1
2 20
1 1
2 4
1 1
2 120
1 1
2 14
1 1
2 30
1 2
2 7
1 1
2 1
1 1
2 6
1 1
2 7
1 1
2 4
1 1
2 99
1 1
2 37
1 1
2 272
1 1
2 34
1 1
2 4
1 1
2 7
1 1
2 1
1 1
2 116
1 1
2 219
1 2
2 74
1 1
2 49
1 2
2 6
1 1
3 1
2 2
1 2
2 2
1 1
2 2
1 1
2 28
1 1
2 5
1 1
2 65
1 1
2 14
1 1
2 211
1 1
2 133
1 1
2 2
1 1
2 7
1 1
2 1
1 1
2 1
1 1
2 15
1 1
2 1
1 1
2 9
1 1
2 1
1 1
2 13
1 1
2 1
1 1
2 293
1 1
2 67
1 1
2 8
1 1
2 48
1 1
2 4
1 1
2 1
1 1
2 2
1 1
2 4
1 1
2 13
1 1
2 11
1 1
2 13
1 1
2 3
1 1
2 77
1 1
2 137
1 1
2 69
1 1
2 77
1 1
2 33
1 1
2 11
1 1
2 4
1 1
2 1
1 1
2 1
1 1
2 5
1 1
2 22
1 1
2 22
1 1
2 3
1 1
2 8
1 1
2 1
1 1
2 29
1 1
2 105
1 1
2 74
1 1
2 143
1 1
2 3
1 1
2 4
1 1
2 42
1 1
2 2
1 1
2 2
1 1
2 6
1 1
2 4
1 1
2 7
1 1
2 2
1 1
2 33
1 1
2 6
1 1
2 5
1 1
2 14
1 1
2 12
1 1
2 1
1 1
2 29
1 1
2 61
1 1
2 7
1 1
2 78
1 1
2 47
1 1
2 143
1 1
2 7
1 1
2 3
1 1
2 1
1 1
2 14
1 1
2 6
1 1
2 27
1 1
2 4
1 1
2 8
1 1
2 16
1 1
2 29
1 1
2 228
1 1
2 5
1 1
2 69
1 1
2 1
1 2
2 31
1 1
2 13
1 1
2 6
1 1
2 6
1 1
2 25
1 1
2 4
1 1
2 9
1 1
2 46
1 1
2 27
1 1
2 207
1 1
2 8
1 1
2 14
1 1
2 7
1 1
2 7
1 1
2 44
1 1
2 4
1 1
2 1
1 1
2 13
1 1
2 33
1 1
2 12
1 1
2 37
1 1
2 48
1 1
2 1
1 1
2 5
1 1
2 24
1 1
2 13
1 1
2 3
1 1
2 14
1 1
2 125
1 1
2 5
1 1
2 43
1 1
2 5
1 1
2 1
1 1
2 6
1 1
2 10
1 1
2 34
1 1
2 18
1 2
2 7
1 1
2 2
1 1
2 10
1 1
2 8
1 1
2 6
1 1
2 1
1 1
2 5
1 2
2 11
1 1
2 52
1 1
2 1
1 1
2 8
1 1
2 34
1 1
2 1
1 1
2 5
1 1
2 17
1 1
2 1
1 1
2 16
1 1
2 16
1 1
2 35
1 1
2 143
1 1
2 5
1 1
2 9
1 1
2 4
1 1
2 4
1 1
2 22
1 1
2 6
1 1
2 1
1 1
2 8
1 1
2 15
1 1
2 1
1 1
2 6
1 1
2 20
1 1
2 10
1 1
2 3
1 1
2 6
1 2
2 1
1 1
2 13
1 1
2 36
1 1
2 9
1 1
2 24
1 1
2 38
1 1
2 3
1 1
2 18
1 1
2 58
1 1
2 82
1 1
2 7
1 1
2 20
1 1
2 7
1 1
2 15
1 1
2 3
1 1
2 2
1 1
2 15
1 1
2 11
1 1
2 16
1 1
2 5
1 1
2 6
1 1
2 10
1 1
2 40
1 1
2 4
1 1
2 3
1 1
2 4
1 1
2 14
1 1
2 7
1 1
2 81
1 1
2 23
1 1
2 1
1 1
2 2
1 1
2 31
1 1
2 6
1 1
2 2
1 1
2 23
1 1
2 15
1 1
2 3
1 1
2 95
1 1
2 24
1 1
2 5
1 1
2 2
1 1
2 6
1 1
2 8
1 1
2 6
1 1
2 4
1 1
2 1
1 1
2 16
1 1
2 1
1 1
2 5
1 1
2 16
1 2
2 7
1 1
2 1
1 1
2 4
1 1
2 10
1 1
2 20
1 1
2 5
1 1
2 25
1 1
2 36
1 1
2 29
1 1
2 2
1 1
2 52
1 1
2 1
1 1
2 1
1 1
2 213
1 1
2 5
1 1
2 9
1 1
2 9
1 1
2 6
1 1
2 10
1 1
2 6
1 1
2 6
1 1
2 4
1 1
2 9
1 1
2 8
1 1
2 1
1 1
2 2
1 1
2 17
1 1
2 3
1 1
2 6
1 2
2 82
1 1
2 1
1 1
2 119
1 1
2 1
1 1
2 1
1 1
2 126
1 1
2 6
1 1
2 3
1 1
2 1
1 1
2 6
1 1
2 4
1 1
2 5
1 1
2 18
1 1
2 46
1 2
2 13
1 1
2 14
1 2
2 2
1 1
2 2
1 1
2 44
1 1
2 40
1 1
2 43
1 1
2 30
1 1
2 54
1 1
2 1
1 1
2 135
1 1
2 20
1 1
2 2
1 1
2 2
1 1
2 29
1 1
2 4
1 1
2 16
1 1
2 3
1 1
2 7
1 1
2 1
1 1
2 1
1 1
2 2
1 1
2 16
1 1
2 6
1 1
2 10
1 1
2 26
1 1
2 8
1 1
2 6
1 1
2 7
1 1
2 2
1 1
2 47
1 1
2 15
1 1
2 36
1 1
2 176
1 1
2 13
1 1
2 55
1 1
2 23
1 1
2 9
1 1
2 3
1 1
2 2
1 1
2 1
1 1
2 6
1 1
2 6
1 1
2 6
1 1
2 14
1 1
2 1
1 1
2 15
1 1
2 18
1 1
2 10
1 1
2 14
1 1
2 38
1 1
2 8
1 1
2 1
1 1
2 216
1 1
2 7
1 1
2 7
1 1
2 1
1 1
2 16
1 1
2 7
1 1
2 3
1 1
2 9
1 1
2 7
1 1
2 6
1 1
2 2
1 1
2 18
1 1
2 3
1 1
2 1
1 1
2 5
1 1
2 1
1 1
2 15
1 2
2 41
1 1
2 31
1 1
2 9
1 1
2 4
1 1
2 70
1 1
2 36
1 1
2 132
1 1
2 2
1 1
2 20
1 1
2 26
1 1
2 2
1 1
2 1
1 1
2 5
1 1
2 6
1 1
2 3
1 1
2 7
1 1
2 50
1 1
2 7
1 1
2 1
1 1
2 1
1 1
2 28
1 1
2 40
1 1
2 14
1 1
2 21
1 1
2 33
1 1
2 1
1 1
2 110
1 1
2 82
1 1
2 2
1 1
2 21
1 1
2 26
1 1
2 4
1 1
2 2
1 1
2 3
1 1
2 4
1 1
2 4
1 1
2 46
1 1
2 3
1 1
2 14
1 1
2 17
1 1
2 5
1 1
2 15
1 1
2 46
1 1
2 21
1 1
2 98
1 1
2 47
1 1
2 74
1 1
2 9
1 1
2 1
1 1
2 3
1 1
2 2
1 1
2 3
1 1
2 8
1 1
2 13
1 1
2 1
1 1
2 11
1 1
2 4
1 1
2 1
1 1
2 44
1 1
2 6
1 1
2 2
1 1
2 8
1 1
2 6
1 3
2 1
1 1
2 2
1 1
2 7
1 1
2 30
1 1
2 5
1 1
2 30
1 1
2 36
1 1
2 12
1 1
2 130
1 1
2 1
1 1
2 69
1 1
2 16
1 1
2 1
1 1
2 3
1 2
2 1
1 1
2 9
1 1
2 19
1 1
2 2
1 1
2 1
1 1
2 3
1 1
2 6
1 1
2 7
1 1
2 8
1 1
2 51
1 1
2 5
1 1
2 1
1 1
2 52
1 1
2 45
1 1
2 115
1 1
2 43
1 1
2 83
1 1
2 12
1 1
2 11
1 1
2 2
1 1
2 9
1 1
2 7
1 1
2 61
1 1
2 2
1 1
2 7
1 2
2 11
0 1
2 56
1 1
2 34
1 1
2 39
1 1
2 2
1 1
2 79
1 1
2 51
1 1
2 74
1 1
2 9
1 1
2 10
1 1
2 10
1 1
2 4
1 1
2 3
1 1
2 10
1 1
2 5
1 1
2 17
1 1
2 33
1 1
2 4
1 1
2 4
1 1
2 16
1 1
2 3
1 1
2 2
1 1
2 15
1 1
2 6
1 1
2 21
1 1
2 25
1 1
2 23
1 1
2 4
1 1
2 29
1 1
2 86
1 1
2 38
1 1
2 2
1 1
2 85
1 1
2 19
1 1
2 1
1 1
2 5
1 1
2 2
1 1
2 5
1 1
2 1
1 1
2 2
1 1
2 4
1 1
2 2
1 1
2 2
1 2
2 7
1 1
2 33
1 1
2 7
1 1
2 12
1 1
2 44
1 1
2 18
1 1
2 3
1 1
2 15
1 1
2 10
1 1
2 46
1 1
2 17
1 1
2 24
1 1
2 31
1 1
2 33
1 1
2 3
1 1
2 99
1 1
2 3
1 1
2 41
1 1
2 1
1 1
2 4
1 1
2 3
1 1
2 2
1 1
2 42
1 1
2 12
1 3
2 1
1 1
2 3
1 1
2 25
1 1
2 37
1 1
2 23
1 1
2 42
1 1
2 18
1 1
2 2
1 1
2 19
1 1
2 1
1 1
2 37
1 1
2 3
1 1
2 33
1 1
2 2
1 1
2 106
1 1
2 28
1 2
2 10
1 1
2 4
1 1
2 63
1 1
2 5
1 1
2 63
1 1
2 1
1 1
2 8
1 1
2 5
1 1
2 16
1 1
2 34
1 1
2 21
1 1
2 24
1 1
2 47
1 1
2 7
1 1
2 121
1 1
2 6
1 1
2 2
1 1
2 16
1 1
2 2
1 1
2 2
1 1
2 7
1 1
2 11
1 1
2 3
1 1
2 6
1 1
2 8
1 1
2 113
1 1
2 2
1 1
2 27
1 2
2 36
1 1
2 16
1 1
2 20
1 1
2 64
1 1
2 15
1 1
2 90
1 1
2 6
1 1
2 23
1 1
2 11
1 1
2 4
1 1
2 3
1 1
2 5
1 1
2 3
1 1
2 59
1 1
2 6
1 1
2 35
1 1
2 21
1 1
2 17
1 2
2 9
1 1
2 60
1 1
2 7
1 1
2 2
1 1
2 2
1 1
2 2
1 1
2 204
1 1
2 8
1 1
2 17
1 1
2 6
1 2
2 4
1 1
2 28
1 1
2 2
1 1
2 35
1 1
2 58
1 1
2 93
1 1
2 25
1 1
2 28
1 1
2 15
1 1
2 6
1 1
2 139
1 1
2 8
1 1
2 29
1 2
2 1
1 1
2 2
1 1
2 47
1 1
2 13
1 1
2 2
1 1
2 77
1 1
2 26
1 1
2 39
1 1
2 31
1 1
2 35
1 1
2 6
1 1
2 66
1 1
2 17
1 1
2 63
1 1
2 8
1 1
2 16
1 1
2 11
1 1
2 3
1 2
2 29
1 1
2 4
1 1
2 8
1 1
2 17
1 1
2 1
1 1
2 2
1 1
2 2
1 1
2 34
1 1
2 98
1 1
2 86
1 1
2 22
1 1
2 10
1 1
2 1
1 1
2 36
1 1
2 2
1 1
2 64
1 1
2 12
1 1
2 15
1 1
2 11
1 2
2 1
1 1
2 37
1 1
2 23
1 1
2 1
1 1
2 2
1 1
2 4
1 1
2 65
1 1
2 6
1 1
2 11
1 1
2 1
1 1
2 21
1 1
2 7
1 1
2 97
1 1
2 29
1 1
2 15
1 1
2 19
1 1
2 19
1 1
2 90
3 1
1 1
2 1
1 1
2 8
1 1
2 5
1 1
2 60
1 1
2 1
1 1
2 4
1 1
2 3
1 1
2 81
1 1
2 1
1 1
2 107
1 1
2 179
1 1
2 10
1 1
2 10
1 1
2 3
1 1
3 1
1 1
2 4
1 1
2 1
1 1
2 59
1 2
2 1
1 1
2 6
1 1
2 67
1 1
2 5
1 1
2 8
1 1
2 75
1 1
2 65
1 1
2 147
1 1
2 3
1 1
2 7
1 1
2 12
1 1
2 3
1 1
2 6
1 1
2 53
1 1
2 7
1 1
2 1
1 1
2 72
1 1
2 10
1 1
2 10
1 1
2 3
1 1
2 31
1 1
2 129
1 1
2 20
1 1
2 32
1 1
2 63
1 1
2 3
1 1
2 3
1 1
2 1
1 1
2 3
1 1
2 12
1 1
2 9
1 1
2 13
1 1
2 6
1 1
2 5
1 1
2 2
1 1
2 12
1 1
2 12
1 1
2 1
1 1
2 1
3 1
2 5
1 1
2 5
1 1
2 19
1 1
2 59
1 1
2 11
1 1
2 206
1 1
2 43
1 1
2 34
1 1
2 1
1 1
2 8
1 1
2 5
1 1
2 3
1 1
2 2
1 1
2 3
1 1
2 30
1 1
2 18
1 1
2 8
1 1
2 3
1 1
2 15
1 1
2 61
1 1
2 184
1 1
2 37
1 1
2 5
1 1
2 74
1 1
2 16
1 1
2 1
1 1
2 6
1 1
2 5
1 1
2 3
1 1
2 22
1 1
2 2
1 1
2 23
1 1
2 11
1 1
2 16
1 1
2 10
1 1
2 24
1 1
2 336
1 1
2 7
1 1
2 1
1 1
2 4
1 1
2 1
1 1
3 1
2 33
1 1
2 2
1 1
2 6
1 1
2 17
1 1
2 3
1 1
2 3
1 2
2 19
1 1
2 7
1 1
2 97
1 1
2 17
1 1
2 93
1 1
2 57
1 1
2 84
1 1
2 12
1 1
2 1
1 1
2 2
1 1
2 5
1 1
2 8
1 2
2 1
1 1
2 9
1 1
2 16
1 1
2 5
1 1
2 4
1 1
2 4
1 1
2 4
1 1
2 7
1 1
2 4
1 1
2 5
1 1
2 8
1 1
2 1
1 1
2 8
1 1
2 68
1 1
2 37
1 1
2 52
1 1
2 15
1 1
2 1
1 1
2 26
1 1
2 17
1 1
2 132
1 1
2 5
1 1
2 1
1 1
2 3
1 2
2 1
1 1
2 3
1 1
2 8
1 2
2 6
1 1
2 5
1 1
2 10
1 1
2 5
1 1
2 4
1 1
2 1
1 1
2 4
1 1
2 3
1 1
2 3
1 1
2 4
1 1
2 7
1 1
2 1
1 1
2 11
1 1
2 10
1 1
2 1
1 1
2 7
1 1
2 32
1 1
2 14
1 1
2 58
1 1
2 70
1 1
2 11
1 1
2 2
1 1
2 3
1 1
2 3
1 1
2 17
1 1
2 138
1 1
2 1
1 1
2 2
1 1
2 7
1 1
2 7
1 2
2 6
1 1
2 9
1 1
2 7
1 1
2 3
1 1
2 5
1 1
2 3
1 1
2 5
1 1
2 3
1 1
2 1
1 1
2 6
1 1
2 1
1 1
2 7
1 2
2 17
1 1
2 3
1 1
2 2
1 1
2 3
1 1
2 6
1 1
2 8
1 1
2 22
1 1
2 136
1 1
2 39
1 1
2 1
1 1
2 138
1 1
2 3
1 1
2 2
1 1
2 21
1 1
2 1
1 1
2 2
1 2
2 2
1 1
2 14
1 1
2 3
1 1
2 4
1 1
2 8
1 1
2 5
1 1
2 4
1 1
2 5
1 1
2 1
1 1
2 14
1 1
2 4
1 1
2 3
1 1
2 5
1 1
2 1
1 1
2 3
1 1
2 105
1 1
2 39
1 1
2 28
1 1
2 4
1 1
2 11
1 1
2 2
1 1
2 1
1 1
2 1
1 1
2 157
1 1
2 1
1 1
2 15
1 1
2 8
1 1
2 19
1 1
2 5
1 1
2 1
1 1
2 6
1 1
2 6
1 1
2 2
1 1
2 4
1 1
2 5
1 2
2 1
1 1
2 9
1 1
2 4
1 2
2 4
1 1
2 3
1 1
2 4
1 1
2 14
1 1
2 3
1 1
2 14
1 1
2 8
1 1
2 19
1 1
2 41
1 1
2 6
1 1
2 4
1 1
2 31
1 1
2 2
1 1
2 7
1 1
2 5
1 1
2 6
1 1
2 10
1 1
2 13
1 1
2 12
1 1
2 1
1 1
2 27
1 1
2 6
1 1
2 121
1 1
2 8
1 1
2 8
1 1
2 1
1 1
3 1
2 1
1 1
2 3
1 1
2 7
1 1
2 29
1 1
2 2
1 1
2 28
1 1
2 10
1 2
2 2
1 1
2 1
1 1
2 39
1 1
2 116
1 1
2 5
1 1
2 12
1 1
2 2
1 1
2 8
1 1
2 19
1 1
2 155
1 1
2 11
1 1
2 10
3 1
1 2
2 10
1 1
2 7
1 1
2 12
1 1
2 9
1 1
2 12
1 1
2 12
1 1
2 3
1 1
2 3
1 1
2 10
1 1
2 64
1 1
2 1
1 1
2 82
1 1
2 37
1 1
2 21
1 1
2 55
1 1
2 26
1 1
2 37
1 1
2 35
1 1
2 10
1 1
2 2
1 1
2 9
1 2
2 4
1 1
2 5
1 1
2 7
1 1
2 14
1 1
2 5
1 1
2 14
1 1
2 14
1 1
2 1
1 1
2 5
1 1
2 3
1 1
2 21
1 1
2 9
1 1
2 34
1 1
2 41
1 1
2 7
1 1
2 16
1 1
2 34
1 1
2 7
1 1
2 2
1 1
2 10
1 1
2 1
1 1
2 1
1 1
2 4
1 1
2 3
1 1
2 164
1 1
2 16
1 1
2 8
1 2
2 1
1 1
2 12
1 2
2 13
1 1
2 40
1 1
2 13
1 1
2 8
1 1
2 3
1 1
2 5
1 1
2 3
1 1
2 3
1 1
2 1
1 1
2 15
1 1
2 10
1 1
2 4
1 1
2 43
1 1
2 26
1 1
2 31
1 1
2 2
1 1
2 37
1 1
2 5
1 1
2 55
1 1
2 3
1 1
2 112
1 1
2 4
1 1
2 1
1 1
2 1
1 1
3 1
2 1
1 1
2 1
1 1
3 1
2 3
1 1
2 2
1 1
2 2
1 2
3 1
2 2
1 1
2 6
1 1
2 2
1 1
2 31
1 1
2 3
1 1
2 1
1 1
2 2
1 1
2 11
1 1
2 2
1 2
2 20
1 1
2 21
1 1
2 3
1 1
2 217
1 1
2 1
1 1
2 113
1 2
2 1
1 1
2 8
1 1
2 2
1 1
2 1
3 1
1 1
2 4
1 1
2 3
1 1
2 1
1 1
2 8
1 1
2 2
1 1
2 11
1 1
2 15
1 1
2 1
1 1
2 4
1 1
2 10
1 1
2 8
1 1
2 3
1 1
2 14
1 1
2 7
1 1
2 33
1 1
2 47
1 1
2 7
1 1
2 12
1 1
2 48
1 1
2 46
1 1
2 8
1 1
2 54
1 1
2 98
1 1
2 2
1 1
2 11
1 1
2 1
1 1
2 11
1 1
2 10
1 1
2 6
1 1
2 20
1 1
2 3
1 1
2 14
1 1
2 4
1 1
2 3
1 1
2 4
1 1
2 2
1 1
2 7
1 1
2 1
1 1
2 28
1 1
2 12
1 1
2 77
1 1
2 1
1 1
2 30
1 1
2 43
1 1
2 7
1 1
2 37
1 1
2 124
1 1
2 6
1 1
2 3
0 1
2 11
1 1
2 7
1 1
2 3
1 1
2 6
1 1
2 1
1 1
2 16
1 1
2 1
1 1
2 5
1 1
2 1
1 1
2 1
1 1
2 4
1 1
2 9
1 1
2 1
1 1
2 2
1 1
2 7
1 1
2 1
1 1
2 3
1 1
2 15
1 1
2 13
1 1
2 8
1 1
2 14
1 1
2 53
1 1
2 32
1 1
2 1
1 1
2 2
1 1
2 38
1 1
2 2
1 1
2 2
1 1
2 14
1 1
2 19
1 1
2 4
1 1
2 11
1 1
2 3
1 1
2 18
1 1
2 113
1 1
2 1
1 1
3 1
2 1
1 1
2 1
1 1
2 1
1 1
2 4
1 1
2 4
1 1
2 7
1 1
2 10
1 1
2 22
1 1
2 7
1 1
2 12
1 1
2 2
1 1
2 19
1 1
2 26
1 1
2 107
1 1
2 58
1 1
2 18
1 1
2 8
1 1
2 39
1 1
2 113
1 1
2 1
1 1
2 6
1 1
2 3
1 1
2 11
1 1
2 6
1 1
2 22
1 1
2 2
1 1
2 6
1 1
2 3
1 1
2 10
1 1
2 12
1 1
2 4
1 1
2 3
1 1
2 9
1 1
2 11
1 1
2 4
1 1
2 3
1 1
2 9
1 1
2 65
1 1
2 72
1 1
2 7
1 1
2 8
1 1
2 12
1 1
2 30
1 1
2 1
1 1
2 7
1 1
2 10
1 1
2 15
1 1
2 1
1 1
2 95
1 1
2 4
1 1
2 1
1 2
2 5
1 1
2 1
1 1
2 21
1 1
2 1
1 1
2 2
1 1
2 17
1 1
2 2
1 1
2 1
1 1
2 2
1 2
2 4
1 1
2 7
1 1
2 3
1 1
2 11
1 1
2 5
1 1
2 6
1 1
2 15
1 1
2 5
1 1
2 4
1 1
2 4
1 1
2 1
1 1
2 7
1 1
2 42
1 1
2 7
1 1
2 16
1 1
2 67
1 1
2 13
1 1
2 8
1 1
2 10
1 1
2 1
1 1
2 18
1 1
2 8
1 1
2 127
1 1
2 2
1 5
2 4
1 1
2 16
1 1
2 1
1 1
2 2
1 1
2 21
1 1
2 3
1 2
2 4
1 1
2 4
1 1
2 13
1 1
2 8
1 1
2 7
1 1
2 1
1 1
2 2
1 1
2 6
1 1
2 25
1 1
2 56
1 1
2 46
1 1
2 5
1 1
2 6
1 1
2 21
1 1
2 58
1 1
2 2
1 1
2 133
1 2
2 2
1 1
2 2
1 2
3 1
2 25
1 1
2 2
1 1
2 8
1 1
2 28
1 1
2 1
1 1
2 4
1 1
2 7
1 1
2 4
1 1
2 5
1 1
2 20
1 2
2 8
1 1
2 1
1 1
2 130
1 1
2 20
1 1
2 48
1 1
2 1
1 1
2 8
1 1
2 134
1 1
2 5
1 1
2 4
1 1
2 1
1 2
2 1
1 1
2 13
1 1
2 7
1 1
2 29
1 1
2 4
1 1
2 1
1 2
2 9
1 1
2 3
1 1
2 4
1 1
2 5
1 1
2 11
1 1
2 6
1 1
2 4
1 1
2 6
1 1
2 9
1 1
2 114
1 1
2 3
1 1
2 48
1 1
2 28
1 1
2 142
1 1
2 1
1 1
2 2
1 2
2 3
1 1
2 1
1 1
2 30
1 1
2 14
1 2
2 2
1 1
2 2
1 1
2 2
1 1
2 1
1 1
2 4
1 2
2 8
1 1
2 3
1 1
2 10
1 1
2 19
1 1
2 1
1 1
2 5
1 1
2 2
1 1
2 5
1 1
2 2
1 1
2 2
1 1
2 110
1 1
2 27
1 1
2 70
1 1
2 5
1 1
2 119
1 1
2 2
1 1
0 1
2 1
1 1
2 3
1 1
2 2
3 1
1 1
2 1
1 1
2 1
1 1
2 14
1 1
2 2
1 1
2 30
1 1
2 4
1 1
2 3
1 1
2 4
1 1
2 6
1 1
2 16
1 1
2 1
1 1
2 5
1 1
2 4
1 1
2 5
1 2
2 2
1 1
2 9
1 1
2 7
1 1
2 16
1 1
2 12
1 1
2 8
1 1
2 83
1 1
2 38
1 1
2 34
1 1
2 137
1 1
2 12
1 1
2 5
1 1
2 40
1 1
2 8
1 3
2 4
1 1
2 4
1 1
2 15
1 1
2 1
1 1
2 1
1 1
2 16
1 1
2 3
1 1
2 4
1 1
2 5
1 1
2 2
1 1
2 30
1 1
2 22
1 1
2 49
1 1
2 38
1 1
2 206
1 1
2 5
1 1
2 3
1 1
2 15
1 1
2 2
1 2
2 25
1 1
2 4
1 1
2 1
1 1
2 12
1 1
2 5
1 1
2 5
1 1
2 5
1 1
2 1
1 1
2 20
1 1
2 1
1 1
2 8
1 2
2 21
1 1
2 33
1 1
2 59
1 1
2 16
1 1
2 4
1 1
2 206
1 1
2 1
1 1
2 5
1 1
2 3
1 1
2 21
1 1
2 4
1 1
2 20
1 1
2 2
1 1
2 4
1 1
2 2
1 1
2 9
1 1
2 5
1 1
2 7
1 2
2 4
1 1
2 1
1 1
2 3
1 1
2 1
1 1
2 2
1 1
2 6
1 1
2 24
1 1
2 15
1 1
2 3
1 1
2 62
1 1
2 17
1 1
2 4
1 1
2 19
1 1
2 5
1 1
2 203
1 2
2 1
1 1
2 5
1 1
2 3
1 1
2 7
1 1
2 10
1 1
2 2
1 1
2 28
1 1
2 3
1 1
2 5
1 1
2 3
1 1
2 5
1 1
2 1
1 1
2 1
1 1
2 9
1 1
2 7
1 1
2 1
1 1
2 1
1 1
2 2
1 1
2 3
1 2
2 9
1 1
2 1
1 1
2 11
1 1
2 20
1 1
2 3
1 1
2 3
1 1
2 47
1 1
2 30
1 1
2 10
1 1
2 2
1 1
2 2
1 1
2 4
1 1
2 2
1 1
2 4
1 1
2 72
1 1
2 125
1 1
2 8
1 1
2 1
3 1
1 1
2 1
1 1
2 1
1 1
2 8
1 2
2 15
1 1
2 24
1 1
2 4
1 1
2 3
1 1
2 3
1 1
2 5
1 1
2 10
1 1
2 3
1 1
2 21
1 1
2 2
1 1
2 20
1 1
2 14
1 1
2 73
1 1
2 8
1 1
2 2
1 1
2 26
1 1
2 15
1 1
2 193
1 1
2 2
1 1
2 1
3 1
1 1
2 1
1 1
2 1
1 1
3 1
1 1
2 21
1 1
2 6
1 1
2 1
1 1
2 20
1 1
2 3
1 1
2 4
1 1
2 12
1 1
2 10
1 1
2 2
1 2
2 4
1 1
2 1
1 1
2 1
1 1
2 6
1 1
2 2
1 1
2 13
1 2
2 3
1 1
2 31
1 1
2 37
1 1
2 5
1 1
2 14
1 1
2 36
1 1
2 41
1 1
2 36
1 1
2 135
1 1
2 2
1 1
2 5
1 1
2 1
1 1
2 14
1 1
2 4
1 1
2 5
1 1
2 6
1 1
2 19
1 1
2 3
1 1
2 5
1 1
2 8
1 1
2 2
1 1
2 7
1 1
2 6
1 2
2 2
1 1
2 3
1 1
2 3
1 2
2 9
1 1
2 5
1 1
2 27
1 1
2 50
1 1
2 49
1 1
2 14
1 1
2 10
1 1
2 9
1 1
2 7
1 1
2 5
1 1
2 24
1 1
2 96
1 1
2 47
1 1
2 4
1 2
2 3
1 1
2 13
1 1
2 1
1 2
2 11
1 1
2 27
1 1
2 4
1 1
2 3
1 1
2 5
1 1
2 10
1 2
2 7
1 1
2 1
1 1
2 1
1 1
2 2
1 1
2 2
1 1
2 8
1 1
2 4
1 1
2 7
1 1
2 21
1 1
2 6
1 1
2 10
1 1
2 8
1 1
2 28
1 1
2 1
1 1
2 13
1 1
2 1
1 1
2 33
1 1
2 2
1 1
2 27
1 1
2 6
1 1
2 39
1 1
2 19
1 1
2 118
1 1
2 10
1 1
2 10
1 1
2 5
1 1
2 7
1 1
2 5
1 1
2 25
1 1
2 5
1 1
2 1
1 1
2 4
1 1
2 2
1 1
2 5
1 1
2 5
1 1
2 3
1 1
2 1
1 1
2 3
1 1
2 2
1 1
2 6
1 1
2 6
1 1
2 13
1 1
2 15
1 1
2 10
1 1
2 59
1 1
2 2
1 1
2 4
1 1
2 25
1 1
2 2
1 1
2 3
1 1
2 62
1 1
2 152
1 1
2 4
1 1
2 6
1 1
2 11
1 1
2 8
1 1
2 3
1 1
2 4
1 1
2 8
1 1
2 17
1 3
2 3
1 1
2 6
1 1
2 11
1 1
2 9
1 1
2 7
1 1
2 6
1 1
2 12
1 1
2 2
1 1
2 3
1 1
2 4
1 1
2 5
1 1
2 13
1 1
2 40
1 1
2 9
1 1
2 4
1 1
2 4
1 1
2 18
1 1
2 6
1 1
2 17
1 1
2 32
1 1
2 28
1 1
2 153
1 1
2 5
1 1
2 11
1 1
2 5
1 1
2 5
1 1
2 2
1 1
2 5
1 1
2 10
1 1
2 6
1 1
2 5
1 1
2 3
1 2
2 6
1 1
2 7
1 1
2 2
1 1
2 9
1 1
2 1
1 1
2 8
1 1
2 5
1 1
2 15
1 1
2 1
1 1
2 3
1 1
2 4
1 1
2 3
1 1
2 4
1 1
2 8
1 1
2 6
1 1
2 3
1 1
2 13
1 1
2 44
1 1
2 6
1 2
2 8
1 1
2 14
1 1
2 4
1 1
2 21
1 1
2 3
1 1
2 1
1 1
2 9
1 1
2 21
1 1
2 16
1 1
2 14
1 1
2 124
1 1
2 8
1 1
2 2
1 1
2 6
1 1
2 6
1 1
2 8
1 1
2 3
1 1
2 2
1 1
2 5
1 1
2 5
1 1
2 2
1 1
2 9
1 2
2 7
1 1
2 4
1 1
2 2
1 1
2 4
1 1
2 9
1 1
2 2
1 1
2 1
1 1
2 4
1 1
2 4
1 1
2 2
1 1
2 14
1 1
2 8
1 1
2 19
1 1
2 3
1 1
2 5
1 2
2 2
1 1
2 6
1 1
2 6
1 1
2 12
1 1
2 13
1 1
2 8
1 1
2 11
1 1
2 12
1 1
2 8
1 1
2 33
1 1
2 8
1 1
2 2
1 1
2 15
1 1
2 159
1 1
2 4
1 1
2 3
1 2
3 1
1 2
2 5
1 1
2 3
1 1
2 5
1 1
2 6
1 1
2 20
1 1
2 11
1 2
2 10
1 1
2 5
1 1
2 2
1 1
2 9
1 1
2 5
1 1
2 7
1 1
2 7
1 1
2 2
1 1
2 1
1 1
2 3
1 1
2 4
1 1
2 8
1 1
2 13
1 1
2 3
1 1
2 5
1 1
2 6
1 1
2 7
1 1
2 7
1 1
2 28
1 1
2 6
1 1
2 3
1 2
2 8
1 1
2 9
1 1
2 3
1 1
2 3
1 1
2 23
1 1
2 13
1 1
2 183
1 1
2 4
1 1
2 19
1 1
2 2
1 1
2 2
1 1
2 1
1 1
2 1
1 1
2 3
1 1
2 3
1 1
2 13
1 1
2 1
1 1
2 6
1 1
2 5
1 1
2 7
1 1
2 5
1 1
2 3
1 1
2 4
1 1
2 1
1 1
2 17
1 1
2 8
1 1
2 1
1 1
2 17
1 1
2 23
1 1
2 20
1 1
2 24
1 1
2 15
1 1
2 4
1 1
2 1
1 1
2 9
1 1
2 1
1 1
2 5
1 1
2 25
1 1
2 11
1 1
2 4
1 1
2 21
1 1
2 16
1 1
2 143
0 1
2 2
1 1
2 2
1 1
2 1
1 1
2 6
1 1
2 3
1 1
2 11
1 1
2 3
1 1
2 2
1 1
2 2
1 1
2 2
1 1
2 2
1 1
2 2
1 1
2 6
1 1
2 12
1 1
2 4
1 1
2 16
1 1
2 2
1 1
2 1
1 1
2 1
1 1
2 1
1 1
2 7
1 1
2 1
1 1
2 6
1 1
2 7
1 1
2 1
1 1
2 2
1 1
2 10
1 1
2 5
1 1
2 12
1 1
2 17
1 1
2 1
1 1
2 19
1 1
2 29
1 1
2 7
1 1
2 1
1 1
2 5
1 1
2 4
1 1
2 3
1 1
2 3
1 1
2 16
1 1
2 22
1 1
2 19
1 1
2 18
1 1
2 9
1 1
2 13
1 1
2 20
1 1
2 94
1 1
2 1
1 2
2 1
1 1
2 2
1 1
2 9
1 1
2 5
1 2
2 2
1 1
2 8
1 1
2 2
1 1
2 5
1 1
2 4
1 1
2 5
1 1
2 3
1 1
2 1
1 1
2 7
1 1
2 1
1 1
2 5
1 1
2 11
1 2
2 5
3 1
1 1
2 2
1 1
2 4
1 1
2 6
1 1
2 2
1 1
2 1
1 1
2 2
1 1
2 4
1 1
2 2
1 1
2 6
1 1
2 47
1 1
2 10
1 1
2 7
1 1
2 7
1 1
2 16
1 1
2 4
1 1
2 4
1 1
2 7
1 1
2 6
1 1
2 1
1 1
2 4
1 1
2 2
1 1
2 57
1 1
2 161
1 1
2 1
1 1
2 1
1 1
2 1
1 1
2 10
1 1
2 1
1 1
2 1
1 1
2 1
1 1
2 3
1 1
2 1
1 1
2 4
1 1
2 3
1 1
2 4
1 1
2 6
1 1
2 1
1 1
2 3
1 1
2 4
1 1
2 3
1 1
2 3
1 1
2 8
1 1
2 1
1 1
2 1
1 1
2 19
1 1
2 7
1 1
2 3
1 2
2 1
1 1
2 6
1 1
2 5
1 1
2 1
1 1
2 58
1 1
2 36
1 1
2 6
1 1
2 3
1 1
2 4
1 1
2 14
1 1
2 17
1 1
2 2
1 1
2 5
1 1
2 55
1 1
2 39
1 1
2 100
1 1
2 6
1 2
2 3
1 1
2 2
1 2
2 2
1 2
3 1
1 1
2 10
1 1
2 3
1 1
2 1
1 1
2 4
1 2
2 1
1 2
2 10
1 1
2 8
1 1
2 3
1 1
2 3
1 1
2 5
1 1
2 5
1 1
2 2
1 1
2 4
1 1
2 1
1 1
2 14
1 1
2 6
1 1
2 1
1 1
2 4
1 1
2 12
1 1
2 52
1 1
2 11
1 1
2 2
1 1
2 14
1 1
2 9
1 1
2 6
1 1
2 5
1 1
2 1
1 1
2 3
1 1
2 2
1 1
2 9
1 1
2 110
1 1
2 99
1 1
2 14
1 1
2 2
1 1
2 2
1 1
3 1
2 4
1 1
2 3
1 1
2 2
1 1
2 4
1 1
2 1
1 1
2 3
1 2
2 3
1 1
2 5
1 1
2 4
1 1
2 4
1 1
2 4
1 1
2 8
1 1
2 3
1 1
2 5
1 1
2 8
1 1
2 6
1 1
2 7
1 1
2 1
1 1
2 1
1 1
2 10
1 1
2 9
1 1
2 6
1 1
2 34
1 1
2 14
1 1
2 13
1 1
2 4
1 1
2 7
1 1
2 1
1 1
2 5
1 1
2 21
1 1
2 1
1 1
2 2
1 2
2 10
1 1
2 4
1 1
2 8
1 1
2 25
1 1
2 7
1 1
2 22
1 1
2 33
1 1
2 6
1 1
2 99
1 1
2 4
1 1
2 2
1 2
2 1
1 1
2 3
1 1
2 2
1 1
2 2
1 1
2 1
1 1
2 2
1 1
2 1
1 1
2 1
1 1
2 3
1 1
2 3
1 1
2 7
1 1
3 1
1 1
2 1
1 1
2 2
1 1
2 1
1 1
2 2
1 1
2 6
1 2
2 1
1 1
2 3
1 1
2 1
1 1
2 1
1 1
2 4
1 1
2 11
1 1
2 7
1 1
2 3
1 2
2 3
1 1
2 2
1 1
2 11
1 2
2 87
1 1
2 7
1 1
2 28
1 1
2 7
1 1
2 4
1 1
2 4
1 1
2 5
1 1
2 9
1 1
2 9
1 1
2 1
1 1
2 21
1 1
2 14
1 1
2 2
1 1
2 140
3 1
1 1
2 3
1 1
2 6
1 1
2 2
1 1
2 2
1 1
2 4
1 2
2 1
3 1
1 1
2 6
1 1
2 4
1 1
2 2
1 1
2 6
1 1
2 2
1 1
2 5
1 1
2 15
1 1
2 10
1 1
2 2
1 1
2 4
1 2
2 1
1 1
2 1
1 1
2 15
1 1
2 18
1 1
2 29
1 1
2 42
1 1
2 1
1 1
2 1
1 1
2 9
1 1
2 31
1 1
2 7
1 1
2 3
1 1
2 13
1 1
2 12
1 1
2 6
1 2
2 27
1 1
2 44
1 1
2 43
1 1
2 64
1 3
2 10
1 1
2 7
1 2
2 2
0 1
3 1
1 1
2 2
1 1
2 2
1 1
2 5
1 1
2 2
1 1
2 2
1 1
2 4
1 1
2 2
1 1
2 3
1 2
2 1
1 1
2 2
1 1
2 3
1 1
2 6
1 1
2 24
1 1
2 1
1 1
2 6
1 1
2 22
1 1
2 7
1 1
2 97
1 1
2 14
1 1
2 9
1 1
2 6
1 1
2 5
1 2
2 12
1 1
2 2
1 1
2 2
1 1
2 4
1 1
2 1
1 1
2 19
1 1
2 10
1 1
2 5
1 1
2 7
1 1
2 6
1 1
2 25
1 1
2 99
1 2
2 6
1 1
2 1
1 1
2 2
1 1
2 6
1 1
2 1
1 1
2 1
1 1
3 1
0 1
2 1
1 1
2 2
1 1
2 4
1 1
2 3
1 1
2 3
1 1
2 8
1 1
2 5
1 1
2 3
3 1
1 1
2 1
1 1
2 2
1 1
2 11
1 1
2 5
1 1
2 3
1 1
2 3
1 1
2 2
1 1
2 5
1 1
2 4
1 2
2 8
1 1
2 3
1 1
2 79
1 1
2 21
1 1
2 8
1 1
2 9
1 1
2 19
1 1
2 3
1 1
2 10
1 1
2 21
1 1
2 7
1 1
2 16
1 1
2 6
1 1
2 4
1 1
2 5
1 1
2 3
1 1
2 23
1 1
2 1
1 1
2 13
1 1
2 1
1 1
2 88
1 1
2 1
3 1
1 2
2 4
1 1
2 2
1 1
2 1
1 1
2 1
1 1
2 1
1 1
2 1
1 1
3 1
2 4
1 1
3 1
1 1
2 8
1 1
2 5
1 1
2 1
1 1
2 1
1 1
2 2
1 1
2 2
1 1
2 1
1 1
2 13
1 1
2 4
1 1
2 2
1 1
2 1
1 1
2 1
1 1
2 1
1 1
2 3
1 1
2 1
1 1
2 19
1 2
2 7
1 1
2 10
1 1
2 49
1 1
2 22
1 1
2 8
1 1
2 19
1 1
2 18
1 1
2 1
1 1
2 8
1 1
2 11
1 1
2 1
1 1
2 3
1 1
2 6
1 1
2 8
1 1
2 1
1 1
2 11
1 1
2 3
1 1
2 3
1 1
2 10
1 2
2 3
1 1
2 3
1 1
2 9
1 1
2 24
1 1
2 1
1 1
2 13
1 1
2 92
1 2
3 1
2 2
1 1
2 2
1 2
2 1
3 1
1 1
2 1
1 1
2 2
1 1
2 3
1 1
2 3
1 1
0 1
3 1
1 1
2 1
1 1
2 6
1 2
2 4
1 1
2 1
1 2
3 1
2 7
1 2
2 2
1 1
2 2
1 1
2 1
1 1
2 7
1 1
2 5
1 1
2 3
1 1
2 7
1 1
2 2
1 2
2 5
1 1
2 1
1 1
2 15
1 1
2 7
1 1
2 5
1 1
2 7
1 2
2 5
1 1
2 3
1 1
2 75
1 1
2 2
1 1
2 1
1 1
2 2
1 1
2 5
1 1
2 8
1 1
2 22
1 1
2 3
1 1
2 15
1 1
2 1
1 1
2 2
1 1
2 9
1 2
2 5
1 1
2 1
1 1
2 5
1 1
2 2
1 1
2 6
1 1
2 6
1 1
2 6
1 1
2 134
1 1
2 4
1 1
2 3
1 1
2 2
1 1
2 1
1 1
2 1
1 1
2 2
1 1
2 5
3 1
1 1
2 2
1 1
2 11
1 1
2 2
3 1
1 1
2 2
1 1
2 1
1 1
2 3
1 1
2 1
1 1
2 6
1 3
2 8
1 1
2 1
1 1
2 2
1 1
2 3
1 1
2 2
1 1
2 2
1 1
2 9
1 1
2 11
1 1
2 2
1 1
2 2
1 2
2 1
1 1
2 2
1 1
2 10
1 1
2 2
1 1
2 5
1 1
2 86
1 1
2 1
1 1
2 7
1 1
2 10
1 1
2 9
1 1
2 3
1 1
2 2
1 1
2 17
1 1
2 7
1 1
2 5
1 1
2 7
1 1
2 14
1 1
2 46
1 1
2 108
1 2
2 4
1 1
2 1
1 1
2 2
1 1
2 1
1 1
2 2
1 1
2 1
1 1
2 2
1 1
2 2
1 1
2 1
1 1
2 5
1 1
2 3
1 1
2 5
3 1
1 1
2 1
1 2
2 3
1 1
2 2
1 1
2 2
1 2
2 2
1 1
2 8
1 1
2 6
1 1
2 4
1 1
2 6
1 1
2 3
1 1
2 3
1 1
2 25
1 1
2 8
1 1
2 4
1 1
2 8
1 1
2 3
1 1
2 6
1 1
2 73
1 1
2 7
1 2
2 4
1 1
2 1
1 1
2 4
1 1
2 4
1 1
2 2
1 2
2 4
1 1
2 8
1 1
2 2
1 1
2 4
1 1
2 3
1 1
2 16
1 1
2 4
1 2
2 5
1 1
2 5
1 1
2 1
1 1
2 48
1 1
2 1
1 1
2 108
1 1
2 3
1 1
2 4
1 1
2 1
1 1
2 2
1 1
2 2
3 1
1 1
2 4
1 2
3 1
1 1
2 3
1 1
2 7
1 1
2 1
3 1
2 2
1 1
2 1
1 1
2 5
1 1
2 4
1 1
2 1
1 1
2 5
1 1
2 2
1 1
2 3
1 1
2 1
1 1
2 3
1 1
2 6
1 1
2 4
1 1
2 4
1 1
2 1
1 1
2 1
1 1
2 3
1 1
2 2
1 1
2 3
1 1
2 4
1 1
2 1
1 1
2 2
1 1
2 4
1 1
2 10
1 1
2 5
1 1
2 1
1 1
2 12
1 3
2 15
1 1
2 26
1 1
2 12
1 1
2 4
1 1
2 7
1 1
2 1
1 1
2 4
1 1
2 2
1 1
2 13
1 1
2 28
1 1
2 7
1 1
2 3
1 1
2 1
1 1
2 19
1 1
2 4
1 1
2 3
1 1
2 11
1 1
2 143
1 1
2 5
1 1
2 1
1 1
2 1
1 1
2 5
1 1
2 1
1 1
3 1
2 6
1 1
2 3
1 1
2 3
1 1
2 2
1 1
2 2
1 1
2 2
1 1
2 1
1 1
2 2
1 1
2 3
1 1
2 2
1 1
2 3
1 1
2 1
1 1
2 3
1 1
2 1
1 1
2 1
1 2
2 2
1 1
2 6
1 1
2 2
1 1
2 2
1 2
2 5
1 1
2 14
1 1
2 3
1 1
2 5
1 1
2 3
1 1
2 3
1 1
2 7
1 1
2 12
1 1
2 20
1 1
2 1
1 1
2 60
1 2
2 2
1 1
2 3
1 1
2 9
1 1
2 15
1 1
2 4
1 1
2 9
1 1
2 7
1 1
2 3
1 1
2 3
1 1
2 2
1 1
2 7
1 1
2 37
1 1
2 139
1 1
2 5
1 1
2 1
1 1
3 1
1 3
2 6
1 1
2 2
1 1
2 10
1 1
2 3
1 1
2 4
1 1
3 1
1 1
2 1
1 1
2 1
3 1
1 1
2 2
1 2
2 3
1 1
2 5
1 1
2 2
1 1
2 4
1 1
2 1
1 1
2 10
1 2
2 2
1 1
2 3
1 1
2 1
1 1
2 6
1 1
2 4
1 1
2 5
1 1
2 1
1 1
2 3
1 1
2 9
1 1
2 1
1 1
2 5
1 1
2 22
1 1
2 1
1 1
2 6
1 1
2 8
1 1
2 20
1 1
2 33
1 1
2 5
1 1
2 51
1 1
2 7
1 1
2 7
1 2
2 7
1 1
2 25
1 1
2 21
1 1
2 112
1 1
2 2
1 1
2 2
1 1
2 1
1 1
2 1
3 1
2 2
0 1
2 3
1 1
2 5
1 1
2 2
1 2
2 1
1 2
2 3
1 1
2 3
1 1
2 1
1 1
2 3
1 2
3 1
2 3
1 1
2 1
1 1
2 3
1 1
2 2
1 2
2 1
1 1
2 3
1 1
2 1
1 2
2 8
1 1
2 7
1 1
2 3
1 1
2 5
1 1
2 2
1 1
2 1
1 1
2 1
1 1
2 4
1 1
2 5
1 2
2 1
1 1
2 8
1 1
2 1
1 1
2 12
1 1
2 15
1 1
2 12
1 1
2 9
1 1
2 5
1 1
2 2
1 1
2 26
1 1
2 20
1 1
2 5
1 1
2 1
1 1
2 13
1 1
2 3
1 1
2 2
1 1
2 22
1 1
2 2
1 1
2 8
1 1
2 2
1 2
2 16
1 1
2 2
1 1
2 17
1 1
2 137
1 1
2 7
1 1
2 1
1 2
3 1
2 10
1 1
2 8
1 1
2 1
1 1
2 1
0 1
3 1
2 7
1 2
2 1
1 1
2 4
1 1
2 2
1 1
2 3
1 1
2 1
1 1
2 6
1 1
2 4
1 1
2 5
1 2
2 4
1 1
2 5
1 1
2 1
1 1
2 2
1 1
2 2
1 1
2 14
1 1
2 5
1 1
2 1
1 1
2 2
1 1
2 1
1 1
2 5
1 1
2 68
1 1
2 8
1 1
2 22
1 1
2 44
1 1
2 5
1 1
2 3
1 1
2 10
1 1
2 5
1 2
2 2
1 1
2 14
1 1
2 14
1 1
2 1
1 1
2 136
1 2
2 5
1 1
2 1
1 1
2 3
1 2
2 11
1 1
2 1
3 1
2 2
1 1
2 5
1 1
2 5
1 1
2 6
1 1
2 6
1 2
2 2
1 1
2 7
1 2
2 3
1 1
2 3
1 1
2 7
1 1
2 9
1 1
2 2
1 1
2 2
1 1
2 2
1 1
2 7
1 1
2 4
1 1
2 2
1 1
2 2
1 1
2 10
1 1
2 5
1 1
2 43
1 2
2 5
1 1
2 37
1 1
2 58
1 1
2 1
1 1
2 18
1 1
2 8
1 1
2 1
1 1
2 7
1 1
2 6
1 1
2 2
1 1
2 150
3 1
1 2
2 13
3 1
2 2
1 1
2 15
1 2
2 7
1 2
2 8
1 2
2 3
1 1
2 1
1 1
2 1
1 2
2 5
1 1
2 1
1 1
2 6
1 1
2 4
1 1
2 3
1 1
2 1
1 1
2 3
1 1
2 3
1 1
2 4
1 1
2 5
1 2
2 4
1 1
2 3
1 2
2 7
1 1
2 2
1 1
2 40
1 1
2 3
1 1
2 17
1 1
2 28
1 1
2 1
1 1
2 7
1 1
2 42
1 1
2 31
1 1
2 1
1 1
2 4
1 1
2 14
1 1
2 29
1 1
2 110
1 1
2 2
1 1
2 1
1 1
2 3
1 1
2 1
1 1
2 4
1 1
2 8
1 1
2 8
1 1
2 8
1 2
2 9
1 1
2 2
1 1
2 11
1 1
2 1
1 1
2 4
1 1
2 5
1 1
2 1
1 1
2 2
1 1
2 4
1 1
2 1
1 1
2 2
1 1
2 3
1 1
2 2
1 1
2 3
1 1
2 2
1 1
2 5
1 1
2 9
1 1
2 2
1 1
2 3
1 2
2 2
1 1
2 44
1 1
2 17
1 2
2 1
1 1
2 4
1 1
2 10
1 1
2 4
1 1
2 63
1 1
2 3
1 1
2 4
1 1
2 24
1 1
2 18
1 1
2 5
1 1
2 130
1 1
2 7
1 2
2 1
1 1
3 1
1 1
2 12
1 1
2 1
1 1
2 3
1 1
2 1
1 1
2 12
1 2
3 1
1 1
2 2
1 1
2 3
1 1
2 2
1 2
2 7
1 1
2 5
1 1
2 5
1 2
2 3
1 1
2 4
1 1
2 11
1 1
2 3
1 1
2 8
1 1
2 2
1 1
2 4
1 1
2 9
1 1
2 3
1 1
2 7
1 1
2 14
1 1
2 1
1 1
2 52
1 1
2 1
1 1
2 3
1 1
2 2
1 1
2 37
1 1
2 31
1 1
2 19
1 1
2 2
1 1
2 11
1 1
2 1
1 2
2 2
1 1
2 3
1 1
2 1
1 1
2 2
1 1
2 133
1 1
2 1
1 1
2 8
1 3
2 12
1 1
2 1
1 1
2 2
1 2
3 1
2 3
1 1
2 12
1 1
2 5
1 1
2 5
1 1
2 2
1 1
2 4
1 1
2 2
1 1
2 5
1 2
2 4
1 1
2 6
1 1
2 2
1 2
2 2
1 1
2 7
1 1
2 4
1 1
2 3
1 1
2 5
1 1
2 13
1 1
2 5
1 1
2 6
1 1
2 74
1 2
2 12
1 1
2 24
1 1
2 9
1 1
2 4
1 1
2 6
1 1
2 36
1 1
2 16
1 1
2 148
1 1
3 2
1 1
2 2
1 1
2 10
1 1
2 4
1 1
2 2
1 3
2 11
1 1
2 2
1 1
2 1
1 1
2 5
1 1
2 1
1 1
2 5
1 1
2 2
1 1
2 2
1 1
2 4
1 2
2 2
1 1
2 2
1 1
2 5
1 1
2 2
1 1
2 3
1 1
2 4
1 1
2 3
1 1
2 4
1 1
2 1
1 1
2 3
1 1
2 1
1 1
2 19
1 1
2 10
1 1
2 4
1 1
2 92
1 1
2 6
1 1
2 6
1 1
2 3
1 1
2 3
1 1
2 5
1 1
2 6
1 1
2 23
1 1
2 2
1 1
2 8
1 1
2 5
1 1
2 2
1 1
2 6
1 1
2 2
1 1
2 2
1 1
2 147
3 1
0 1
2 1
1 1
2 12
1 1
2 3
1 1
2 5
1 1
2 1
1 1
2 13
1 1
2 2
1 1
2 5
1 1
2 2
1 1
2 2
1 2
2 7
1 2
2 2
1 1
2 6
1 1
2 1
1 1
2 2
1 1
2 2
1 1
2 2
1 1
2 3
1 1
2 5
1 1
2 6
1 2
2 5
1 1
2 5
1 1
2 20
1 1
2 3
1 1
2 4
1 1
2 3
1 1
2 63
1 1
2 9
1 1
2 7
1 1
2 3
1 1
2 1
1 1
2 23
1 1
2 9
1 1
2 4
1 1
2 7
1 1
2 12
1 1
2 16
1 1
2 7
1 1
2 154
1 1
3 1
2 2
1 1
2 19
1 2
2 23
1 2
2 2
1 1
2 2
1 1
2 2
1 1
2 3
1 1
2 1
1 1
2 4
1 2
2 9
1 1
2 1
1 1
2 9
1 1
2 1
1 1
2 3
1 2
2 5
1 2
2 1
3 1
2 1
1 2
2 6
1 2
2 4
1 2
2 1
1 1
2 4
1 1
2 11
1 1
2 7
1 1
2 3
1 1
2 120
1 1
2 3
1 1
2 2
1 1
2 13
1 1
2 13
1 1
2 167
1 1
2 40
0 1
2 5
1 1
2 5
1 1
2 2
1 2
2 7
1 1
2 1
1 1
2 3
1 1
2 7
1 1
2 3
1 1
2 4
1 1
2 8
1 1
2 3
1 1
2 1
1 1
2 2
1 1
2 2
1 1
2 1
1 1
2 1
1 1
2 7
1 1
2 9
1 1
2 155
1 1
2 3
1 1
2 2
1 1
2 29
1 1
2 8
1 1
2 144
1 1
2 25
1 1
2 19
1 2
2 3
1 2
2 10
1 1
2 6
1 1
2 1
1 1
2 1
1 1
2 6
1 1
2 2
1 1
2 3
1 1
2 7
1 1
2 5
1 1
2 1
1 1
2 1
1 1
2 2
1 1
2 1
1 1
2 4
1 1
2 5
1 1
2 7
1 1
2 5
1 1
2 8
1 1
2 7
1 1
2 129
1 1
2 49
1 1
2 2
1 1
2 187
1 2
2 2
1 1
2 4
1 1
2 1
1 1
2 2
1 1
2 2
1 1
2 3
1 1
2 3
1 1
2 1
1 1
2 2
1 1
2 4
1 1
2 8
1 2
2 10
1 1
2 6
1 1
2 13
1 1
2 3
1 1
2 20
1 1
2 147
1 1
2 229
1 2
2 6
1 1
2 6
1 1
2 6
1 1
2 1
1 1
2 3
1 1
2 3
1 1
2 6
1 1
2 1
1 1
2 29
1 1
2 7
1 1
2 4
1 1
2 394
1 1
2 1
3 1
1 1
2 1
1 3
2 2
1 1
2 9
1 1
2 4
1 1
2 1
1 1
2 1
1 1
2 5
1 1
2 6
1 2
2 7
1 1
2 14
1 1
2 6
1 1
2 407
1 2
2 5
1 1
2 1
1 1
2 7
1 1
2 6
1 1
2 2
1 1
2 1
1 1
2 1
1 1
2 4
1 2
2 7
1 1
2 1
1 1
2 3
1 1
2 2
1 1
2 3
1 1
2 3
1 1
2 4
1 1
2 10
1 1
2 401
1 1
2 1
1 1
2 2
1 1
2 4
1 3
2 4
1 1
2 2
1 3
2 4
1 1
2 3
1 1
2 5
1 1
2 6
1 1
2 1
1 1
2 3
1 1
2 1
1 1
2 7
1 1
2 5
1 1
2 4
1 1
2 1
1 1
2 2
1 1
2 8
1 1
2 403
1 1
2 4
1 3
2 3
1 1
2 1
1 1
2 1
1 1
2 1
1 1
2 1
1 2
2 4
1 2
2 4
1 1
2 1
1 1
2 3
1 1
2 2
1 1
2 4
1 1
2 2
1 1
2 6
1 1
2 10
1 1
2 1
1 1
2 2
1 1
2 14
1 1
2 18
1 1
2 369
1 1
2 6
1 1
2 1
1 1
2 4
1 1
2 5
1 1
2 1
1 1
2 4
1 1
2 6
1 1
2 1
1 1
2 5
1 2
2 2
1 1
2 9
1 2
2 5
1 1
2 2
1 1
2 1
1 1
2 24
1 1
2 20
1 1
2 365
1 1
2 2
1 1
2 6
1 1
2 1
1 1
2 5
1 1
2 1
1 1
2 3
1 3
2 4
1 2
2 2
1 1
2 5
1 1
2 6
1 1
2 1
1 2
2 10
1 1
2 2
1 1
2 3
1 1
2 24
1 1
2 22
1 1
2 3
1 1
2 288
1 1
2 78
1 1
2 3
1 1
2 2
1 1
2 5
1 1
2 7
1 1
2 6
1 1
2 1
1 2
2 12
1 1
2 3
1 1
2 7
1 2
2 3
1 1
2 13
1 1
2 7
1 1
2 2
1 1
2 1
1 1
2 16
1 1
2 5
1 1
2 358
1 3
2 2
1 1
2 2
1 1
2 15
1 1
2 3
1 1
2 13
1 2
2 9
1 1
2 4
1 1
2 2
1 1
2 2
1 1
2 2
1 1
2 1
1 1
2 3
1 1
2 10
1 1
2 11
1 1
2 2
1 1
2 2
1 1
2 8
1 1
2 371
1 1
2 1
1 1
2 3
1 1
2 5
1 1
2 6
1 1
2 3
1 3
2 4
1 1
2 2
1 3
2 5
1 1
2 4
1 2
2 7
1 1
2 3
1 1
2 7
1 2
2 3
1 1
2 1
1 1
2 31
1 1
2 370
3 1
1 1
2 4
1 1
2 1
1 1
2 5
1 1
2 6
1 1
2 7
1 1
2 4
1 1
2 5
1 2
2 3
1 3
2 3
1 1
2 14
1 1
2 2
1 1
2 4
1 1
2 22
1 1
2 382
1 1
2 2
1 1
2 1
1 1
2 4
1 1
2 2
1 1
2 2
1 1
2 1
1 3
2 2
1 2
2 11
1 3
2 7
1 1
2 3
1 1
2 2
1 1
2 5
1 1
2 8
1 1
2 33
1 1
2 7
1 1
2 369
1 2
2 3
1 1
2 4
1 2
2 1
1 1
2 2
1 2
2 3
1 1
2 2
1 1
2 6
1 2
2 4
1 2
2 1
1 1
2 6
1 1
2 7
1 1
2 1
1 1
2 7
1 2
2 3
1 1
2 1
1 1
2 2
1 1
2 8
1 1
2 6
1 1
2 1
1 1
2 1
1 1
2 11
1 1
2 372
1 1
2 1
1 1
2 1
1 1
2 9
1 1
2 6
1 1
2 1
1 1
2 1
1 1
2 2
1 1
3 1
1 1
2 12
1 1
2 4
1 2
2 10
1 1
2 7
1 1
2 2
1 1
2 7
1 1
2 2
1 1
2 11
1 1
2 5
1 1
2 12
1 1
2 374
1 1
2 4
1 2
2 2
1 1
2 1
1 1
2 1
1 1
2 5
1 1
2 5
1 2
2 4
1 1
2 12
1 1
2 1
1 1
3 1
1 1
2 6
1 1
2 3
1 1
2 2
1 1
2 3
1 1
2 6
1 1
2 1
1 1
2 21
1 1
2 377
1 1
3 1
1 1
2 2
1 2
2 2
1 1
2 2
1 1
2 2
1 1
2 6
1 1
2 2
1 1
2 1
1 1
2 8
1 1
2 13
1 1
2 5
1 1
2 1
1 1
2 5
1 1
2 8
1 1
2 16
1 1
2 8
1 1
2 12
1 1
2 310
1 1
2 55
1 1
2 3
1 1
2 5
1 1
3 1
2 7
1 2
2 1
1 1
2 1
1 1
3 1
1 1
2 3
1 1
3 1
1 1
2 2
1 1
2 1
1 1
2 3
1 1
2 5
1 1
2 1
1 1
2 3
1 1
2 31
1 1
2 3
1 1
2 13
1 1
2 10
1 1
2 60
1 1
2 247
1 1
2 1
1 1
2 4
1 1
2 52
1 1
2 6
1 2
2 5
1 1
2 5
1 1
2 1
1 1
2 2
1 1
2 2
1 1
2 6
1 1
2 3
1 1
2 1
1 1
2 1
1 1
2 5
1 1
2 1
1 1
2 8
1 1
2 18
1 1
2 89
1 1
2 314
1 1
2 1
1 1
2 7
1 2
2 8
1 1
2 2
1 1
2 2
1 1
2 2
1 1
2 1
1 1
2 1
1 1
2 11
1 1
2 3
1 1
2 10
1 1
2 1
1 1
2 1
1 2
2 3
1 1
2 8
1 1
2 1
1 1
2 28
1 1
2 51
1 1
2 4
1 3
2 319
1 1
2 3
1 2
2 4
1 1
2 3
1 1
2 1
1 1
2 2
1 1
2 2
1 1
2 1
1 1
3 1
1 1
2 2
1 1
2 1
1 1
2 1
1 1
2 1
1 1
2 1
3 1
1 2
2 2
1 1
2 19
1 1
2 10
1 1
2 4
1 1
2 23
1 1
2 48
1 1
2 2
1 1
2 14
1 1
2 221
1 1
2 82
1 1
2 22
1 1
2 2
1 1
2 1
1 1
2 2
1 1
2 2
1 1
2 1
1 1
2 3
1 1
3 1
2 1
1 2
2 2
1 1
2 8
1 1
2 3
1 2
2 43
1 1
2 43
1 1
2 3
1 1
2 14
1 1
2 1
1 1
2 10
1 1
2 28
1 1
2 197
1 1
2 100
1 1
2 2
1 2
2 4
1 1
2 2
1 2
2 5
1 2
2 4
1 1
2 3
1 2
2 2
1 1
2 9
1 1
2 27
1 1
2 71
1 1
2 3
1 1
2 1
1 1
2 4
1 2
2 19
1 1
2 57
1 1
2 139
1 1
2 104
1 1
2 9
1 1
2 1
1 1
2 6
1 1
2 4
1 2
2 2
1 1
2 7
1 1
2 27
1 1
2 14
1 1
2 2
1 1
2 19
1 1
2 22
1 1
2 4
1 1
2 11
1 1
2 5
1 1
2 8
3 1
1 1
2 19
1 1
2 3
1 1
2 53
1 1
2 5
1 1
2 131
1 1
2 8
1 1
2 103
1 1
2 1
1 1
2 1
1 1
2 2
1 1
2 11
1 1
3 1
1 1
2 1
1 1
2 6
1 2
2 21
1 1
2 11
1 1
2 3
1 1
2 3
1 2
2 21
1 1
2 16
1 1
2 3
1 1
2 1
1 1
2 2
1 1
2 27
1 1
2 17
1 1
2 7
1 1
2 1
1 1
2 194
1 1
2 128
1 1
2 4
1 1
2 1
1 1
2 18
1 1
2 21
1 1
2 5
1 1
2 18
1 1
2 1
1 1
2 13
1 1
2 3
1 1
2 5
1 1
2 21
1 1
2 12
1 2
2 11
1 1
2 7
1 1
2 5
1 1
2 4
1 1
2 10
1 2
2 31
1 1
2 143
1 1
2 135
1 2
2 16
1 1
2 18
1 1
2 14
1 1
2 22
1 1
2 2
1 1
2 46
1 1
2 8
1 1
2 211
1 1
2 144
1 1
2 3
1 1
2 3
1 1
2 16
1 1
2 7
1 1
2 6
1 1
2 14
1 1
2 10
1 1
2 40
1 1
2 4
1 1
2 26
1 1
2 22
1 1
2 167
1 1
2 154
1 1
2 1
1 1
2 1
1 1
2 4
1 1
2 11
1 1
2 8
1 1
2 16
1 1
2 55
1 1
2 1
1 1
2 8
1 1
2 11
1 1
2 3
1 1
2 199
1 1
2 180
1 1
2 1
1 2
2 11
1 1
2 3
1 1
2 57
1 1
2 8
1 2
2 29
1 1
2 44
1 1
2 1
1 1
2 136
1 1
2 179
1 1
2 2
1 1
2 9
1 1
2 14
1 1
2 86
1 1
2 3
1 1
2 2
1 1
2 3
1 2
2 36
1 1
2 134
1 1
2 200
1 1
2 50
1 1
2 21
1 1
2 24
1 1
2 2
1 1
2 3
1 1
2 37
1 1
2 322
1 1
2 63
1 1
2 21
1 1
2 33
1 1
2 3
1 1
2 481
1 1
2 31
1 1
2 405
1 1
2 72
1 1
2 449
1 1
2 342
1 1
2 138
1 1
2 28
1 1
2 2
